intern_id,module_id,rating,completion_percentage,quiz_score,time_spent_hours,status
INT_0001,AIML_202,4.0,80,79,12.6,In-Progress
INT_0001,WEB_301,2.0,40,40,15.1,In-Progress
INT_0001,MOB_101,3.0,67,66,13.1,In-Progress
INT_0001,AIML_102,4.0,81,83,12.0,In-Progress
INT_0001,WEB_203,3.5,37,40,8.0,Dropped
INT_0001,MOB_302,3.5,50,45,12.6,In-Progress
INT_0001,AIML_302,5.0,78,77,26.0,In-Progress
INT_0001,CLD_302,2.0,30,40,8.2,Dropped
INT_0001,AIML_201,4.0,77,85,26.2,In-Progress
INT_0001,AIML_303,4.0,54,53,13.2,In-Progress
INT_0001,AIML_101,5.0,96,90,17.5,Completed
INT_0001,AIML_301,3.5,81,74,32.0,In-Progress
INT_0001,CLD_201,3.0,71,67,13.8,In-Progress
INT_0002,DS_202,3.5,55,52,13.8,In-Progress
INT_0002,DS_201,3.5,55,56,11.4,In-Progress
INT_0002,SEC_302,4.5,94,93,30.5,Completed
INT_0002,DS_101,3.5,84,86,21.4,In-Progress
INT_0002,AIML_303,3.0,89,97,19.8,Completed
INT_0002,CLD_201,3.0,71,67,15.7,In-Progress
INT_0002,SEC_101,3.5,94,92,17.2,Completed
INT_0002,CLD_101,4.0,55,54,9.8,In-Progress
INT_0002,WEB_102,3.0,73,70,16.7,In-Progress
INT_0002,AIML_102,4.5,68,72,12.3,In-Progress
INT_0002,CLD_302,3.0,56,68,15.5,In-Progress
INT_0002,CLD_301,4.0,62,63,25.3,In-Progress
INT_0002,SEC_201,4.0,95,100,25.8,Completed
INT_0002,AIML_301,4.0,60,57,20.3,In-Progress
INT_0002,WEB_201,3.5,71,76,23.6,In-Progress
INT_0002,CLD_202,4.0,61,67,18.4,In-Progress
INT_0002,WEB_101,3.5,66,54,10.8,In-Progress
INT_0002,MOB_202,3.5,85,86,21.5,Completed
INT_0002,MOB_302,3.5,75,75,17.2,In-Progress
INT_0002,WEB_202,2.5,78,79,23.3,In-Progress
INT_0002,SEC_202,4.0,100,100,34.0,Completed
INT_0002,SEC_301,4.0,79,83,14.4,In-Progress
INT_0002,DS_103,3.5,93,95,18.6,Completed
INT_0003,DS_201,4.0,58,56,15.6,In-Progress
INT_0003,AIML_303,4.0,84,81,22.0,In-Progress
INT_0003,AIML_302,5.0,100,100,30.0,Completed
INT_0003,CLD_201,4.5,52,49,13.1,In-Progress
INT_0003,DS_302,2.5,82,85,14.2,In-Progress
INT_0003,AIML_101,4.5,92,100,19.0,Completed
INT_0003,AIML_202,4.5,98,100,18.5,Completed
INT_0003,CLD_101,3.5,68,62,12.4,In-Progress
INT_0003,WEB_102,4.5,58,53,18.0,In-Progress
INT_0003,AIML_102,4.5,100,100,15.9,Completed
INT_0003,CLD_302,3.5,59,53,17.1,In-Progress
INT_0003,CLD_301,2.5,62,65,20.6,In-Progress
INT_0003,DS_301,3.5,85,83,26.0,Completed
INT_0003,AIML_201,3.5,89,82,26.6,Completed
INT_0003,CLD_102,3.5,73,82,9.3,In-Progress
INT_0003,MOB_301,4.5,52,54,14.7,In-Progress
INT_0003,AIML_301,4.0,76,88,24.7,In-Progress
INT_0003,WEB_201,3.5,55,58,20.8,In-Progress
INT_0003,WEB_101,3.5,58,57,10.4,In-Progress
INT_0003,WEB_301,3.5,81,67,27.9,In-Progress
INT_0003,WEB_302,4.5,40,40,11.0,In-Progress
INT_0003,SEC_202,3.5,63,65,17.8,In-Progress
INT_0003,MOB_101,3.0,86,90,12.5,Completed
INT_0004,WEB_203,4.5,56,52,13.1,In-Progress
INT_0004,DS_201,3.5,70,63,14.5,In-Progress
INT_0004,SEC_302,4.0,74,69,23.9,In-Progress
INT_0004,DS_101,3.5,78,72,15.9,In-Progress
INT_0004,AIML_302,5.0,69,77,26.0,In-Progress
INT_0004,AIML_303,4.0,100,96,25.0,Completed
INT_0004,DS_302,3.0,74,66,14.2,In-Progress
INT_0004,AIML_101,3.0,100,100,21.7,Completed
INT_0004,AIML_202,4.5,100,99,19.5,Completed
INT_0004,WEB_102,3.5,64,65,17.7,In-Progress
INT_0004,AIML_102,3.5,82,79,15.2,In-Progress
INT_0004,CLD_302,3.5,69,66,16.3,In-Progress
INT_0004,DS_301,3.0,45,47,16.2,In-Progress
INT_0004,AIML_201,5.0,95,96,30.3,Completed
INT_0004,MOB_301,4.0,52,54,14.5,In-Progress
INT_0004,AIML_301,3.5,74,70,25.0,In-Progress
INT_0004,CLD_202,3.5,60,60,19.2,In-Progress
INT_0004,WEB_301,3.0,48,43,18.2,In-Progress
INT_0004,MOB_302,3.0,71,62,15.5,In-Progress
INT_0004,WEB_202,4.0,67,62,15.9,In-Progress
INT_0004,WEB_302,4.0,72,64,14.6,In-Progress
INT_0004,DS_103,5.0,63,68,9.5,In-Progress
INT_0005,CLD_202,3.0,67,65,20.6,In-Progress
INT_0005,AIML_202,3.0,86,89,16.8,Completed
INT_0005,WEB_101,3.5,51,55,9.3,In-Progress
INT_0005,WEB_301,2.5,37,40,11.5,Dropped
INT_0005,MOB_201,4.5,100,100,33.4,Completed
INT_0005,SEC_201,4.0,77,81,16.9,In-Progress
INT_0005,WEB_203,4.0,46,45,11.9,In-Progress
INT_0005,MOB_202,4.5,92,93,28.0,Completed
INT_0005,MOB_302,2.5,70,68,18.0,In-Progress
INT_0005,DS_202,3.5,73,73,15.0,In-Progress
INT_0005,SEC_202,3.5,48,50,12.7,In-Progress
INT_0005,SEC_301,3.0,34,40,6.3,Dropped
INT_0005,SEC_302,2.5,44,40,13.9,In-Progress
INT_0005,MOB_101,5.0,72,73,11.4,In-Progress
INT_0005,MOB_301,4.5,98,98,26.3,Completed
INT_0006,CLD_202,3.5,81,92,28.3,In-Progress
INT_0006,AIML_202,3.5,44,40,8.4,In-Progress
INT_0006,WEB_101,3.5,61,54,9.9,In-Progress
INT_0006,WEB_203,3.0,41,40,9.6,In-Progress
INT_0006,DS_302,5.0,87,86,17.9,Completed
INT_0006,DS_202,4.5,100,100,22.1,Completed
INT_0006,DS_102,4.0,83,79,14.1,In-Progress
INT_0006,DS_301,3.0,59,58,24.3,In-Progress
INT_0006,DS_201,5.0,83,78,22.4,In-Progress
INT_0006,SEC_302,3.0,31,40,9.0,Dropped
INT_0006,DS_101,5.0,100,96,25.1,Completed
INT_0006,AIML_302,2.5,46,51,15.5,In-Progress
INT_0006,DS_103,4.0,80,73,15.2,In-Progress
INT_0006,WEB_201,3.0,54,53,16.0,In-Progress
INT_0007,CLD_202,3.5,67,66,20.5,In-Progress
INT_0007,MOB_201,4.5,79,80,23.0,In-Progress
INT_0007,DS_202,4.5,100,100,24.4,Completed
INT_0007,DS_302,4.0,100,100,22.4,Completed
INT_0007,SEC_302,3.5,46,51,13.7,In-Progress
INT_0007,DS_101,5.0,82,84,20.5,In-Progress
INT_0007,DS_301,3.5,66,72,20.4,In-Progress
INT_0007,DS_201,3.5,95,97,23.1,Completed
INT_0007,SEC_202,3.5,65,58,21.0,In-Progress
INT_0007,MOB_301,4.0,82,83,17.0,In-Progress
INT_0007,DS_102,4.5,100,99,16.1,Completed
INT_0007,AIML_302,3.0,42,44,11.7,In-Progress
INT_0007,CLD_102,4.0,52,52,7.6,In-Progress
INT_0007,DS_103,4.0,84,84,16.8,In-Progress
INT_0008,MOB_201,4.0,94,100,30.9,Completed
INT_0008,WEB_203,3.5,44,41,11.4,In-Progress
INT_0008,CLD_201,2.5,38,40,8.9,Dropped
INT_0008,AIML_303,3.5,78,84,17.3,In-Progress
INT_0008,DS_302,4.0,63,72,12.0,In-Progress
INT_0008,AIML_101,3.0,75,73,13.4,In-Progress
INT_0008,WEB_102,3.0,82,81,25.3,In-Progress
INT_0008,CLD_302,4.5,68,66,21.4,In-Progress
INT_0008,DS_301,4.0,70,73,21.3,In-Progress
INT_0008,CLD_102,4.5,79,81,12.1,In-Progress
INT_0008,MOB_301,4.0,100,99,20.4,Completed
INT_0008,AIML_301,2.5,45,47,19.2,In-Progress
INT_0008,WEB_201,3.5,42,40,14.4,In-Progress
INT_0008,CLD_202,2.0,77,71,26.8,In-Progress
INT_0008,WEB_101,3.0,64,63,11.7,In-Progress
INT_0008,MOB_302,3.5,96,100,17.4,Completed
INT_0008,MOB_202,4.5,65,63,14.2,In-Progress
INT_0008,WEB_202,3.0,62,58,15.4,In-Progress
INT_0008,SEC_301,4.5,72,69,13.9,In-Progress
INT_0008,MOB_101,4.5,93,89,17.6,Completed
INT_0009,WEB_101,3.5,57,60,10.8,In-Progress
INT_0009,CLD_101,4.0,58,63,11.4,In-Progress
INT_0009,WEB_102,4.5,67,77,17.9,In-Progress
INT_0009,AIML_102,3.0,60,61,8.3,In-Progress
INT_0009,WEB_203,3.0,59,57,15.2,In-Progress
INT_0009,WEB_202,4.0,52,49,16.4,In-Progress
INT_0009,CLD_301,3.5,90,98,28.6,Completed
INT_0009,DS_101,4.0,51,53,12.0,In-Progress
INT_0009,CLD_302,3.5,44,45,13.7,In-Progress
INT_0009,SEC_101,5.0,67,62,11.2,In-Progress
INT_0009,SEC_202,4.5,100,100,30.7,Completed
INT_0009,SEC_301,4.0,70,67,15.9,In-Progress
INT_0009,SEC_302,5.0,100,96,30.8,Completed
INT_0009,DS_102,4.0,68,66,10.4,In-Progress
INT_0009,AIML_302,4.0,60,63,18.8,In-Progress
INT_0009,SEC_201,2.5,76,77,17.7,In-Progress
INT_0009,DS_103,3.0,78,75,16.1,In-Progress
INT_0009,WEB_201,4.0,46,44,12.8,In-Progress
INT_0010,AIML_202,4.5,74,78,12.7,In-Progress
INT_0010,AIML_102,4.0,97,90,17.2,Completed
INT_0010,DS_302,3.5,60,58,13.4,In-Progress
INT_0010,AIML_302,5.0,94,100,35.2,Completed
INT_0010,CLD_301,3.5,62,61,22.1,In-Progress
INT_0010,WEB_302,3.5,63,57,17.7,In-Progress
INT_0010,DS_201,3.5,41,45,9.8,In-Progress
INT_0010,CLD_102,4.0,39,53,6.4,Dropped
INT_0010,AIML_201,5.0,77,80,27.8,In-Progress
INT_0010,AIML_303,4.0,93,89,22.0,Completed
INT_0010,AIML_101,4.5,92,96,21.2,Completed
INT_0010,MOB_301,4.0,64,74,16.2,In-Progress
INT_0010,AIML_301,4.5,100,100,34.5,Completed
INT_0011,WEB_203,4.5,51,59,11.8,In-Progress
INT_0011,DS_202,4.0,55,54,13.7,In-Progress
INT_0011,SEC_302,3.0,44,51,13.7,In-Progress
INT_0011,DS_101,3.5,76,81,18.6,In-Progress
INT_0011,AIML_303,2.0,48,51,11.3,In-Progress
INT_0011,AIML_302,2.5,41,40,12.7,In-Progress
INT_0011,CLD_201,4.0,74,65,17.4,In-Progress
INT_0011,DS_302,3.0,39,40,7.0,Dropped
INT_0011,SEC_101,3.0,67,63,12.5,In-Progress
INT_0011,AIML_101,3.0,92,96,18.3,Completed
INT_0011,AIML_202,3.5,59,58,9.8,In-Progress
INT_0011,CLD_101,3.5,70,75,12.8,In-Progress
INT_0011,CLD_302,5.0,73,75,22.5,In-Progress
INT_0011,CLD_301,4.0,68,68,20.1,In-Progress
INT_0011,DS_301,3.0,37,40,11.1,Dropped
INT_0011,CLD_102,3.0,88,83,15.0,Completed
INT_0011,AIML_301,2.0,20,40,8.0,Dropped
INT_0011,WEB_201,3.0,76,71,22.2,In-Progress
INT_0011,CLD_202,4.0,78,80,24.2,In-Progress
INT_0011,WEB_301,2.5,43,40,17.7,In-Progress
INT_0011,MOB_302,3.0,56,55,12.5,In-Progress
INT_0011,MOB_202,3.5,59,59,17.4,In-Progress
INT_0011,WEB_302,3.0,36,40,7.8,Dropped
INT_0011,SEC_301,2.0,60,53,14.5,In-Progress
INT_0012,WEB_203,4.0,99,96,21.2,Completed
INT_0012,DS_101,3.5,78,73,17.7,In-Progress
INT_0012,CLD_201,5.0,71,67,17.7,In-Progress
INT_0012,DS_302,3.5,63,63,13.0,In-Progress
INT_0012,AIML_202,3.5,46,47,7.8,In-Progress
INT_0012,CLD_101,3.5,100,95,17.1,Completed
INT_0012,WEB_102,5.0,100,100,31.1,Completed
INT_0012,AIML_102,4.0,94,92,13.2,Completed
INT_0012,CLD_301,3.5,51,47,17.0,In-Progress
INT_0012,AIML_301,3.5,55,56,24.1,In-Progress
INT_0012,WEB_201,3.5,95,100,29.3,Completed
INT_0012,WEB_101,5.0,85,93,14.8,Completed
INT_0012,WEB_301,4.5,91,87,37.4,Completed
INT_0012,MOB_302,4.0,53,53,9.9,In-Progress
INT_0012,MOB_202,3.0,84,82,20.9,In-Progress
INT_0012,WEB_202,5.0,97,91,32.7,Completed
INT_0012,WEB_302,4.0,90,93,24.5,Completed
INT_0012,SEC_202,5.0,69,69,18.4,In-Progress
INT_0012,SEC_301,3.5,71,73,16.8,In-Progress
INT_0012,DS_102,3.5,59,49,8.7,In-Progress
INT_0013,CLD_101,4.0,90,84,15.9,Completed
INT_0013,WEB_102,3.5,75,75,18.9,In-Progress
INT_0013,MOB_201,4.5,96,98,27.5,Completed
INT_0013,WEB_203,3.5,55,57,11.4,In-Progress
INT_0013,MOB_202,4.0,90,90,26.5,Completed
INT_0013,MOB_302,4.5,99,100,19.2,Completed
INT_0013,DS_302,4.0,34,40,5.9,Dropped
INT_0013,SEC_101,3.0,62,62,12.8,In-Progress
INT_0013,DS_301,4.0,43,40,15.2,In-Progress
INT_0013,AIML_201,3.0,63,56,20.2,In-Progress
INT_0013,SEC_302,4.0,53,55,12.7,In-Progress
INT_0013,MOB_101,4.5,100,100,20.7,Completed
INT_0013,MOB_301,4.0,83,80,17.3,In-Progress
INT_0013,WEB_201,3.0,61,59,20.2,In-Progress
INT_0014,MOB_101,3.5,46,50,8.5,In-Progress
INT_0014,WEB_203,2.0,76,69,15.9,In-Progress
INT_0014,DS_202,4.0,100,98,23.9,Completed
INT_0014,DS_302,4.0,58,55,11.6,In-Progress
INT_0014,MOB_302,3.0,28,40,6.3,Dropped
INT_0014,CLD_302,3.5,38,40,9.5,Dropped
INT_0014,CLD_301,2.0,54,49,18.8,In-Progress
INT_0014,DS_101,3.5,70,77,17.6,In-Progress
INT_0014,DS_301,3.5,78,72,26.8,In-Progress
INT_0014,DS_201,4.5,84,94,21.5,In-Progress
INT_0014,SEC_202,3.0,68,71,21.8,In-Progress
INT_0014,AIML_201,3.5,55,57,17.0,In-Progress
INT_0014,SEC_101,3.0,62,62,9.3,In-Progress
INT_0014,SEC_201,3.5,67,60,15.3,In-Progress
INT_0014,DS_102,3.5,98,100,13.4,Completed
INT_0014,AIML_101,4.5,73,77,15.1,In-Progress
INT_0014,CLD_102,3.0,49,46,6.5,In-Progress
INT_0014,DS_103,5.0,96,98,14.1,Completed
INT_0015,MOB_201,5.0,82,90,27.5,In-Progress
INT_0015,WEB_203,4.0,77,75,19.6,In-Progress
INT_0015,DS_201,3.0,57,50,13.5,In-Progress
INT_0015,CLD_201,5.0,76,74,19.1,In-Progress
INT_0015,DS_302,3.5,48,52,10.6,In-Progress
INT_0015,SEC_101,3.5,68,66,13.5,In-Progress
INT_0015,AIML_101,4.5,75,78,15.7,In-Progress
INT_0015,AIML_202,3.5,49,50,9.6,In-Progress
INT_0015,CLD_101,4.0,90,82,17.8,Completed
INT_0015,WEB_102,4.0,85,86,20.8,Completed
INT_0015,AIML_102,5.0,86,89,16.1,Completed
INT_0015,CLD_302,4.0,73,72,17.2,In-Progress
INT_0015,CLD_301,2.5,74,69,30.7,In-Progress
INT_0015,MOB_301,3.5,54,51,13.3,In-Progress
INT_0015,AIML_301,3.0,48,55,16.4,In-Progress
INT_0015,CLD_102,5.0,82,81,13.8,In-Progress
INT_0015,CLD_202,4.0,72,66,19.3,In-Progress
INT_0015,WEB_101,4.0,60,68,12.0,In-Progress
INT_0015,WEB_301,2.5,20,40,6.8,Dropped
INT_0015,WEB_202,2.5,80,77,24.1,In-Progress
INT_0015,SEC_202,5.0,66,62,20.8,In-Progress
INT_0015,SEC_301,4.0,54,59,10.9,In-Progress
INT_0015,DS_102,4.0,64,70,8.3,In-Progress
INT_0015,DS_103,3.5,59,62,11.5,In-Progress
INT_0016,WEB_102,4.0,31,40,7.1,Dropped
INT_0016,WEB_203,3.0,42,41,9.6,In-Progress
INT_0016,DS_302,4.0,92,94,17.7,Completed
INT_0016,DS_202,5.0,96,94,23.7,Completed
INT_0016,DS_102,3.5,100,90,15.9,Completed
INT_0016,DS_301,3.0,51,51,16.6,In-Progress
INT_0016,DS_201,3.0,100,99,27.2,Completed
INT_0016,SEC_202,4.0,58,52,15.5,In-Progress
INT_0016,AIML_201,2.0,67,65,20.6,In-Progress
INT_0016,SEC_301,4.0,34,40,7.8,Dropped
INT_0016,DS_101,4.5,94,91,21.9,Completed
INT_0016,AIML_302,2.5,37,40,14.0,Dropped
INT_0016,CLD_102,3.0,54,49,9.1,In-Progress
INT_0016,DS_103,5.0,86,85,12.6,Completed
INT_0017,CLD_202,3.0,66,60,19.7,In-Progress
INT_0017,AIML_202,4.0,61,61,12.4,In-Progress
INT_0017,DS_102,4.5,88,84,12.4,Completed
INT_0017,DS_202,4.5,74,75,16.1,In-Progress
INT_0017,DS_302,3.5,90,91,16.8,Completed
INT_0017,WEB_302,2.5,30,40,7.3,Dropped
INT_0017,DS_301,4.0,61,61,23.1,In-Progress
INT_0017,DS_201,3.5,91,85,19.3,Completed
INT_0017,AIML_201,2.0,59,69,17.6,In-Progress
INT_0017,DS_101,4.5,100,100,24.5,Completed
INT_0017,AIML_101,3.0,57,56,12.5,In-Progress
INT_0017,CLD_102,3.0,55,52,9.3,In-Progress
INT_0017,DS_103,3.5,72,72,14.4,In-Progress
INT_0018,CLD_202,3.5,46,50,14.4,In-Progress
INT_0018,WEB_101,4.0,78,77,14.5,In-Progress
INT_0018,WEB_301,3.0,78,78,25.3,In-Progress
INT_0018,WEB_102,3.5,94,100,26.0,Completed
INT_0018,AIML_202,3.5,80,80,12.3,In-Progress
INT_0018,WEB_203,4.5,100,100,20.5,Completed
INT_0018,DS_302,3.5,60,55,11.6,In-Progress
INT_0018,WEB_202,4.5,81,82,26.4,In-Progress
INT_0018,WEB_302,3.5,81,80,23.1,In-Progress
INT_0018,DS_201,4.0,78,85,16.6,In-Progress
INT_0018,SEC_301,2.5,51,56,12.1,In-Progress
INT_0018,SEC_201,5.0,55,57,15.0,In-Progress
INT_0018,AIML_101,3.5,80,74,15.7,In-Progress
INT_0018,AIML_301,3.5,38,44,13.9,Dropped
INT_0018,WEB_201,5.0,89,84,31.6,Completed
INT_0019,DS_202,3.5,58,55,12.1,In-Progress
INT_0019,DS_201,4.5,61,67,14.0,In-Progress
INT_0019,SEC_302,4.5,63,69,21.2,In-Progress
INT_0019,AIML_303,2.5,43,40,11.1,In-Progress
INT_0019,CLD_201,4.5,60,62,14.8,In-Progress
INT_0019,SEC_101,4.5,73,73,11.9,In-Progress
INT_0019,CLD_101,5.0,77,70,15.7,In-Progress
INT_0019,DS_301,3.0,45,48,14.5,In-Progress
INT_0019,AIML_201,4.5,68,71,21.4,In-Progress
INT_0019,SEC_201,4.0,78,83,19.2,In-Progress
INT_0019,MOB_301,3.5,68,67,14.1,In-Progress
INT_0019,AIML_301,2.5,38,40,13.5,Dropped
INT_0019,WEB_201,3.5,59,62,22.4,In-Progress
INT_0019,MOB_202,4.0,72,67,21.3,In-Progress
INT_0019,WEB_302,3.5,47,45,9.8,In-Progress
INT_0019,SEC_202,4.5,100,98,25.3,Completed
INT_0019,SEC_301,3.0,42,40,9.6,In-Progress
INT_0019,MOB_101,3.0,52,56,10.5,In-Progress
INT_0019,DS_103,4.5,73,69,10.7,In-Progress
INT_0020,WEB_203,3.5,78,73,14.6,In-Progress
INT_0020,DS_202,3.5,68,71,16.8,In-Progress
INT_0020,DS_201,3.5,77,63,17.4,In-Progress
INT_0020,SEC_302,4.0,82,80,24.3,In-Progress
INT_0020,AIML_303,2.5,51,59,12.8,In-Progress
INT_0020,DS_302,4.5,52,55,10.3,In-Progress
INT_0020,SEC_101,4.0,79,89,16.2,In-Progress
INT_0020,AIML_202,3.5,82,85,14.5,In-Progress
INT_0020,CLD_301,2.5,42,40,14.6,In-Progress
INT_0020,DS_301,2.0,37,40,11.6,Dropped
INT_0020,AIML_201,2.5,74,74,18.7,In-Progress
INT_0020,SEC_201,3.5,100,97,24.8,Completed
INT_0020,AIML_301,1.5,41,40,13.4,In-Progress
INT_0020,CLD_202,4.0,54,55,15.7,In-Progress
INT_0020,WEB_101,4.0,65,74,13.5,In-Progress
INT_0020,WEB_301,3.0,35,40,11.8,Dropped
INT_0020,MOB_202,2.5,45,46,12.3,In-Progress
INT_0020,SEC_202,4.5,100,97,35.9,Completed
INT_0020,SEC_301,3.0,66,74,12.5,In-Progress
INT_0020,MOB_101,4.0,55,43,9.2,In-Progress
INT_0020,DS_103,3.5,53,52,7.9,In-Progress
INT_0021,MOB_201,3.5,71,70,23.2,In-Progress
INT_0021,WEB_203,3.0,81,80,18.7,In-Progress
INT_0021,SEC_302,4.5,92,95,29.9,Completed
INT_0021,DS_101,3.0,69,63,12.5,In-Progress
INT_0021,AIML_303,3.5,44,40,10.6,In-Progress
INT_0021,SEC_101,4.0,91,91,15.1,Completed
INT_0021,AIML_101,3.0,75,81,16.7,In-Progress
INT_0021,WEB_102,3.0,86,80,21.1,Completed
INT_0021,AIML_102,4.0,61,68,11.2,In-Progress
INT_0021,CLD_301,4.0,68,67,22.4,In-Progress
INT_0021,DS_301,4.0,42,47,15.3,In-Progress
INT_0021,SEC_201,5.0,100,94,23.6,Completed
INT_0021,CLD_102,3.5,53,50,6.8,In-Progress
INT_0021,MOB_301,4.5,81,78,19.0,In-Progress
INT_0021,WEB_201,3.5,78,72,26.7,In-Progress
INT_0021,WEB_301,3.0,57,56,21.4,In-Progress
INT_0021,MOB_202,4.0,64,58,14.0,In-Progress
INT_0021,MOB_302,4.0,65,62,11.9,In-Progress
INT_0021,WEB_202,3.5,51,49,12.1,In-Progress
INT_0021,WEB_302,3.5,84,86,17.5,In-Progress
INT_0021,SEC_202,4.0,88,89,30.9,Completed
INT_0021,SEC_301,5.0,94,93,19.8,Completed
INT_0021,MOB_101,4.0,71,60,10.9,In-Progress
INT_0021,DS_103,4.5,91,94,15.7,Completed
INT_0022,CLD_101,4.0,52,47,8.1,In-Progress
INT_0022,MOB_201,4.0,84,74,26.6,In-Progress
INT_0022,WEB_203,4.0,62,56,14.3,In-Progress
INT_0022,MOB_202,2.5,86,91,23.7,Completed
INT_0022,MOB_302,4.5,59,52,10.8,In-Progress
INT_0022,DS_302,5.0,46,47,9.2,In-Progress
INT_0022,CLD_302,3.0,35,40,11.1,Dropped
INT_0022,DS_202,4.0,60,61,13.1,In-Progress
INT_0022,WEB_302,3.0,43,48,9.9,In-Progress
INT_0022,WEB_202,3.0,57,54,16.4,In-Progress
INT_0022,DS_301,3.5,72,70,28.7,In-Progress
INT_0022,SEC_101,3.5,68,70,12.3,In-Progress
INT_0022,MOB_101,4.5,100,98,20.1,Completed
INT_0022,MOB_301,4.5,54,57,10.8,In-Progress
INT_0022,AIML_301,3.0,63,61,26.2,In-Progress
INT_0023,WEB_301,2.5,44,40,17.2,In-Progress
INT_0023,WEB_102,3.0,54,50,16.6,In-Progress
INT_0023,AIML_102,4.0,71,74,12.7,In-Progress
INT_0023,DS_302,4.5,95,92,20.6,Completed
INT_0023,DS_202,5.0,98,99,18.3,Completed
INT_0023,DS_102,5.0,80,79,11.9,In-Progress
INT_0023,MOB_202,3.0,63,59,18.5,In-Progress
INT_0023,DS_301,3.0,65,68,21.2,In-Progress
INT_0023,DS_201,4.0,80,83,16.2,In-Progress
INT_0023,SEC_202,4.0,63,59,18.0,In-Progress
INT_0023,SEC_101,3.0,53,57,8.7,In-Progress
INT_0023,DS_101,4.0,71,70,16.4,In-Progress
INT_0023,AIML_303,3.0,43,49,9.0,In-Progress
INT_0023,DS_103,3.5,90,95,15.5,Completed
INT_0024,AIML_202,5.0,100,100,15.9,Completed
INT_0024,WEB_301,2.5,50,52,19.5,In-Progress
INT_0024,WEB_102,4.0,98,99,23.7,Completed
INT_0024,MOB_201,3.5,42,41,11.2,In-Progress
INT_0024,AIML_102,4.0,91,86,12.3,Completed
INT_0024,WEB_203,4.5,57,57,11.5,In-Progress
INT_0024,DS_103,3.5,66,70,10.8,In-Progress
INT_0024,MOB_202,3.0,61,57,14.8,In-Progress
INT_0024,DS_302,3.5,75,76,14.5,In-Progress
INT_0024,AIML_303,3.5,62,65,17.5,In-Progress
INT_0024,CLD_301,3.0,33,40,12.2,Dropped
INT_0024,WEB_302,2.5,46,41,11.8,In-Progress
INT_0024,AIML_201,4.5,92,88,31.2,Completed
INT_0024,AIML_302,3.0,59,59,18.5,In-Progress
INT_0024,AIML_101,4.0,97,89,17.2,Completed
INT_0024,AIML_301,2.0,48,40,15.5,In-Progress
INT_0025,WEB_203,3.5,82,83,16.2,In-Progress
INT_0025,DS_201,4.0,60,70,16.5,In-Progress
INT_0025,DS_101,4.0,52,44,9.9,In-Progress
INT_0025,AIML_303,4.0,80,84,18.1,In-Progress
INT_0025,AIML_302,2.5,84,79,31.7,In-Progress
INT_0025,CLD_201,4.0,54,46,10.0,In-Progress
INT_0025,SEC_101,3.5,52,55,7.5,In-Progress
INT_0025,AIML_101,4.0,71,65,11.6,In-Progress
INT_0025,AIML_202,4.0,78,65,13.9,In-Progress
INT_0025,CLD_101,3.5,64,64,11.1,In-Progress
INT_0025,AIML_102,4.0,96,90,17.4,Completed
INT_0025,CLD_301,3.5,41,48,16.9,In-Progress
INT_0025,DS_301,3.0,47,45,13.6,In-Progress
INT_0025,AIML_201,4.0,100,96,31.0,Completed
INT_0025,SEC_201,3.0,47,47,12.8,In-Progress
INT_0025,AIML_301,3.5,73,76,27.7,In-Progress
INT_0025,WEB_201,2.5,55,54,19.8,In-Progress
INT_0025,CLD_202,2.5,56,55,20.1,In-Progress
INT_0025,WEB_101,3.5,67,60,10.5,In-Progress
INT_0025,WEB_302,2.5,44,40,11.7,In-Progress
INT_0025,SEC_301,2.0,42,44,8.9,In-Progress
INT_0025,DS_102,4.5,50,54,7.3,In-Progress
INT_0025,MOB_101,3.5,70,74,13.3,In-Progress
INT_0025,DS_103,3.5,51,50,10.5,In-Progress
INT_0026,WEB_101,3.5,92,100,13.7,Completed
INT_0026,WEB_301,4.5,100,96,34.7,Completed
INT_0026,WEB_102,3.0,100,92,22.1,Completed
INT_0026,AIML_202,3.5,70,71,11.2,In-Progress
INT_0026,WEB_203,3.5,95,100,17.7,Completed
INT_0026,DS_202,3.0,66,66,12.9,In-Progress
INT_0026,WEB_202,4.5,90,86,25.5,Completed
INT_0026,CLD_301,4.0,53,57,19.6,In-Progress
INT_0026,WEB_302,4.0,95,100,23.0,Completed
INT_0026,CLD_302,4.0,72,70,18.6,In-Progress
INT_0026,SEC_202,3.0,72,76,24.0,In-Progress
INT_0026,DS_102,3.5,63,58,8.0,In-Progress
INT_0026,AIML_301,5.0,62,60,23.0,In-Progress
INT_0026,WEB_201,4.0,73,64,26.3,In-Progress
INT_0027,MOB_201,2.5,77,73,24.3,In-Progress
INT_0027,WEB_203,4.0,81,74,16.1,In-Progress
INT_0027,DS_202,3.5,53,50,13.6,In-Progress
INT_0027,SEC_302,4.0,46,55,13.5,In-Progress
INT_0027,AIML_302,4.0,41,40,15.5,In-Progress
INT_0027,SEC_101,3.5,100,97,17.4,Completed
INT_0027,AIML_202,2.5,64,57,10.6,In-Progress
INT_0027,CLD_101,4.0,60,62,8.9,In-Progress
INT_0027,WEB_102,2.0,67,69,16.6,In-Progress
INT_0027,AIML_102,4.0,77,80,13.4,In-Progress
INT_0027,CLD_302,1.5,43,40,10.6,In-Progress
INT_0027,AIML_201,3.5,73,60,18.8,In-Progress
INT_0027,SEC_201,3.5,76,79,20.0,In-Progress
INT_0027,WEB_201,3.0,61,66,18.7,In-Progress
INT_0027,CLD_202,4.5,53,50,15.6,In-Progress
INT_0027,WEB_101,4.0,82,73,15.3,In-Progress
INT_0027,WEB_301,3.0,30,40,11.6,Dropped
INT_0027,MOB_202,4.0,71,71,15.6,In-Progress
INT_0027,MOB_302,3.0,21,40,5.1,Dropped
INT_0027,WEB_302,2.0,40,40,9.7,In-Progress
INT_0027,SEC_202,4.5,87,89,28.9,Completed
INT_0027,SEC_301,4.0,74,73,17.4,In-Progress
INT_0027,DS_102,4.0,70,74,9.6,In-Progress
INT_0027,DS_103,3.0,49,42,10.1,In-Progress
INT_0028,AIML_303,3.5,74,76,20.8,In-Progress
INT_0028,AIML_302,4.5,36,40,10.4,Dropped
INT_0028,CLD_201,4.0,75,73,18.5,In-Progress
INT_0028,SEC_101,3.5,64,66,10.2,In-Progress
INT_0028,AIML_101,4.5,96,98,15.9,Completed
INT_0028,AIML_202,4.0,100,100,19.9,Completed
INT_0028,AIML_102,4.5,83,72,11.9,In-Progress
INT_0028,CLD_302,3.5,26,40,8.4,Dropped
INT_0028,DS_301,3.5,47,50,17.0,In-Progress
INT_0028,AIML_201,3.5,90,86,25.6,Completed
INT_0028,SEC_201,3.0,48,40,12.6,In-Progress
INT_0028,MOB_301,4.5,56,55,15.0,In-Progress
INT_0028,CLD_102,3.5,44,40,5.7,In-Progress
INT_0028,AIML_301,4.0,71,70,28.7,In-Progress
INT_0028,WEB_201,4.5,82,80,29.5,In-Progress
INT_0028,WEB_101,3.0,61,58,9.9,In-Progress
INT_0028,WEB_301,3.0,39,40,12.1,Dropped
INT_0028,MOB_302,2.5,58,54,13.7,In-Progress
INT_0028,WEB_202,2.5,53,45,13.5,In-Progress
INT_0028,WEB_302,2.5,20,40,4.5,Dropped
INT_0028,DS_102,3.5,65,61,8.5,In-Progress
INT_0028,MOB_101,3.5,63,63,9.4,In-Progress
INT_0029,CLD_202,5.0,100,93,25.4,Completed
INT_0029,WEB_101,4.0,79,84,14.5,In-Progress
INT_0029,CLD_101,3.5,78,83,16.0,In-Progress
INT_0029,AIML_102,4.0,62,63,10.6,In-Progress
INT_0029,MOB_302,4.0,79,77,17.9,In-Progress
INT_0029,MOB_202,3.5,61,52,18.8,In-Progress
INT_0029,CLD_302,5.0,85,87,28.5,Completed
INT_0029,CLD_301,4.0,79,78,30.3,In-Progress
INT_0029,DS_301,3.5,74,71,28.2,In-Progress
INT_0029,DS_201,2.5,65,64,16.4,In-Progress
INT_0029,AIML_201,3.0,73,70,20.0,In-Progress
INT_0029,SEC_301,4.0,69,71,12.5,In-Progress
INT_0029,DS_101,3.0,56,51,10.4,In-Progress
INT_0029,CLD_201,4.0,100,98,22.9,Completed
INT_0029,CLD_102,4.0,92,94,16.4,Completed
INT_0029,DS_103,4.0,48,49,8.8,In-Progress
INT_0029,WEB_201,4.0,75,71,23.6,In-Progress
INT_0030,WEB_203,3.5,66,69,14.7,In-Progress
INT_0030,SEC_302,3.0,48,49,15.2,In-Progress
INT_0030,DS_101,4.0,90,86,18.0,Completed
INT_0030,AIML_303,2.5,60,69,16.8,In-Progress
INT_0030,CLD_201,3.0,59,50,10.7,In-Progress
INT_0030,DS_302,3.5,41,40,9.4,In-Progress
INT_0030,SEC_101,4.0,93,91,15.8,Completed
INT_0030,AIML_101,3.0,74,72,12.4,In-Progress
INT_0030,WEB_102,3.5,71,65,21.3,In-Progress
INT_0030,CLD_302,3.0,51,49,13.6,In-Progress
INT_0030,CLD_301,2.5,41,40,14.6,In-Progress
INT_0030,SEC_201,3.5,74,76,16.7,In-Progress
INT_0030,CLD_102,4.0,51,44,7.9,In-Progress
INT_0030,AIML_301,2.5,29,40,9.9,Dropped
INT_0030,CLD_202,5.0,70,74,24.2,In-Progress
INT_0030,WEB_301,3.0,47,57,14.5,In-Progress
INT_0030,WEB_202,3.0,53,55,16.2,In-Progress
INT_0030,SEC_202,4.0,86,90,26.6,Completed
INT_0030,SEC_301,4.0,61,63,12.7,In-Progress
INT_0030,MOB_101,3.5,61,73,9.7,In-Progress
INT_0031,MOB_201,4.0,63,60,17.5,In-Progress
INT_0031,WEB_203,5.0,100,92,22.3,Completed
INT_0031,DS_101,2.5,78,83,15.1,In-Progress
INT_0031,AIML_303,2.0,65,66,15.9,In-Progress
INT_0031,DS_302,4.0,68,63,11.6,In-Progress
INT_0031,AIML_202,3.0,60,55,10.1,In-Progress
INT_0031,WEB_102,5.0,88,88,23.3,Completed
INT_0031,AIML_102,3.5,64,77,11.1,In-Progress
INT_0031,CLD_301,3.0,51,55,14.8,In-Progress
INT_0031,AIML_201,4.0,86,87,29.8,Completed
INT_0031,SEC_201,4.0,39,40,10.4,Dropped
INT_0031,AIML_301,3.0,62,57,22.9,In-Progress
INT_0031,WEB_201,4.5,86,90,28.8,Completed
INT_0031,WEB_101,4.0,92,98,15.8,Completed
INT_0031,WEB_301,4.0,77,73,25.6,In-Progress
INT_0031,MOB_202,3.0,62,58,17.7,In-Progress
INT_0031,WEB_202,3.0,100,100,23.5,Completed
INT_0031,WEB_302,5.0,76,74,20.4,In-Progress
INT_0031,SEC_202,3.5,68,75,17.6,In-Progress
INT_0031,DS_102,4.0,82,85,14.0,In-Progress
INT_0032,AIML_202,4.5,76,76,14.2,In-Progress
INT_0032,WEB_301,3.5,48,45,19.3,In-Progress
INT_0032,DS_103,3.5,69,70,13.3,In-Progress
INT_0032,WEB_101,4.5,77,77,14.2,In-Progress
INT_0032,AIML_102,5.0,88,81,15.7,Completed
INT_0032,MOB_302,2.5,32,40,6.3,Dropped
INT_0032,DS_202,3.0,75,74,16.5,In-Progress
INT_0032,AIML_303,3.0,83,85,22.2,In-Progress
INT_0032,WEB_302,3.5,51,45,11.3,In-Progress
INT_0032,SEC_101,3.5,71,65,11.1,In-Progress
INT_0032,AIML_201,3.5,77,80,24.5,In-Progress
INT_0032,SEC_201,4.0,50,52,13.2,In-Progress
INT_0032,DS_102,4.0,53,60,8.0,In-Progress
INT_0032,AIML_302,3.5,46,46,14.2,In-Progress
INT_0032,AIML_101,4.0,98,96,22.9,Completed
INT_0032,CLD_102,4.0,68,70,8.8,In-Progress
INT_0032,AIML_301,2.5,78,73,33.4,In-Progress
INT_0032,CLD_201,3.0,62,61,15.0,In-Progress
INT_0033,WEB_101,4.0,68,71,12.6,In-Progress
INT_0033,WEB_301,4.0,80,81,28.8,In-Progress
INT_0033,WEB_102,5.0,100,100,27.2,Completed
INT_0033,AIML_202,3.5,65,63,12.3,In-Progress
INT_0033,WEB_203,5.0,73,70,16.6,In-Progress
INT_0033,MOB_302,3.0,20,40,4.5,Dropped
INT_0033,WEB_202,4.5,89,85,27.1,Completed
INT_0033,CLD_302,2.0,57,66,17.5,In-Progress
INT_0033,WEB_302,3.5,49,53,10.4,In-Progress
INT_0033,SEC_101,4.5,85,87,14.7,Completed
INT_0033,AIML_201,3.0,76,78,20.6,In-Progress
INT_0033,SEC_201,4.5,75,77,21.2,In-Progress
INT_0033,DS_101,4.0,53,68,11.2,In-Progress
INT_0033,AIML_303,3.0,26,40,6.5,Dropped
INT_0033,AIML_301,2.5,20,40,6.4,Dropped
INT_0033,WEB_201,4.0,84,84,31.6,In-Progress
INT_0034,WEB_102,3.5,78,81,18.4,In-Progress
INT_0034,DS_302,5.0,80,84,18.7,In-Progress
INT_0034,DS_202,4.0,93,93,20.2,Completed
INT_0034,CLD_302,3.5,62,60,15.0,In-Progress
INT_0034,DS_101,4.0,92,88,20.0,Completed
INT_0034,DS_301,4.0,86,84,35.5,Completed
INT_0034,DS_201,4.5,69,66,18.5,In-Progress
INT_0034,SEC_202,3.0,52,49,14.6,In-Progress
INT_0034,DS_102,4.5,100,94,13.0,Completed
INT_0034,AIML_303,4.0,58,55,15.9,In-Progress
INT_0034,MOB_101,3.0,51,50,9.2,In-Progress
INT_0034,DS_103,4.5,100,100,15.3,Completed
INT_0034,WEB_201,5.0,47,50,15.4,In-Progress
INT_0035,CLD_202,3.5,55,59,14.2,In-Progress
INT_0035,AIML_202,4.0,75,63,14.3,In-Progress
INT_0035,DS_103,5.0,84,86,13.8,In-Progress
INT_0035,WEB_101,4.0,89,89,18.5,Completed
INT_0035,WEB_301,3.5,75,74,28.7,In-Progress
INT_0035,AIML_102,4.0,60,52,11.1,In-Progress
INT_0035,WEB_203,4.0,60,51,13.0,In-Progress
INT_0035,MOB_202,3.0,59,60,13.9,In-Progress
INT_0035,AIML_302,5.0,100,100,29.8,Completed
INT_0035,AIML_201,4.5,64,68,20.9,In-Progress
INT_0035,AIML_303,4.5,76,73,16.5,In-Progress
INT_0035,AIML_101,4.0,100,97,18.3,Completed
INT_0035,AIML_301,3.5,92,98,33.7,Completed
INT_0036,WEB_101,3.5,66,61,13.1,In-Progress
INT_0036,AIML_202,3.5,70,64,11.1,In-Progress
INT_0036,DS_302,5.0,85,87,15.4,Completed
INT_0036,DS_102,4.5,100,96,15.2,Completed
INT_0036,DS_202,4.5,81,79,17.7,In-Progress
INT_0036,CLD_301,3.0,56,57,19.5,In-Progress
INT_0036,DS_301,4.5,100,98,30.8,Completed
INT_0036,DS_201,3.0,84,81,22.7,In-Progress
INT_0036,DS_101,5.0,82,76,18.1,In-Progress
INT_0036,MOB_101,4.0,67,69,9.9,In-Progress
INT_0036,MOB_301,5.0,65,62,15.4,In-Progress
INT_0036,DS_103,4.0,93,92,14.8,Completed
INT_0037,CLD_202,4.0,92,87,26.1,Completed
INT_0037,CLD_101,4.0,76,73,14.6,In-Progress
INT_0037,DS_202,4.5,68,65,13.5,In-Progress
INT_0037,MOB_302,3.0,62,61,11.5,In-Progress
INT_0037,AIML_303,3.0,58,58,12.7,In-Progress
INT_0037,CLD_302,3.5,64,64,21.2,In-Progress
INT_0037,CLD_301,3.5,73,65,27.4,In-Progress
INT_0037,WEB_302,3.5,34,40,7.6,Dropped
INT_0037,SEC_101,4.0,76,81,14.0,In-Progress
INT_0037,DS_301,2.5,37,40,12.3,Dropped
INT_0037,CLD_201,4.0,84,78,21.4,In-Progress
INT_0037,MOB_101,4.0,51,51,8.1,In-Progress
INT_0037,CLD_102,2.5,100,98,16.8,Completed
INT_0038,WEB_101,4.0,83,78,14.1,In-Progress
INT_0038,MOB_302,4.0,36,40,8.5,Dropped
INT_0038,WEB_302,2.5,32,40,7.5,Dropped
INT_0038,SEC_202,3.5,92,100,26.2,Completed
INT_0038,SEC_101,3.0,89,82,13.8,Completed
INT_0038,DS_301,4.0,41,40,16.5,In-Progress
INT_0038,SEC_301,4.0,54,56,13.3,In-Progress
INT_0038,AIML_201,3.5,87,91,30.7,Completed
INT_0038,DS_201,2.5,53,52,13.2,In-Progress
INT_0038,SEC_302,3.5,52,51,17.5,In-Progress
INT_0038,CLD_201,4.5,72,72,16.0,In-Progress
INT_0038,SEC_201,4.0,69,71,19.4,In-Progress
INT_0038,AIML_301,1.5,29,40,10.1,Dropped
INT_0039,MOB_101,4.5,48,51,8.7,In-Progress
INT_0039,WEB_102,4.0,59,58,14.7,In-Progress
INT_0039,MOB_302,4.5,78,75,16.1,In-Progress
INT_0039,DS_302,2.5,31,40,5.9,Dropped
INT_0039,DS_202,4.0,70,72,14.8,In-Progress
INT_0039,AIML_101,2.5,60,60,12.0,In-Progress
INT_0039,SEC_101,4.5,89,86,15.1,Completed
INT_0039,SEC_202,4.5,78,78,25.9,In-Progress
INT_0039,DS_301,4.0,63,59,19.1,In-Progress
INT_0039,SEC_301,5.0,91,88,19.0,Completed
INT_0039,SEC_302,4.5,63,68,20.2,In-Progress
INT_0039,AIML_302,4.0,79,72,22.3,In-Progress
INT_0039,SEC_201,4.0,77,68,19.8,In-Progress
INT_0040,CLD_202,3.5,67,60,18.1,In-Progress
INT_0040,MOB_201,4.0,75,73,26.3,In-Progress
INT_0040,MOB_202,3.5,93,100,28.6,Completed
INT_0040,MOB_302,3.5,69,67,17.6,In-Progress
INT_0040,DS_202,3.5,73,66,17.5,In-Progress
INT_0040,DS_102,4.5,88,89,13.2,Completed
INT_0040,WEB_302,3.5,46,47,11.3,In-Progress
INT_0040,DS_301,2.5,37,42,12.5,Dropped
INT_0040,SEC_101,3.5,68,67,12.0,In-Progress
INT_0040,CLD_102,4.5,73,64,10.5,In-Progress
INT_0040,SEC_202,3.5,70,65,22.9,In-Progress
INT_0040,DS_101,4.5,81,78,16.3,In-Progress
INT_0040,MOB_101,5.0,100,96,20.4,Completed
INT_0040,MOB_301,4.5,95,89,20.7,Completed
INT_0040,WEB_201,4.0,42,40,12.2,In-Progress
INT_0041,CLD_202,4.0,100,97,35.3,Completed
INT_0041,CLD_101,4.0,80,85,12.4,In-Progress
INT_0041,MOB_302,4.0,35,40,8.7,Dropped
INT_0041,CLD_302,3.5,73,63,17.3,In-Progress
INT_0041,CLD_301,4.0,62,62,24.1,In-Progress
INT_0041,WEB_302,2.5,39,40,11.1,Dropped
INT_0041,SEC_202,4.5,44,45,14.6,In-Progress
INT_0041,SEC_302,3.0,36,40,8.6,Dropped
INT_0041,DS_101,2.5,79,77,19.3,In-Progress
INT_0041,CLD_201,4.0,81,80,16.8,In-Progress
INT_0041,CLD_102,3.5,98,94,12.6,Completed
INT_0041,WEB_201,2.0,60,54,20.0,In-Progress
INT_0042,MOB_201,2.5,68,62,23.3,In-Progress
INT_0042,SEC_302,2.5,45,42,12.2,In-Progress
INT_0042,DS_101,3.0,85,80,15.7,Completed
INT_0042,AIML_302,3.5,60,55,20.8,In-Progress
INT_0042,AIML_303,4.0,71,69,19.7,In-Progress
INT_0042,AIML_101,3.5,80,72,16.8,In-Progress
INT_0042,AIML_202,4.0,96,100,18.9,Completed
INT_0042,CLD_101,3.0,61,57,11.4,In-Progress
INT_0042,WEB_102,4.5,60,58,18.7,In-Progress
INT_0042,AIML_102,4.5,100,97,16.3,Completed
INT_0042,CLD_302,3.0,24,40,6.7,Dropped
INT_0042,CLD_301,3.0,20,40,8.2,Dropped
INT_0042,DS_301,3.0,51,53,18.3,In-Progress
INT_0042,AIML_201,3.5,81,77,28.3,In-Progress
INT_0042,SEC_201,4.0,59,63,15.2,In-Progress
INT_0042,MOB_301,4.5,83,86,19.6,In-Progress
INT_0042,AIML_301,4.5,76,72,26.3,In-Progress
INT_0042,CLD_202,3.0,74,80,20.5,In-Progress
INT_0042,WEB_101,4.0,77,78,11.3,In-Progress
INT_0042,WEB_301,2.5,54,57,17.8,In-Progress
INT_0042,MOB_302,3.0,36,40,6.7,Dropped
INT_0042,MOB_202,3.0,87,80,21.3,Completed
INT_0042,WEB_202,3.5,67,67,16.0,In-Progress
INT_0042,DS_102,3.5,76,76,9.9,In-Progress
INT_0043,WEB_203,5.0,67,63,13.9,In-Progress
INT_0043,AIML_303,3.5,74,76,16.6,In-Progress
INT_0043,AIML_302,3.0,87,88,32.9,Completed
INT_0043,SEC_101,4.0,77,78,12.5,In-Progress
INT_0043,AIML_101,4.5,97,91,20.1,Completed
INT_0043,AIML_202,4.0,90,85,16.8,Completed
INT_0043,CLD_101,4.5,41,44,6.3,In-Progress
INT_0043,AIML_102,4.5,97,95,17.3,Completed
INT_0043,CLD_302,2.5,35,40,8.2,Dropped
INT_0043,CLD_301,2.5,56,61,23.0,In-Progress
INT_0043,DS_301,3.0,47,60,14.0,In-Progress
INT_0043,AIML_201,3.0,100,92,27.9,Completed
INT_0043,SEC_201,4.5,61,57,12.6,In-Progress
INT_0043,MOB_301,4.5,35,41,7.9,Dropped
INT_0043,AIML_301,3.5,55,46,22.5,In-Progress
INT_0043,CLD_102,3.0,78,79,10.4,In-Progress
INT_0043,WEB_201,3.0,85,88,30.1,Completed
INT_0043,WEB_101,4.0,69,77,12.7,In-Progress
INT_0043,WEB_301,3.0,34,40,12.5,Dropped
INT_0043,MOB_302,2.5,44,43,10.0,In-Progress
INT_0043,WEB_202,3.0,54,54,13.0,In-Progress
INT_0043,SEC_301,3.0,29,40,6.7,Dropped
INT_0043,DS_102,4.0,88,87,12.3,Completed
INT_0043,MOB_101,4.0,46,53,7.7,In-Progress
INT_0044,WEB_101,5.0,93,100,14.5,Completed
INT_0044,WEB_301,4.5,100,100,29.1,Completed
INT_0044,WEB_102,4.5,95,94,27.5,Completed
INT_0044,MOB_201,3.0,79,74,26.6,In-Progress
INT_0044,WEB_203,5.0,62,56,15.8,In-Progress
INT_0044,AIML_102,3.5,70,72,11.0,In-Progress
INT_0044,WEB_202,4.5,87,84,24.9,Completed
INT_0044,WEB_302,4.5,78,72,16.2,In-Progress
INT_0044,AIML_302,2.5,62,66,19.6,In-Progress
INT_0044,MOB_301,3.0,88,85,23.7,Completed
INT_0044,DS_103,4.0,77,79,15.8,In-Progress
INT_0044,WEB_201,4.5,75,82,23.9,In-Progress
INT_0045,CLD_202,4.5,54,52,16.0,In-Progress
INT_0045,WEB_301,3.0,31,41,12.4,Dropped
INT_0045,MOB_302,3.5,20,40,4.9,Dropped
INT_0045,SEC_302,3.0,65,69,17.9,In-Progress
INT_0045,CLD_301,3.0,30,40,9.2,Dropped
INT_0045,SEC_101,5.0,73,75,14.4,In-Progress
INT_0045,SEC_202,5.0,89,84,28.7,Completed
INT_0045,DS_201,4.0,71,71,14.8,In-Progress
INT_0045,SEC_301,3.5,71,66,13.0,In-Progress
INT_0045,SEC_201,4.5,59,62,15.2,In-Progress
INT_0045,AIML_303,3.0,56,55,15.8,In-Progress
INT_0045,AIML_101,3.0,60,69,11.4,In-Progress
INT_0045,AIML_301,2.5,41,40,18.1,In-Progress
INT_0046,WEB_203,3.0,58,54,14.2,In-Progress
INT_0046,DS_202,4.5,93,99,19.4,Completed
INT_0046,DS_201,4.5,100,100,26.7,Completed
INT_0046,SEC_302,4.5,46,54,15.3,In-Progress
INT_0046,DS_101,5.0,100,100,22.6,Completed
INT_0046,CLD_201,3.0,81,83,18.0,In-Progress
INT_0046,DS_302,5.0,76,75,13.2,In-Progress
INT_0046,SEC_101,3.0,58,55,9.8,In-Progress
INT_0046,AIML_202,3.5,58,43,9.8,In-Progress
INT_0046,DS_301,5.0,87,87,30.7,Completed
INT_0046,AIML_201,4.5,87,87,31.3,Completed
INT_0046,SEC_201,4.0,90,92,18.2,Completed
INT_0046,CLD_102,3.5,62,61,8.2,In-Progress
INT_0046,AIML_301,3.5,45,45,16.4,In-Progress
INT_0046,WEB_201,4.0,39,44,12.5,Dropped
INT_0046,CLD_202,4.5,33,40,8.4,Dropped
INT_0046,WEB_301,3.0,58,65,19.0,In-Progress
INT_0046,MOB_202,4.0,48,45,10.8,In-Progress
INT_0046,MOB_302,4.0,58,60,12.6,In-Progress
INT_0046,WEB_202,5.0,54,47,17.0,In-Progress
INT_0046,SEC_202,3.5,65,62,19.4,In-Progress
INT_0046,DS_102,3.5,82,87,13.7,In-Progress
INT_0046,DS_103,5.0,69,71,13.8,In-Progress
INT_0047,DS_202,4.0,66,64,12.6,In-Progress
INT_0047,SEC_302,3.5,20,40,6.8,Dropped
INT_0047,DS_101,2.0,69,64,14.6,In-Progress
INT_0047,AIML_303,3.0,50,49,11.7,In-Progress
INT_0047,AIML_302,4.5,78,69,26.4,In-Progress
INT_0047,CLD_201,3.5,50,60,9.8,In-Progress
INT_0047,SEC_101,4.5,79,75,14.2,In-Progress
INT_0047,AIML_101,4.5,77,83,16.5,In-Progress
INT_0047,AIML_202,4.5,86,98,13.1,Completed
INT_0047,CLD_101,3.5,46,47,7.5,In-Progress
INT_0047,AIML_102,5.0,89,87,13.5,Completed
INT_0047,CLD_302,3.0,41,40,10.0,In-Progress
INT_0047,CLD_301,2.0,50,60,17.0,In-Progress
INT_0047,DS_301,3.5,40,41,16.1,In-Progress
INT_0047,AIML_201,5.0,100,100,30.0,Completed
INT_0047,SEC_201,4.0,67,60,14.9,In-Progress
INT_0047,AIML_301,3.5,57,53,20.4,In-Progress
INT_0047,WEB_201,5.0,80,89,22.4,In-Progress
INT_0047,CLD_202,3.0,47,47,13.3,In-Progress
INT_0047,WEB_301,3.5,35,40,14.3,Dropped
INT_0047,MOB_302,3.0,38,42,8.6,Dropped
INT_0047,SEC_202,4.5,78,73,27.3,In-Progress
INT_0047,DS_102,4.0,61,63,8.4,In-Progress
INT_0048,CLD_101,5.0,65,68,12.5,In-Progress
INT_0048,MOB_201,3.5,80,71,22.0,In-Progress
INT_0048,MOB_302,3.5,66,65,16.0,In-Progress
INT_0048,MOB_202,4.5,99,100,30.6,Completed
INT_0048,DS_202,3.0,61,66,13.8,In-Progress
INT_0048,AIML_302,3.5,40,40,12.3,In-Progress
INT_0048,WEB_302,4.0,28,40,6.5,Dropped
INT_0048,SEC_202,4.0,55,51,18.7,In-Progress
INT_0048,DS_201,3.5,73,75,19.9,In-Progress
INT_0048,AIML_201,4.0,46,40,11.9,In-Progress
INT_0048,SEC_301,2.0,39,40,9.5,Dropped
INT_0048,SEC_201,3.0,60,63,16.4,In-Progress
INT_0048,DS_101,4.0,71,73,18.1,In-Progress
INT_0048,CLD_201,3.0,51,57,11.2,In-Progress
INT_0048,MOB_101,4.5,100,98,19.5,Completed
INT_0048,MOB_301,4.0,88,89,22.6,Completed
INT_0048,DS_103,4.0,72,71,14.3,In-Progress
INT_0049,MOB_201,4.0,69,65,23.1,In-Progress
INT_0049,WEB_203,3.0,74,73,13.6,In-Progress
INT_0049,DS_201,3.5,62,71,16.9,In-Progress
INT_0049,SEC_302,2.0,35,40,8.9,Dropped
INT_0049,DS_101,4.5,66,75,15.1,In-Progress
INT_0049,AIML_302,4.0,63,65,17.8,In-Progress
INT_0049,AIML_303,4.0,70,74,18.2,In-Progress
INT_0049,SEC_101,4.0,61,58,10.4,In-Progress
INT_0049,AIML_101,4.5,90,90,18.7,Completed
INT_0049,AIML_202,3.5,79,78,15.3,In-Progress
INT_0049,WEB_102,4.0,52,50,11.3,In-Progress
INT_0049,AIML_102,4.5,90,82,14.0,Completed
INT_0049,CLD_301,2.0,20,40,8.0,Dropped
INT_0049,DS_301,4.5,67,66,25.0,In-Progress
INT_0049,AIML_201,4.0,71,79,21.2,In-Progress
INT_0049,CLD_102,3.0,71,73,10.6,In-Progress
INT_0049,AIML_301,4.0,45,43,18.9,In-Progress
INT_0049,CLD_202,2.5,66,69,19.2,In-Progress
INT_0049,WEB_301,2.5,23,40,6.6,Dropped
INT_0049,WEB_302,2.5,46,47,10.9,In-Progress
INT_0049,SEC_301,3.0,40,40,8.3,In-Progress
INT_0049,DS_102,4.5,47,44,6.0,In-Progress
INT_0049,MOB_101,4.0,63,60,12.3,In-Progress
INT_0050,AIML_202,3.0,41,41,8.2,In-Progress
INT_0050,WEB_301,4.0,37,44,15.3,Dropped
INT_0050,WEB_102,4.0,64,59,17.1,In-Progress
INT_0050,DS_202,4.5,93,90,19.3,Completed
INT_0050,DS_102,4.5,83,88,10.5,In-Progress
INT_0050,DS_302,4.0,77,73,13.8,In-Progress
INT_0050,WEB_202,2.5,70,60,22.8,In-Progress
INT_0050,DS_301,2.5,64,68,21.1,In-Progress
INT_0050,DS_201,4.0,86,80,18.3,Completed
INT_0050,SEC_101,3.0,60,61,11.1,In-Progress
INT_0050,SEC_202,3.5,80,82,21.7,In-Progress
INT_0050,AIML_201,3.5,83,83,29.6,In-Progress
INT_0050,SEC_302,2.5,42,40,11.5,In-Progress
INT_0050,DS_101,3.5,100,88,19.3,Completed
INT_0050,AIML_302,2.5,46,46,16.8,In-Progress
INT_0050,SEC_201,2.5,74,80,15.7,In-Progress
INT_0050,CLD_102,3.0,66,59,8.5,In-Progress
INT_0050,DS_103,3.0,88,90,12.9,Completed
INT_0051,MOB_201,3.5,50,48,18.1,In-Progress
INT_0051,DS_202,4.5,100,97,20.7,Completed
INT_0051,DS_201,3.5,95,100,19.4,Completed
INT_0051,SEC_302,4.0,50,44,15.0,In-Progress
INT_0051,DS_101,4.0,95,100,20.0,Completed
INT_0051,AIML_303,4.0,61,59,13.4,In-Progress
INT_0051,DS_302,5.0,73,81,13.7,In-Progress
INT_0051,AIML_202,4.0,59,61,10.3,In-Progress
INT_0051,WEB_102,3.5,80,86,17.5,In-Progress
INT_0051,AIML_102,3.0,61,66,8.4,In-Progress
INT_0051,DS_301,3.5,97,93,29.8,Completed
INT_0051,SEC_201,3.5,58,56,16.1,In-Progress
INT_0051,CLD_102,4.0,72,70,12.8,In-Progress
INT_0051,MOB_301,3.0,72,67,17.7,In-Progress
INT_0051,AIML_301,3.5,76,69,25.7,In-Progress
INT_0051,WEB_101,4.0,72,74,12.1,In-Progress
INT_0051,WEB_301,3.0,79,83,23.3,In-Progress
INT_0051,MOB_202,3.5,62,53,14.7,In-Progress
INT_0051,WEB_202,4.0,67,57,22.4,In-Progress
INT_0051,WEB_302,3.0,58,43,13.3,In-Progress
INT_0051,SEC_301,3.5,75,78,15.6,In-Progress
INT_0051,DS_102,5.0,100,98,14.6,Completed
INT_0051,DS_103,5.0,100,100,16.9,Completed
INT_0052,AIML_202,4.5,88,85,16.5,Completed
INT_0052,AIML_102,5.0,86,92,12.6,Completed
INT_0052,AIML_303,3.5,93,100,20.1,Completed
INT_0052,CLD_201,4.0,54,46,13.9,In-Progress
INT_0052,SEC_101,3.5,54,41,10.9,In-Progress
INT_0052,AIML_201,5.0,92,90,24.5,Completed
INT_0052,SEC_301,2.5,74,68,18.3,In-Progress
INT_0052,SEC_302,3.0,67,70,20.8,In-Progress
INT_0052,AIML_302,5.0,67,71,23.3,In-Progress
INT_0052,AIML_101,4.0,80,81,15.2,In-Progress
INT_0052,AIML_301,5.0,100,99,36.3,Completed
INT_0052,WEB_201,4.0,70,68,20.3,In-Progress
INT_0053,MOB_201,3.0,68,77,22.0,In-Progress
INT_0053,WEB_203,3.5,57,56,12.8,In-Progress
INT_0053,DS_202,4.5,94,98,20.2,Completed
INT_0053,DS_201,4.5,99,95,22.2,Completed
INT_0053,DS_101,5.0,100,100,22.8,Completed
INT_0053,AIML_302,3.5,51,52,18.2,In-Progress
INT_0053,DS_302,4.5,90,90,18.4,Completed
INT_0053,AIML_202,4.0,52,58,9.1,In-Progress
INT_0053,WEB_102,5.0,50,51,13.3,In-Progress
INT_0053,CLD_301,4.0,58,67,20.0,In-Progress
INT_0053,DS_301,4.0,95,86,31.6,Completed
INT_0053,AIML_201,2.5,65,54,23.1,In-Progress
INT_0053,SEC_201,3.5,65,63,17.1,In-Progress
INT_0053,MOB_301,3.0,64,64,16.1,In-Progress
INT_0053,CLD_102,4.0,73,65,11.0,In-Progress
INT_0053,WEB_201,3.5,72,72,26.1,In-Progress
INT_0053,CLD_202,3.0,66,62,17.5,In-Progress
INT_0053,WEB_301,3.5,58,55,19.8,In-Progress
INT_0053,SEC_202,4.0,64,61,20.3,In-Progress
INT_0053,SEC_301,2.5,74,70,15.5,In-Progress
INT_0053,DS_102,4.5,100,98,18.0,Completed
INT_0053,DS_103,5.0,100,100,17.3,Completed
INT_0054,AIML_202,3.5,100,99,16.2,Completed
INT_0054,DS_103,4.0,62,61,12.5,In-Progress
INT_0054,AIML_102,4.0,100,100,15.0,Completed
INT_0054,WEB_203,4.0,60,63,11.3,In-Progress
INT_0054,DS_302,5.0,81,72,13.6,In-Progress
INT_0054,MOB_302,4.0,67,61,15.2,In-Progress
INT_0054,AIML_303,4.5,83,90,22.9,In-Progress
INT_0054,WEB_202,4.0,68,63,18.1,In-Progress
INT_0054,CLD_302,4.0,74,79,19.6,In-Progress
INT_0054,DS_101,4.0,56,48,12.8,In-Progress
INT_0054,AIML_201,4.5,88,86,26.8,Completed
INT_0054,SEC_301,3.5,61,64,13.1,In-Progress
INT_0054,DS_102,3.0,60,60,7.7,In-Progress
INT_0054,AIML_302,5.0,87,91,27.5,Completed
INT_0054,AIML_101,4.5,87,87,20.0,Completed
INT_0054,CLD_102,3.0,82,81,11.9,In-Progress
INT_0054,AIML_301,4.5,100,100,44.5,Completed
INT_0054,WEB_201,4.0,57,56,18.0,In-Progress
INT_0055,MOB_201,3.5,53,47,19.2,In-Progress
INT_0055,WEB_203,5.0,100,99,24.4,Completed
INT_0055,SEC_302,3.5,77,76,19.5,In-Progress
INT_0055,DS_101,4.5,55,62,11.9,In-Progress
INT_0055,AIML_202,2.5,54,57,8.0,In-Progress
INT_0055,WEB_102,4.5,67,64,17.0,In-Progress
INT_0055,AIML_102,3.0,66,62,12.4,In-Progress
INT_0055,CLD_302,4.0,51,46,15.7,In-Progress
INT_0055,DS_301,4.5,66,52,19.1,In-Progress
INT_0055,AIML_201,4.0,80,79,28.9,In-Progress
INT_0055,SEC_201,3.5,65,51,18.1,In-Progress
INT_0055,CLD_102,4.0,84,85,12.7,In-Progress
INT_0055,AIML_301,4.0,36,40,16.2,Dropped
INT_0055,WEB_201,4.0,92,91,25.6,Completed
INT_0055,CLD_202,4.5,38,44,13.3,Dropped
INT_0055,WEB_101,4.5,84,80,17.3,In-Progress
INT_0055,WEB_301,4.5,67,67,23.3,In-Progress
INT_0055,MOB_302,3.5,74,72,15.1,In-Progress
INT_0055,MOB_202,3.5,63,70,15.0,In-Progress
INT_0055,WEB_202,4.0,78,77,26.3,In-Progress
INT_0055,WEB_302,4.5,74,73,20.5,In-Progress
INT_0055,SEC_301,4.5,60,61,12.2,In-Progress
INT_0055,MOB_101,3.5,63,57,11.5,In-Progress
INT_0055,DS_103,3.5,64,65,11.0,In-Progress
INT_0056,CLD_202,4.0,44,57,13.0,In-Progress
INT_0056,CLD_101,4.5,56,40,9.1,In-Progress
INT_0056,WEB_301,4.0,45,48,14.6,In-Progress
INT_0056,SEC_302,4.5,82,84,21.4,In-Progress
INT_0056,WEB_302,2.0,58,56,13.0,In-Progress
INT_0056,SEC_101,5.0,77,77,11.2,In-Progress
INT_0056,SEC_202,4.5,85,76,28.0,Completed
INT_0056,DS_201,4.0,43,40,9.2,In-Progress
INT_0056,SEC_301,5.0,100,99,19.8,Completed
INT_0056,AIML_201,4.5,70,71,22.4,In-Progress
INT_0056,SEC_201,4.5,100,96,21.3,Completed
INT_0056,DS_102,3.0,60,67,9.2,In-Progress
INT_0056,AIML_303,3.5,69,75,15.7,In-Progress
INT_0056,CLD_102,3.5,83,83,11.7,In-Progress
INT_0056,AIML_301,2.5,30,40,13.5,Dropped
INT_0057,CLD_202,4.0,67,68,23.4,In-Progress
INT_0057,CLD_101,3.0,84,87,14.1,In-Progress
INT_0057,DS_202,4.0,79,83,15.8,In-Progress
INT_0057,DS_302,4.0,80,73,18.1,In-Progress
INT_0057,MOB_302,3.0,45,46,10.6,In-Progress
INT_0057,MOB_202,2.5,76,71,16.8,In-Progress
INT_0057,DS_101,4.0,83,76,18.2,In-Progress
INT_0057,WEB_302,2.0,27,40,6.1,Dropped
INT_0057,DS_301,3.5,69,79,28.6,In-Progress
INT_0057,DS_201,3.5,99,93,25.8,Completed
INT_0057,SEC_101,3.0,67,64,12.2,In-Progress
INT_0057,DS_102,4.5,80,83,13.9,In-Progress
INT_0057,DS_103,3.5,87,93,15.6,Completed
INT_0058,AIML_202,3.5,85,81,13.5,Completed
INT_0058,WEB_301,2.5,23,40,7.7,Dropped
INT_0058,WEB_102,4.0,68,67,20.9,In-Progress
INT_0058,AIML_102,4.0,98,97,14.8,Completed
INT_0058,WEB_203,3.5,83,83,20.6,In-Progress
INT_0058,AIML_303,3.0,77,71,15.7,In-Progress
INT_0058,WEB_302,3.5,20,40,5.2,Dropped
INT_0058,SEC_202,3.0,77,74,23.3,In-Progress
INT_0058,AIML_201,4.5,100,100,36.3,Completed
INT_0058,AIML_302,4.0,51,54,14.7,In-Progress
INT_0058,AIML_101,4.5,95,100,17.3,Completed
INT_0058,MOB_301,2.5,61,65,15.1,In-Progress
INT_0058,AIML_301,3.5,68,79,21.9,In-Progress
INT_0059,MOB_201,4.0,71,66,21.9,In-Progress
INT_0059,DS_202,3.5,51,46,11.1,In-Progress
INT_0059,DS_201,4.0,73,74,19.6,In-Progress
INT_0059,SEC_302,2.5,35,40,10.5,Dropped
INT_0059,DS_101,4.0,79,76,17.6,In-Progress
INT_0059,AIML_101,5.0,66,64,11.1,In-Progress
INT_0059,CLD_101,2.5,58,52,10.9,In-Progress
INT_0059,WEB_102,3.5,58,60,13.1,In-Progress
INT_0059,AIML_102,2.0,89,90,16.7,Completed
INT_0059,CLD_302,2.5,45,50,10.9,In-Progress
INT_0059,CLD_301,2.5,35,40,14.3,Dropped
INT_0059,DS_301,2.0,53,54,20.1,In-Progress
INT_0059,CLD_102,4.0,58,62,8.4,In-Progress
INT_0059,MOB_301,3.5,93,92,18.6,Completed
INT_0059,AIML_301,3.5,51,53,20.7,In-Progress
INT_0059,CLD_202,4.0,69,64,25.0,In-Progress
INT_0059,WEB_301,2.5,50,49,19.7,In-Progress
INT_0059,MOB_302,3.0,60,69,11.1,In-Progress
INT_0059,MOB_202,3.5,60,61,14.8,In-Progress
INT_0059,SEC_202,4.0,56,56,20.2,In-Progress
INT_0059,DS_102,3.5,38,44,6.2,Dropped
INT_0059,MOB_101,3.5,78,82,12.8,In-Progress
INT_0060,WEB_203,4.0,54,54,13.5,In-Progress
INT_0060,DS_201,3.5,63,67,15.0,In-Progress
INT_0060,SEC_302,3.0,33,40,9.2,Dropped
INT_0060,AIML_303,3.0,43,40,9.2,In-Progress
INT_0060,CLD_201,4.5,98,88,21.9,Completed
INT_0060,DS_302,3.0,67,65,13.7,In-Progress
INT_0060,SEC_101,3.5,59,64,8.6,In-Progress
INT_0060,CLD_101,4.5,91,88,17.9,Completed
INT_0060,WEB_102,3.0,49,41,10.7,In-Progress
INT_0060,CLD_302,4.0,73,79,21.5,In-Progress
INT_0060,CLD_301,4.0,78,75,23.7,In-Progress
INT_0060,DS_301,2.0,44,40,17.5,In-Progress
INT_0060,AIML_201,3.5,69,70,22.2,In-Progress
INT_0060,SEC_201,4.5,73,77,19.8,In-Progress
INT_0060,CLD_102,4.0,99,92,17.8,Completed
INT_0060,CLD_202,5.0,90,87,24.4,Completed
INT_0060,WEB_101,3.0,71,70,14.4,In-Progress
INT_0060,WEB_301,2.0,34,40,13.1,Dropped
INT_0060,MOB_302,3.5,40,41,7.9,In-Progress
INT_0060,WEB_302,2.0,45,40,11.3,In-Progress
INT_0060,SEC_301,2.5,52,41,13.5,In-Progress
INT_0060,DS_102,3.0,52,46,7.6,In-Progress
INT_0060,MOB_101,2.5,69,67,13.9,In-Progress
INT_0060,DS_103,4.0,68,64,13.7,In-Progress
INT_0061,MOB_201,4.0,64,58,17.5,In-Progress
INT_0061,WEB_203,4.0,58,56,11.1,In-Progress
INT_0061,AIML_102,3.5,54,51,7.7,In-Progress
INT_0061,AIML_303,3.0,26,40,5.4,Dropped
INT_0061,SEC_302,3.0,77,79,23.4,In-Progress
INT_0061,CLD_301,4.0,52,59,16.7,In-Progress
INT_0061,DS_101,3.5,58,58,14.3,In-Progress
INT_0061,SEC_101,5.0,100,100,20.7,Completed
INT_0061,SEC_202,4.5,82,83,29.0,In-Progress
INT_0061,CLD_102,3.5,83,76,12.5,In-Progress
INT_0061,SEC_301,2.5,57,58,11.4,In-Progress
INT_0061,SEC_201,4.5,88,86,24.5,Completed
INT_0061,DS_102,4.5,75,79,9.6,In-Progress
INT_0061,AIML_302,2.0,57,49,16.4,In-Progress
INT_0061,AIML_101,3.5,72,66,14.8,In-Progress
INT_0061,MOB_301,4.5,62,64,16.7,In-Progress
INT_0061,WEB_201,4.0,50,57,14.3,In-Progress
INT_0062,MOB_201,3.5,58,53,15.3,In-Progress
INT_0062,WEB_203,4.0,57,53,11.8,In-Progress
INT_0062,DS_202,4.0,90,90,19.2,Completed
INT_0062,DS_201,4.0,99,100,27.7,Completed
INT_0062,DS_101,3.5,100,99,21.6,Completed
INT_0062,AIML_302,3.5,51,48,17.7,In-Progress
INT_0062,CLD_201,3.0,62,58,13.8,In-Progress
INT_0062,DS_302,4.0,91,89,20.0,Completed
INT_0062,AIML_101,4.5,76,77,14.6,In-Progress
INT_0062,AIML_202,4.5,80,74,12.0,In-Progress
INT_0062,CLD_101,3.5,56,52,10.7,In-Progress
INT_0062,CLD_301,3.0,20,40,6.1,Dropped
INT_0062,DS_301,3.0,50,61,17.7,In-Progress
INT_0062,CLD_102,3.5,63,60,10.5,In-Progress
INT_0062,WEB_101,4.5,73,70,13.3,In-Progress
INT_0062,MOB_302,2.5,31,40,6.6,Dropped
INT_0062,DS_102,4.5,97,95,15.9,Completed
INT_0062,MOB_101,3.0,30,40,5.0,Dropped
INT_0062,DS_103,3.5,89,89,15.6,Completed
INT_0063,MOB_201,5.0,91,89,30.3,Completed
INT_0063,WEB_203,4.5,62,75,12.1,In-Progress
INT_0063,SEC_302,2.5,62,60,20.6,In-Progress
INT_0063,DS_101,4.0,91,93,20.3,Completed
INT_0063,AIML_303,3.5,53,54,12.6,In-Progress
INT_0063,AIML_302,3.0,56,59,16.2,In-Progress
INT_0063,CLD_201,4.0,63,59,13.9,In-Progress
INT_0063,DS_302,4.5,50,54,10.2,In-Progress
INT_0063,AIML_101,4.0,52,56,11.3,In-Progress
INT_0063,AIML_102,3.0,77,84,14.5,In-Progress
INT_0063,CLD_301,3.5,58,65,21.8,In-Progress
INT_0063,DS_301,3.0,56,52,18.1,In-Progress
INT_0063,MOB_301,3.5,84,83,19.1,In-Progress
INT_0063,WEB_201,3.5,61,62,17.6,In-Progress
INT_0063,CLD_202,4.0,80,80,22.9,In-Progress
INT_0063,MOB_202,4.0,100,96,29.4,Completed
INT_0063,MOB_302,4.5,88,95,19.2,Completed
INT_0063,WEB_302,3.5,70,72,15.1,In-Progress
INT_0063,DS_102,4.0,69,69,8.9,In-Progress
INT_0063,MOB_101,4.5,91,85,16.5,Completed
INT_0064,WEB_101,4.5,91,96,13.2,Completed
INT_0064,WEB_301,3.5,40,50,14.1,In-Progress
INT_0064,WEB_102,4.5,84,91,22.1,In-Progress
INT_0064,MOB_201,3.5,69,64,18.7,In-Progress
INT_0064,WEB_203,4.5,100,96,23.0,Completed
INT_0064,MOB_202,3.5,74,70,21.8,In-Progress
INT_0064,WEB_202,4.0,94,100,23.3,Completed
INT_0064,WEB_302,3.0,88,98,18.1,Completed
INT_0064,SEC_202,4.5,61,59,21.3,In-Progress
INT_0064,MOB_301,3.5,69,65,14.3,In-Progress
INT_0064,DS_103,2.5,80,76,14.8,In-Progress
INT_0064,WEB_201,4.5,99,94,37.1,Completed
INT_0065,WEB_203,3.0,67,61,15.8,In-Progress
INT_0065,DS_202,4.0,85,86,18.7,Completed
INT_0065,DS_201,4.5,90,78,24.5,Completed
INT_0065,DS_101,4.5,50,45,11.0,In-Progress
INT_0065,CLD_201,4.0,68,59,14.9,In-Progress
INT_0065,AIML_303,2.0,21,40,5.6,Dropped
INT_0065,DS_302,3.0,87,85,20.0,Completed
INT_0065,SEC_101,3.5,54,51,9.4,In-Progress
INT_0065,AIML_101,4.0,41,40,8.0,In-Progress
INT_0065,AIML_202,4.0,63,64,10.1,In-Progress
INT_0065,CLD_101,3.5,45,41,8.5,In-Progress
INT_0065,CLD_302,3.0,39,40,12.3,Dropped
INT_0065,DS_301,4.0,42,45,12.4,In-Progress
INT_0065,MOB_301,3.0,60,62,16.5,In-Progress
INT_0065,WEB_201,4.5,54,57,15.4,In-Progress
INT_0065,WEB_301,2.5,39,40,11.6,Dropped
INT_0065,MOB_202,3.5,67,67,16.2,In-Progress
INT_0065,MOB_302,3.5,52,58,13.5,In-Progress
INT_0065,WEB_202,4.0,50,52,14.4,In-Progress
INT_0065,SEC_202,4.0,55,52,15.6,In-Progress
INT_0065,DS_102,5.0,82,77,10.4,In-Progress
INT_0065,MOB_101,3.5,62,57,12.6,In-Progress
INT_0065,DS_103,5.0,96,85,14.5,Completed
INT_0066,AIML_202,4.0,93,94,14.4,Completed
INT_0066,AIML_102,2.5,100,100,17.0,Completed
INT_0066,DS_202,3.5,57,57,10.5,In-Progress
INT_0066,MOB_202,4.0,76,76,17.5,In-Progress
INT_0066,AIML_302,3.5,52,47,16.4,In-Progress
INT_0066,CLD_302,3.0,20,40,4.8,Dropped
INT_0066,SEC_202,3.5,58,58,20.0,In-Progress
INT_0066,SEC_101,5.0,81,74,12.7,In-Progress
INT_0066,AIML_201,4.5,100,91,27.6,Completed
INT_0066,SEC_302,2.5,51,55,16.1,In-Progress
INT_0066,AIML_303,4.0,67,68,14.2,In-Progress
INT_0066,AIML_101,4.5,84,80,19.2,In-Progress
INT_0066,AIML_301,4.5,56,57,25.1,In-Progress
INT_0067,CLD_202,3.5,75,72,23.1,In-Progress
INT_0067,WEB_101,3.5,61,56,10.2,In-Progress
INT_0067,CLD_101,4.5,97,95,16.3,Completed
INT_0067,WEB_301,2.0,44,41,16.7,In-Progress
INT_0067,AIML_102,3.5,51,52,7.3,In-Progress
INT_0067,DS_302,3.0,80,70,18.2,In-Progress
INT_0067,CLD_302,2.5,67,72,20.2,In-Progress
INT_0067,CLD_301,3.0,75,76,30.2,In-Progress
INT_0067,WEB_202,4.5,68,70,17.1,In-Progress
INT_0067,DS_301,3.5,47,51,14.1,In-Progress
INT_0067,SEC_302,2.0,38,43,11.3,Dropped
INT_0067,DS_102,2.5,76,78,10.5,In-Progress
INT_0067,CLD_201,4.0,100,100,20.8,Completed
INT_0067,CLD_102,3.5,100,100,16.3,Completed
INT_0067,WEB_201,3.0,48,46,17.7,In-Progress
INT_0068,MOB_201,4.0,83,84,27.5,In-Progress
INT_0068,WEB_203,4.0,48,47,12.4,In-Progress
INT_0068,DS_202,4.0,51,50,10.8,In-Progress
INT_0068,DS_201,3.5,68,64,17.8,In-Progress
INT_0068,SEC_302,3.5,77,73,21.6,In-Progress
INT_0068,AIML_303,5.0,89,83,20.6,Completed
INT_0068,AIML_302,3.0,95,83,34.9,Completed
INT_0068,CLD_201,4.0,38,40,7.7,Dropped
INT_0068,SEC_101,4.0,66,67,11.9,In-Progress
INT_0068,AIML_101,4.5,90,90,18.1,Completed
INT_0068,AIML_202,5.0,81,79,12.7,In-Progress
INT_0068,WEB_102,3.5,71,67,15.6,In-Progress
INT_0068,AIML_102,4.5,93,100,15.4,Completed
INT_0068,CLD_302,4.0,54,51,15.2,In-Progress
INT_0068,DS_301,3.5,53,48,19.6,In-Progress
INT_0068,AIML_201,5.0,95,91,26.9,Completed
INT_0068,MOB_301,3.5,65,66,16.9,In-Progress
INT_0068,AIML_301,4.5,87,87,38.6,Completed
INT_0068,WEB_201,3.5,65,67,21.1,In-Progress
INT_0068,MOB_202,3.5,69,68,16.5,In-Progress
INT_0068,SEC_301,3.0,35,40,7.9,Dropped
INT_0069,MOB_201,3.5,84,90,27.4,In-Progress
INT_0069,WEB_203,3.5,71,70,18.0,In-Progress
INT_0069,DS_202,4.0,71,74,12.9,In-Progress
INT_0069,DS_201,5.0,61,52,15.5,In-Progress
INT_0069,SEC_302,4.0,44,46,10.7,In-Progress
INT_0069,DS_101,2.5,83,80,19.5,In-Progress
INT_0069,CLD_201,2.5,64,69,15.0,In-Progress
INT_0069,DS_302,3.5,62,63,13.9,In-Progress
INT_0069,SEC_101,3.0,51,54,7.5,In-Progress
INT_0069,AIML_202,3.5,76,74,12.9,In-Progress
INT_0069,WEB_102,3.5,48,51,13.9,In-Progress
INT_0069,AIML_102,3.5,68,68,11.1,In-Progress
INT_0069,CLD_302,2.0,37,40,11.4,Dropped
INT_0069,AIML_201,2.5,83,83,26.1,In-Progress
INT_0069,MOB_301,3.5,91,91,20.2,Completed
INT_0069,WEB_101,3.0,66,63,11.8,In-Progress
INT_0069,MOB_302,3.5,71,71,17.6,In-Progress
INT_0069,MOB_202,4.0,97,95,22.7,Completed
INT_0069,SEC_202,3.0,85,84,23.9,Completed
INT_0069,SEC_301,2.5,43,43,8.7,In-Progress
INT_0069,DS_102,3.0,65,70,10.5,In-Progress
INT_0069,MOB_101,4.5,90,94,13.6,Completed
INT_0069,DS_103,3.0,65,62,11.9,In-Progress
INT_0070,CLD_202,5.0,72,71,21.2,In-Progress
INT_0070,CLD_101,5.0,67,59,11.4,In-Progress
INT_0070,AIML_102,4.5,71,66,9.7,In-Progress
INT_0070,WEB_203,4.0,56,54,10.5,In-Progress
INT_0070,DS_302,3.5,72,75,16.4,In-Progress
INT_0070,AIML_303,4.0,75,76,18.2,In-Progress
INT_0070,SEC_101,5.0,100,97,19.1,Completed
INT_0070,SEC_202,4.0,82,79,21.3,In-Progress
INT_0070,DS_201,4.0,59,64,16.1,In-Progress
INT_0070,SEC_301,5.0,91,90,21.3,Completed
INT_0070,SEC_302,4.5,88,92,26.1,Completed
INT_0070,CLD_201,4.0,58,53,13.0,In-Progress
INT_0070,SEC_201,4.5,75,75,17.8,In-Progress
INT_0070,CLD_102,4.0,50,49,8.4,In-Progress
INT_0070,AIML_301,3.5,54,61,17.4,In-Progress
INT_0071,MOB_201,3.0,51,52,13.7,In-Progress
INT_0071,WEB_203,3.5,100,95,22.5,Completed
INT_0071,DS_201,3.0,42,41,8.6,In-Progress
INT_0071,AIML_302,3.5,70,71,21.2,In-Progress
INT_0071,AIML_303,4.0,41,40,10.5,In-Progress
INT_0071,AIML_101,3.5,55,42,9.1,In-Progress
INT_0071,WEB_102,4.5,82,72,20.7,In-Progress
INT_0071,AIML_102,3.5,70,73,10.6,In-Progress
INT_0071,AIML_201,3.5,58,58,18.1,In-Progress
INT_0071,CLD_102,4.0,44,50,7.5,In-Progress
INT_0071,WEB_201,4.0,90,90,34.4,Completed
INT_0071,CLD_202,3.0,74,72,25.0,In-Progress
INT_0071,WEB_101,4.5,83,80,14.6,In-Progress
INT_0071,WEB_301,3.5,83,84,28.2,In-Progress
INT_0071,MOB_302,5.0,52,49,12.7,In-Progress
INT_0071,WEB_202,4.5,96,100,29.4,Completed
INT_0071,WEB_302,4.0,86,87,21.9,Completed
INT_0071,DS_102,5.0,73,71,11.6,In-Progress
INT_0071,MOB_101,3.5,54,57,9.5,In-Progress
INT_0072,WEB_101,4.5,86,88,14.6,Completed
INT_0072,WEB_301,4.0,70,65,22.3,In-Progress
INT_0072,WEB_102,4.0,71,68,17.5,In-Progress
INT_0072,WEB_203,4.0,81,72,16.8,In-Progress
INT_0072,DS_302,5.0,70,71,15.2,In-Progress
INT_0072,MOB_302,3.5,30,40,6.0,Dropped
INT_0072,WEB_202,4.0,94,98,24.5,Completed
INT_0072,WEB_302,4.0,96,90,26.3,Completed
INT_0072,DS_101,4.0,78,72,14.1,In-Progress
INT_0072,AIML_303,2.0,24,40,6.4,Dropped
INT_0072,AIML_101,3.5,73,67,16.0,In-Progress
INT_0072,MOB_301,4.5,69,62,18.6,In-Progress
INT_0072,AIML_301,3.5,47,40,19.7,In-Progress
INT_0072,WEB_201,3.5,78,84,29.8,In-Progress
INT_0073,WEB_203,4.0,100,100,25.2,Completed
INT_0073,DS_202,3.5,61,65,15.2,In-Progress
INT_0073,DS_101,4.0,55,54,11.8,In-Progress
INT_0073,AIML_302,2.5,28,40,9.6,Dropped
INT_0073,CLD_201,4.5,61,57,11.4,In-Progress
INT_0073,SEC_101,2.5,62,61,9.6,In-Progress
INT_0073,AIML_202,4.0,72,72,10.4,In-Progress
INT_0073,CLD_101,4.5,67,67,12.6,In-Progress
INT_0073,WEB_102,4.0,70,66,18.9,In-Progress
INT_0073,AIML_102,3.5,61,62,11.9,In-Progress
INT_0073,CLD_301,3.5,27,40,8.3,Dropped
INT_0073,DS_301,2.5,30,40,9.1,Dropped
INT_0073,AIML_201,4.0,69,73,18.7,In-Progress
INT_0073,AIML_301,2.0,33,40,15.0,Dropped
INT_0073,WEB_201,5.0,88,85,28.8,Completed
INT_0073,WEB_101,3.0,90,93,18.4,Completed
INT_0073,WEB_301,3.5,69,70,24.7,In-Progress
INT_0073,MOB_202,3.5,75,66,19.6,In-Progress
INT_0073,MOB_302,2.5,32,40,7.1,Dropped
INT_0073,WEB_202,4.0,72,78,22.4,In-Progress
INT_0073,WEB_302,3.0,42,40,9.5,In-Progress
INT_0073,DS_102,3.0,64,66,9.8,In-Progress
INT_0073,MOB_101,4.0,70,70,14.4,In-Progress
INT_0073,DS_103,4.0,58,55,10.9,In-Progress
INT_0074,WEB_203,3.0,73,72,13.7,In-Progress
INT_0074,DS_202,4.0,65,71,12.5,In-Progress
INT_0074,SEC_302,3.5,85,78,23.9,Completed
INT_0074,DS_101,3.0,66,66,12.0,In-Progress
INT_0074,AIML_302,3.5,78,70,23.6,In-Progress
INT_0074,AIML_303,3.5,73,63,17.0,In-Progress
INT_0074,CLD_201,4.0,68,61,17.5,In-Progress
INT_0074,SEC_101,4.0,90,82,17.9,Completed
INT_0074,AIML_101,4.5,48,46,8.4,In-Progress
INT_0074,CLD_302,3.0,75,71,20.1,In-Progress
INT_0074,DS_301,4.0,73,72,29.7,In-Progress
INT_0074,SEC_201,4.0,75,75,17.9,In-Progress
INT_0074,MOB_301,3.0,62,49,17.2,In-Progress
INT_0074,AIML_301,3.0,43,40,13.8,In-Progress
INT_0074,WEB_201,3.0,49,52,13.5,In-Progress
INT_0074,CLD_202,4.0,57,56,17.0,In-Progress
INT_0074,MOB_302,4.5,56,51,10.9,In-Progress
INT_0074,MOB_202,4.0,62,55,19.0,In-Progress
INT_0074,SEC_202,5.0,100,100,25.6,Completed
INT_0074,SEC_301,5.0,76,80,15.6,In-Progress
INT_0075,WEB_101,5.0,88,83,13.4,Completed
INT_0075,WEB_301,4.5,97,100,34.1,Completed
INT_0075,WEB_102,4.0,100,97,29.9,Completed
INT_0075,CLD_101,3.5,66,73,10.1,In-Progress
INT_0075,WEB_203,4.5,94,92,17.1,Completed
INT_0075,AIML_102,3.5,84,83,15.5,In-Progress
INT_0075,AIML_202,3.5,72,61,13.5,In-Progress
INT_0075,WEB_202,4.5,90,78,30.0,Completed
INT_0075,WEB_302,5.0,73,77,15.3,In-Progress
INT_0075,SEC_301,3.5,77,75,15.1,In-Progress
INT_0075,CLD_201,5.0,57,57,12.1,In-Progress
INT_0075,AIML_101,2.5,84,87,18.3,In-Progress
INT_0075,CLD_102,4.0,73,73,12.6,In-Progress
INT_0075,WEB_201,4.0,100,94,28.9,Completed
INT_0076,MOB_201,2.0,55,51,14.4,In-Progress
INT_0076,WEB_203,4.5,98,100,20.3,Completed
INT_0076,SEC_302,4.0,59,59,15.0,In-Progress
INT_0076,CLD_201,4.0,72,65,16.0,In-Progress
INT_0076,DS_302,2.5,56,52,12.3,In-Progress
INT_0076,SEC_101,3.0,57,62,9.1,In-Progress
INT_0076,AIML_202,3.5,62,58,11.9,In-Progress
INT_0076,WEB_102,5.0,92,91,20.2,Completed
INT_0076,CLD_301,5.0,64,64,19.7,In-Progress
INT_0076,SEC_201,3.0,76,84,18.0,In-Progress
INT_0076,MOB_301,4.5,58,61,13.8,In-Progress
INT_0076,AIML_301,5.0,70,67,28.4,In-Progress
INT_0076,WEB_201,5.0,100,96,27.2,Completed
INT_0076,WEB_101,4.5,72,72,14.7,In-Progress
INT_0076,WEB_301,5.0,67,51,20.3,In-Progress
INT_0076,MOB_302,3.0,73,73,17.1,In-Progress
INT_0076,MOB_202,4.0,59,60,16.1,In-Progress
INT_0076,WEB_202,4.5,83,81,22.6,In-Progress
INT_0076,WEB_302,4.0,100,94,20.5,Completed
INT_0076,SEC_202,3.0,65,74,20.4,In-Progress
INT_0076,SEC_301,4.0,54,60,13.0,In-Progress
INT_0076,DS_102,3.0,32,40,4.6,Dropped
INT_0076,MOB_101,4.5,67,69,10.2,In-Progress
INT_0077,CLD_202,4.5,44,46,11.1,In-Progress
INT_0077,WEB_203,3.5,47,50,8.7,In-Progress
INT_0077,DS_302,4.5,100,100,19.1,Completed
INT_0077,DS_202,4.5,90,83,22.7,Completed
INT_0077,MOB_202,4.0,86,91,22.0,Completed
INT_0077,DS_101,4.5,80,79,16.2,In-Progress
INT_0077,WEB_302,4.0,63,61,16.2,In-Progress
INT_0077,DS_301,3.5,89,82,34.0,Completed
INT_0077,DS_201,4.5,100,95,28.1,Completed
INT_0077,SEC_201,4.0,69,66,15.3,In-Progress
INT_0077,DS_102,4.5,93,89,14.0,Completed
INT_0077,AIML_303,4.0,81,83,16.8,In-Progress
INT_0077,DS_103,5.0,83,68,13.6,In-Progress
INT_0078,CLD_202,5.0,100,100,29.8,Completed
INT_0078,DS_103,4.5,76,75,15.1,In-Progress
INT_0078,CLD_101,4.0,69,67,11.0,In-Progress
INT_0078,MOB_201,4.0,64,70,16.8,In-Progress
INT_0078,AIML_102,3.0,67,66,12.1,In-Progress
INT_0078,MOB_302,3.0,22,40,5.3,Dropped
INT_0078,DS_202,2.5,56,59,14.2,In-Progress
INT_0078,AIML_302,2.0,56,68,18.9,In-Progress
INT_0078,CLD_302,3.5,80,62,20.2,In-Progress
INT_0078,CLD_301,3.5,81,82,33.0,In-Progress
INT_0078,SEC_202,3.5,63,65,16.8,In-Progress
INT_0078,DS_201,3.0,65,62,15.1,In-Progress
INT_0078,CLD_201,3.5,87,94,16.8,Completed
INT_0078,AIML_101,3.5,44,45,8.9,In-Progress
INT_0078,CLD_102,3.5,93,93,16.5,Completed
INT_0078,AIML_301,2.5,31,40,9.8,Dropped
INT_0079,WEB_203,4.0,57,56,12.7,In-Progress
INT_0079,DS_202,3.5,39,43,9.1,Dropped
INT_0079,DS_201,4.0,80,78,22.2,In-Progress
INT_0079,AIML_302,3.0,27,40,7.8,Dropped
INT_0079,CLD_201,4.5,94,95,23.8,Completed
INT_0079,DS_302,4.0,61,63,10.1,In-Progress
INT_0079,SEC_101,2.5,45,43,7.0,In-Progress
INT_0079,AIML_101,3.5,50,40,9.3,In-Progress
INT_0079,AIML_202,3.5,66,67,9.6,In-Progress
INT_0079,CLD_101,5.0,87,84,16.8,Completed
INT_0079,AIML_102,3.5,80,89,11.1,In-Progress
INT_0079,CLD_302,3.5,53,53,15.4,In-Progress
INT_0079,CLD_301,2.5,66,65,26.1,In-Progress
INT_0079,AIML_201,3.5,67,66,18.1,In-Progress
INT_0079,MOB_301,3.0,37,40,9.4,Dropped
INT_0079,CLD_102,4.0,77,79,9.9,In-Progress
INT_0079,WEB_201,3.5,76,72,20.8,In-Progress
INT_0079,CLD_202,4.0,96,91,24.9,Completed
INT_0079,WEB_101,3.0,56,65,11.5,In-Progress
INT_0079,MOB_302,3.0,20,40,3.7,Dropped
INT_0079,WEB_202,3.5,58,54,18.0,In-Progress
INT_0079,WEB_302,3.0,24,40,6.7,Dropped
INT_0079,SEC_301,2.5,20,40,4.0,Dropped
INT_0079,DS_103,4.0,90,89,17.0,Completed
INT_0080,MOB_201,4.5,100,88,28.2,Completed
INT_0080,WEB_203,2.5,34,40,7.0,Dropped
INT_0080,DS_202,3.5,64,61,14.3,In-Progress
INT_0080,SEC_302,3.0,32,40,9.8,Dropped
INT_0080,AIML_302,2.5,62,51,23.1,In-Progress
INT_0080,DS_302,2.0,60,73,10.5,In-Progress
INT_0080,AIML_202,3.5,68,71,12.5,In-Progress
INT_0080,CLD_101,3.5,54,41,9.8,In-Progress
INT_0080,DS_301,3.0,38,40,11.8,Dropped
INT_0080,AIML_201,3.5,68,62,17.9,In-Progress
INT_0080,CLD_102,4.5,87,82,11.1,Completed
INT_0080,MOB_301,4.5,100,98,21.2,Completed
INT_0080,WEB_201,3.5,68,71,20.4,In-Progress
INT_0080,WEB_101,3.5,59,49,9.9,In-Progress
INT_0080,WEB_301,3.5,47,41,19.4,In-Progress
INT_0080,MOB_202,4.5,75,67,18.0,In-Progress
INT_0080,MOB_302,2.0,64,70,14.3,In-Progress
INT_0080,WEB_302,2.0,33,40,7.1,Dropped
INT_0080,SEC_202,3.5,54,61,16.1,In-Progress
INT_0080,SEC_301,1.5,33,40,7.7,Dropped
INT_0080,DS_102,3.0,50,54,7.6,In-Progress
INT_0080,MOB_101,4.0,82,78,13.3,In-Progress
INT_0081,WEB_203,4.0,94,89,17.5,Completed
INT_0081,DS_202,4.0,54,60,12.1,In-Progress
INT_0081,DS_201,3.0,74,67,15.4,In-Progress
INT_0081,SEC_302,2.0,81,84,26.3,In-Progress
INT_0081,CLD_201,2.5,48,45,9.6,In-Progress
INT_0081,AIML_101,2.0,60,58,11.3,In-Progress
INT_0081,AIML_202,4.0,78,76,14.5,In-Progress
INT_0081,WEB_102,3.5,100,100,25.4,Completed
INT_0081,AIML_102,4.5,90,89,12.2,Completed
INT_0081,DS_301,3.5,77,72,26.5,In-Progress
INT_0081,SEC_201,3.5,34,40,8.8,Dropped
INT_0081,CLD_102,4.0,63,69,8.3,In-Progress
INT_0081,AIML_301,4.0,45,40,17.8,In-Progress
INT_0081,WEB_201,5.0,76,82,21.7,In-Progress
INT_0081,CLD_202,3.5,66,60,23.6,In-Progress
INT_0081,WEB_101,3.5,79,82,15.6,In-Progress
INT_0081,WEB_301,4.5,93,88,36.6,Completed
INT_0081,WEB_202,4.0,80,80,23.4,In-Progress
INT_0081,WEB_302,3.0,79,85,19.9,In-Progress
INT_0081,SEC_202,4.5,91,84,23.8,Completed
INT_0081,SEC_301,4.0,61,58,13.4,In-Progress
INT_0081,DS_102,4.0,75,71,11.1,In-Progress
INT_0081,DS_103,4.5,50,47,7.4,In-Progress
INT_0082,DS_202,3.5,65,61,16.0,In-Progress
INT_0082,DS_101,4.0,68,68,14.5,In-Progress
INT_0082,CLD_201,4.0,100,95,19.5,Completed
INT_0082,AIML_302,5.0,100,100,36.7,Completed
INT_0082,DS_302,4.0,79,80,15.6,In-Progress
INT_0082,SEC_101,3.0,63,61,11.3,In-Progress
INT_0082,AIML_101,4.0,57,65,13.0,In-Progress
INT_0082,CLD_101,5.0,100,100,16.9,Completed
INT_0082,WEB_102,5.0,69,76,18.4,In-Progress
INT_0082,AIML_102,3.5,70,73,13.2,In-Progress
INT_0082,CLD_302,4.0,96,100,25.7,Completed
INT_0082,CLD_301,4.5,77,79,28.3,In-Progress
INT_0082,DS_301,3.0,57,52,23.0,In-Progress
INT_0082,MOB_301,3.5,47,44,11.2,In-Progress
INT_0082,CLD_102,5.0,79,78,13.8,In-Progress
INT_0082,AIML_301,4.0,50,51,20.6,In-Progress
INT_0082,CLD_202,5.0,92,91,32.5,Completed
INT_0082,MOB_202,4.0,64,72,17.5,In-Progress
INT_0082,WEB_202,3.5,66,71,15.8,In-Progress
INT_0082,WEB_302,2.5,64,61,14.5,In-Progress
INT_0082,SEC_301,2.5,59,61,13.0,In-Progress
INT_0082,MOB_101,3.0,57,51,10.4,In-Progress
INT_0083,DS_202,4.5,99,100,21.6,Completed
INT_0083,DS_201,5.0,85,85,21.5,Completed
INT_0083,DS_101,4.0,100,93,23.1,Completed
INT_0083,DS_302,3.5,99,100,18.5,Completed
INT_0083,CLD_101,4.0,83,83,14.7,In-Progress
INT_0083,WEB_102,4.0,83,85,25.6,In-Progress
INT_0083,AIML_102,3.5,73,71,10.3,In-Progress
INT_0083,CLD_301,4.0,49,53,16.1,In-Progress
INT_0083,DS_301,4.0,59,61,24.1,In-Progress
INT_0083,AIML_201,2.5,54,62,17.8,In-Progress
INT_0083,SEC_201,3.0,54,47,10.9,In-Progress
INT_0083,CLD_102,4.5,65,62,11.0,In-Progress
INT_0083,MOB_301,4.5,66,65,14.4,In-Progress
INT_0083,WEB_101,3.5,55,54,11.3,In-Progress
INT_0083,WEB_301,3.0,39,42,11.3,Dropped
INT_0083,MOB_202,3.5,69,70,15.8,In-Progress
INT_0083,DS_102,4.0,79,79,12.3,In-Progress
INT_0083,MOB_101,4.0,73,74,11.5,In-Progress
INT_0083,DS_103,4.0,92,86,17.6,Completed
INT_0084,MOB_201,4.0,60,50,19.1,In-Progress
INT_0084,DS_101,4.0,56,61,10.8,In-Progress
INT_0084,AIML_303,2.5,55,56,12.9,In-Progress
INT_0084,AIML_302,4.0,54,56,20.4,In-Progress
INT_0084,CLD_201,3.5,70,63,13.1,In-Progress
INT_0084,DS_302,4.5,55,60,10.0,In-Progress
INT_0084,AIML_101,5.0,80,78,17.1,In-Progress
INT_0084,AIML_202,5.0,90,85,14.9,Completed
INT_0084,CLD_101,3.0,65,65,11.5,In-Progress
INT_0084,AIML_102,4.0,89,88,13.8,Completed
INT_0084,CLD_302,3.0,55,66,14.1,In-Progress
INT_0084,DS_301,4.0,29,40,8.5,Dropped
INT_0084,AIML_201,3.5,81,79,21.4,In-Progress
INT_0084,MOB_301,4.0,70,69,15.3,In-Progress
INT_0084,AIML_301,3.0,44,44,19.7,In-Progress
INT_0084,WEB_201,3.5,75,68,24.0,In-Progress
INT_0084,CLD_102,2.5,60,68,10.4,In-Progress
INT_0084,CLD_202,3.5,70,65,19.2,In-Progress
INT_0084,MOB_302,3.0,23,40,5.8,Dropped
INT_0084,MOB_202,3.5,50,57,12.6,In-Progress
INT_0084,SEC_301,3.5,42,47,9.0,In-Progress
INT_0084,DS_102,3.5,56,58,9.7,In-Progress
INT_0084,MOB_101,4.5,52,51,7.5,In-Progress
INT_0084,DS_103,4.0,52,48,9.1,In-Progress
INT_0085,WEB_101,5.0,68,60,10.8,In-Progress
INT_0085,WEB_301,3.0,60,57,20.0,In-Progress
INT_0085,WEB_102,3.5,91,95,24.4,Completed
INT_0085,AIML_202,3.0,83,81,12.2,In-Progress
INT_0085,WEB_203,4.5,100,90,25.1,Completed
INT_0085,WEB_202,4.0,74,69,18.5,In-Progress
INT_0085,WEB_302,2.5,82,82,19.4,In-Progress
INT_0085,DS_201,4.5,64,63,14.1,In-Progress
INT_0085,SEC_301,4.0,42,46,8.3,In-Progress
INT_0085,AIML_302,3.5,32,40,10.2,Dropped
INT_0085,AIML_101,3.5,77,76,14.8,In-Progress
INT_0085,WEB_201,4.0,90,86,25.5,Completed
INT_0086,CLD_202,4.0,86,80,28.5,Completed
INT_0086,AIML_202,3.0,70,72,12.8,In-Progress
INT_0086,CLD_101,4.0,50,45,7.6,In-Progress
INT_0086,WEB_102,5.0,68,66,17.1,In-Progress
INT_0086,MOB_201,3.0,99,100,26.8,Completed
INT_0086,MOB_202,3.5,86,93,26.3,Completed
INT_0086,MOB_302,4.0,66,62,12.2,In-Progress
INT_0086,DS_302,3.5,76,80,13.1,In-Progress
INT_0086,CLD_302,3.0,30,40,8.5,Dropped
INT_0086,CLD_301,2.5,41,45,17.0,In-Progress
INT_0086,SEC_201,3.5,52,54,14.4,In-Progress
INT_0086,DS_102,3.0,65,65,10.9,In-Progress
INT_0086,MOB_101,4.5,78,81,12.3,In-Progress
INT_0086,MOB_301,3.5,98,100,26.2,Completed
INT_0086,AIML_301,2.5,57,55,24.6,In-Progress
INT_0087,WEB_203,3.0,73,68,13.8,In-Progress
INT_0087,DS_202,3.5,79,75,17.1,In-Progress
INT_0087,DS_201,5.0,100,90,26.5,Completed
INT_0087,SEC_302,4.0,75,69,17.9,In-Progress
INT_0087,DS_101,4.5,100,93,23.4,Completed
INT_0087,CLD_201,4.0,63,70,14.5,In-Progress
INT_0087,DS_302,5.0,88,94,19.3,Completed
INT_0087,SEC_101,3.5,47,44,8.0,In-Progress
INT_0087,AIML_202,3.5,72,78,12.0,In-Progress
INT_0087,CLD_301,3.5,49,52,14.8,In-Progress
INT_0087,DS_301,4.5,91,94,30.2,Completed
INT_0087,AIML_301,3.5,59,68,19.4,In-Progress
INT_0087,WEB_201,3.5,63,63,23.1,In-Progress
INT_0087,WEB_101,3.5,45,40,7.2,In-Progress
INT_0087,WEB_301,5.0,52,45,21.3,In-Progress
INT_0087,WEB_202,4.0,64,62,17.2,In-Progress
INT_0087,SEC_202,5.0,46,40,15.4,In-Progress
INT_0087,SEC_301,2.5,75,77,15.0,In-Progress
INT_0087,DS_102,5.0,100,98,14.4,Completed
INT_0087,MOB_101,2.0,60,57,9.0,In-Progress
INT_0087,DS_103,5.0,100,99,18.1,Completed
INT_0088,CLD_202,4.5,65,67,23.0,In-Progress
INT_0088,AIML_202,5.0,72,69,14.1,In-Progress
INT_0088,AIML_102,4.5,74,76,12.2,In-Progress
INT_0088,MOB_302,4.0,74,64,19.1,In-Progress
INT_0088,AIML_303,4.5,78,86,17.4,In-Progress
INT_0088,CLD_301,3.0,74,74,24.1,In-Progress
INT_0088,DS_301,3.0,54,55,20.1,In-Progress
INT_0088,AIML_201,4.0,96,98,34.6,Completed
INT_0088,SEC_201,4.5,82,76,16.7,In-Progress
INT_0088,AIML_302,4.5,88,78,25.0,Completed
INT_0088,AIML_101,4.5,100,100,18.9,Completed
INT_0088,AIML_301,4.5,87,81,33.9,Completed
INT_0089,CLD_202,3.0,71,66,21.0,In-Progress
INT_0089,WEB_301,4.5,59,55,19.8,In-Progress
INT_0089,MOB_201,3.0,84,83,27.6,In-Progress
INT_0089,MOB_202,3.5,86,88,22.6,Completed
INT_0089,MOB_302,4.5,100,93,20.3,Completed
INT_0089,DS_102,4.0,54,50,7.5,In-Progress
INT_0089,CLD_302,3.5,65,68,17.7,In-Progress
INT_0089,SEC_202,3.5,76,70,22.4,In-Progress
INT_0089,DS_301,3.0,78,72,25.4,In-Progress
INT_0089,CLD_102,3.0,66,64,11.8,In-Progress
INT_0089,DS_201,3.0,83,77,18.3,In-Progress
INT_0089,DS_101,3.0,59,61,10.7,In-Progress
INT_0089,MOB_101,4.0,65,69,11.5,In-Progress
INT_0089,MOB_301,3.5,97,100,26.6,Completed
INT_0090,CLD_202,3.0,61,64,19.1,In-Progress
INT_0090,AIML_202,3.5,86,89,13.5,Completed
INT_0090,CLD_101,5.0,81,79,14.7,In-Progress
INT_0090,AIML_102,4.5,79,83,13.6,In-Progress
INT_0090,DS_302,4.0,70,66,14.8,In-Progress
INT_0090,AIML_303,3.5,60,66,13.0,In-Progress
INT_0090,CLD_302,2.0,49,49,15.5,In-Progress
INT_0090,CLD_301,3.5,36,42,10.8,Dropped
INT_0090,SEC_101,4.0,71,67,10.3,In-Progress
INT_0090,CLD_102,3.0,82,89,11.9,In-Progress
INT_0090,AIML_201,4.5,97,100,32.5,Completed
INT_0090,AIML_302,2.0,69,67,21.4,In-Progress
INT_0090,AIML_101,4.0,100,91,22.3,Completed
INT_0090,MOB_301,3.5,64,64,18.1,In-Progress
INT_0090,AIML_301,3.0,59,60,20.1,In-Progress
INT_0090,WEB_201,4.0,70,77,19.1,In-Progress
INT_0091,WEB_203,5.0,95,97,19.1,Completed
INT_0091,SEC_302,2.0,48,45,13.3,In-Progress
INT_0091,AIML_303,2.0,20,40,4.4,Dropped
INT_0091,DS_302,3.5,60,52,13.5,In-Progress
INT_0091,SEC_101,3.0,72,74,12.6,In-Progress
INT_0091,AIML_101,4.0,56,54,9.3,In-Progress
INT_0091,AIML_202,3.0,63,63,12.7,In-Progress
INT_0091,WEB_102,4.0,100,100,29.3,Completed
INT_0091,AIML_102,4.5,82,80,13.3,In-Progress
INT_0091,CLD_301,3.0,48,55,18.9,In-Progress
INT_0091,DS_301,2.5,24,40,8.3,Dropped
INT_0091,SEC_201,5.0,59,59,12.7,In-Progress
INT_0091,MOB_301,4.5,51,46,12.5,In-Progress
INT_0091,AIML_301,2.5,42,40,16.3,In-Progress
INT_0091,WEB_201,3.5,86,93,31.4,Completed
INT_0091,WEB_101,3.5,93,91,15.8,Completed
INT_0091,WEB_301,2.5,71,78,24.0,In-Progress
INT_0091,MOB_202,3.5,57,48,15.1,In-Progress
INT_0091,WEB_202,5.0,95,90,30.7,Completed
INT_0091,WEB_302,3.5,44,40,11.1,In-Progress
INT_0091,SEC_202,3.5,76,79,25.1,In-Progress
INT_0091,SEC_301,2.0,66,69,15.0,In-Progress
INT_0092,CLD_202,3.5,38,47,10.5,Dropped
INT_0092,AIML_202,2.0,67,68,11.1,In-Progress
INT_0092,WEB_101,3.5,51,50,7.5,In-Progress
INT_0092,MOB_201,4.5,100,97,31.6,Completed
INT_0092,AIML_102,4.0,55,51,7.5,In-Progress
INT_0092,MOB_202,4.0,80,76,18.8,In-Progress
INT_0092,MOB_302,4.0,81,81,20.2,In-Progress
INT_0092,DS_202,3.5,64,58,12.9,In-Progress
INT_0092,WEB_202,4.5,72,66,20.0,In-Progress
INT_0092,CLD_301,4.0,53,58,16.1,In-Progress
INT_0092,CLD_102,3.5,72,77,9.5,In-Progress
INT_0092,SEC_302,3.5,86,79,28.7,Completed
INT_0092,AIML_303,4.5,67,66,18.6,In-Progress
INT_0092,MOB_101,5.0,82,86,13.4,In-Progress
INT_0092,MOB_301,3.0,84,75,17.9,In-Progress
INT_0092,DS_103,4.0,73,74,13.6,In-Progress
INT_0093,DS_101,3.0,66,65,16.8,In-Progress
INT_0093,AIML_302,4.0,74,74,22.0,In-Progress
INT_0093,CLD_201,4.0,95,92,18.1,Completed
INT_0093,DS_302,4.0,64,64,11.2,In-Progress
INT_0093,AIML_101,3.5,56,47,10.3,In-Progress
INT_0093,CLD_101,4.5,81,79,12.6,In-Progress
INT_0093,WEB_102,4.0,80,84,22.6,In-Progress
INT_0093,AIML_102,3.0,55,60,8.9,In-Progress
INT_0093,CLD_302,4.5,76,74,21.2,In-Progress
INT_0093,CLD_301,4.0,90,97,33.8,Completed
INT_0093,AIML_201,3.5,73,74,18.5,In-Progress
INT_0093,MOB_301,4.5,68,58,14.3,In-Progress
INT_0093,CLD_102,4.5,89,94,15.6,Completed
INT_0093,AIML_301,4.5,75,77,27.8,In-Progress
INT_0093,WEB_201,4.5,81,81,25.5,In-Progress
INT_0093,CLD_202,4.0,87,81,25.9,Completed
INT_0093,WEB_301,4.5,59,59,21.5,In-Progress
INT_0093,WEB_202,4.0,71,75,20.2,In-Progress
INT_0093,WEB_302,4.0,74,74,20.5,In-Progress
INT_0093,SEC_202,2.5,60,52,17.0,In-Progress
INT_0093,DS_102,2.5,72,69,9.4,In-Progress
INT_0094,SEC_302,3.0,71,68,18.6,In-Progress
INT_0094,AIML_302,3.5,69,70,20.5,In-Progress
INT_0094,CLD_201,3.0,61,62,13.5,In-Progress
INT_0094,DS_302,4.0,75,77,12.2,In-Progress
INT_0094,SEC_101,4.0,62,63,11.0,In-Progress
INT_0094,AIML_202,4.5,68,57,12.6,In-Progress
INT_0094,CLD_101,5.0,82,81,14.2,In-Progress
INT_0094,AIML_102,3.5,85,80,12.7,Completed
INT_0094,CLD_302,5.0,93,97,31.4,Completed
INT_0094,CLD_301,4.5,87,85,35.6,Completed
INT_0094,DS_301,4.5,65,65,21.0,In-Progress
INT_0094,AIML_201,3.5,59,62,19.4,In-Progress
INT_0094,CLD_102,3.5,98,97,13.9,Completed
INT_0094,AIML_301,3.5,71,73,26.9,In-Progress
INT_0094,WEB_201,4.5,83,81,25.2,In-Progress
INT_0094,CLD_202,5.0,93,84,28.1,Completed
INT_0094,WEB_101,3.0,63,58,9.9,In-Progress
INT_0094,MOB_302,4.0,47,44,10.7,In-Progress
INT_0094,MOB_202,3.0,39,40,9.0,Dropped
INT_0094,WEB_202,3.5,62,67,17.2,In-Progress
INT_0094,SEC_202,3.5,58,67,19.2,In-Progress
INT_0094,DS_102,4.5,58,54,9.9,In-Progress
INT_0094,MOB_101,2.5,64,63,9.8,In-Progress
INT_0094,DS_103,3.5,68,77,10.4,In-Progress
INT_0095,WEB_101,4.5,75,79,12.3,In-Progress
INT_0095,WEB_301,3.5,89,88,27.8,Completed
INT_0095,WEB_102,5.0,79,91,24.4,In-Progress
INT_0095,CLD_101,4.0,55,67,9.9,In-Progress
INT_0095,WEB_203,3.5,80,80,19.2,In-Progress
INT_0095,AIML_102,2.5,55,55,9.8,In-Progress
INT_0095,MOB_201,3.0,75,70,26.4,In-Progress
INT_0095,MOB_302,4.5,66,72,15.5,In-Progress
INT_0095,WEB_202,4.5,100,100,25.7,Completed
INT_0095,CLD_302,3.0,76,74,23.5,In-Progress
INT_0095,WEB_302,3.5,84,77,17.9,In-Progress
INT_0095,SEC_302,3.0,54,58,15.2,In-Progress
INT_0095,CLD_201,3.5,64,60,12.0,In-Progress
INT_0095,CLD_102,3.5,85,92,12.7,Completed
INT_0095,DS_103,3.0,63,68,9.7,In-Progress
INT_0095,WEB_201,5.0,92,87,27.0,Completed
INT_0096,DS_202,3.0,58,54,11.4,In-Progress
INT_0096,DS_201,3.0,60,59,15.4,In-Progress
INT_0096,SEC_302,3.5,40,42,12.7,In-Progress
INT_0096,DS_101,3.5,61,56,11.8,In-Progress
INT_0096,AIML_302,2.5,29,40,11.1,Dropped
INT_0096,AIML_303,3.5,48,44,10.9,In-Progress
INT_0096,CLD_201,5.0,74,68,16.3,In-Progress
INT_0096,DS_302,5.0,60,61,12.6,In-Progress
INT_0096,CLD_101,4.5,81,70,12.4,In-Progress
INT_0096,CLD_302,2.5,52,52,14.7,In-Progress
INT_0096,CLD_301,3.0,75,76,28.2,In-Progress
INT_0096,DS_301,3.0,36,41,13.9,Dropped
INT_0096,AIML_201,3.5,49,46,15.9,In-Progress
INT_0096,MOB_301,4.0,73,81,16.7,In-Progress
INT_0096,CLD_102,3.0,100,98,16.2,Completed
INT_0096,WEB_201,4.0,52,43,15.7,In-Progress
INT_0096,CLD_202,3.5,68,68,24.3,In-Progress
INT_0096,MOB_302,4.0,40,40,9.1,In-Progress
INT_0096,WEB_202,4.5,67,69,15.8,In-Progress
INT_0096,SEC_301,2.5,42,42,9.8,In-Progress
INT_0097,CLD_202,4.0,89,88,22.7,Completed
INT_0097,AIML_202,4.0,62,71,9.4,In-Progress
INT_0097,CLD_101,5.0,100,100,19.9,Completed
INT_0097,WEB_101,3.5,56,64,10.1,In-Progress
INT_0097,WEB_301,2.0,55,53,18.5,In-Progress
INT_0097,AIML_102,3.0,69,62,11.1,In-Progress
INT_0097,DS_202,3.5,64,66,15.2,In-Progress
INT_0097,CLD_302,4.0,52,57,12.7,In-Progress
INT_0097,CLD_301,4.0,58,57,16.8,In-Progress
INT_0097,WEB_302,3.0,35,40,8.7,Dropped
INT_0097,SEC_101,4.0,62,65,11.3,In-Progress
INT_0097,DS_201,4.0,82,88,20.8,In-Progress
INT_0097,MOB_301,4.0,65,69,17.9,In-Progress
INT_0097,DS_101,4.0,91,77,22.4,Completed
INT_0097,CLD_201,5.0,70,67,16.0,In-Progress
INT_0097,MOB_101,3.5,61,62,11.1,In-Progress
INT_0097,CLD_102,3.5,93,86,12.6,Completed
INT_0098,AIML_202,3.5,77,85,14.3,In-Progress
INT_0098,MOB_201,2.5,53,41,18.5,In-Progress
INT_0098,AIML_102,3.0,62,64,11.6,In-Progress
INT_0098,DS_202,4.0,46,49,8.3,In-Progress
INT_0098,DS_302,3.5,42,45,7.8,In-Progress
INT_0098,MOB_202,4.0,69,74,16.7,In-Progress
INT_0098,WEB_202,4.0,31,40,7.3,Dropped
INT_0098,SEC_302,4.5,73,80,21.4,In-Progress
INT_0098,SEC_101,4.5,71,74,10.6,In-Progress
INT_0098,SEC_202,5.0,65,71,21.1,In-Progress
INT_0098,DS_201,3.0,79,75,20.2,In-Progress
INT_0098,SEC_301,4.0,89,91,21.8,Completed
INT_0098,AIML_201,3.5,46,48,12.6,In-Progress
INT_0098,SEC_201,4.0,64,64,13.6,In-Progress
INT_0098,AIML_303,1.5,61,61,14.4,In-Progress
INT_0098,CLD_102,2.5,79,82,12.2,In-Progress
INT_0098,DS_103,2.5,45,48,7.5,In-Progress
INT_0098,WEB_201,3.5,63,63,19.1,In-Progress
INT_0099,AIML_202,3.5,64,69,10.5,In-Progress
INT_0099,MOB_101,2.0,69,64,14.3,In-Progress
INT_0099,CLD_101,3.5,42,40,8.0,In-Progress
INT_0099,MOB_201,4.0,59,67,15.6,In-Progress
INT_0099,DS_302,3.5,70,73,12.4,In-Progress
INT_0099,CLD_302,2.5,29,40,8.0,Dropped
INT_0099,WEB_202,3.5,71,71,20.4,In-Progress
INT_0099,SEC_101,4.5,100,99,18.1,Completed
INT_0099,SEC_202,4.0,81,77,22.2,In-Progress
INT_0099,SEC_301,3.0,81,64,16.2,In-Progress
INT_0099,SEC_302,3.5,58,58,14.4,In-Progress
INT_0099,AIML_303,3.0,45,47,10.4,In-Progress
INT_0099,SEC_201,2.5,99,100,26.3,Completed
INT_0099,CLD_102,3.0,72,70,10.4,In-Progress
INT_0100,WEB_203,3.0,80,85,15.3,In-Progress
INT_0100,SEC_302,3.0,39,41,10.9,Dropped
INT_0100,DS_101,3.0,64,60,15.1,In-Progress
INT_0100,AIML_302,3.5,40,40,15.3,In-Progress
INT_0100,AIML_303,2.5,54,44,14.5,In-Progress
INT_0100,DS_302,4.5,53,50,9.1,In-Progress
INT_0100,WEB_102,4.0,83,86,23.6,In-Progress
INT_0100,AIML_102,3.5,73,62,11.3,In-Progress
INT_0100,CLD_302,4.0,69,66,23.2,In-Progress
INT_0100,CLD_301,3.0,51,54,17.3,In-Progress
INT_0100,DS_301,3.0,38,40,13.9,Dropped
INT_0100,AIML_201,3.5,65,69,20.2,In-Progress
INT_0100,MOB_301,3.0,75,71,18.5,In-Progress
INT_0100,WEB_201,3.5,100,100,31.9,Completed
INT_0100,WEB_101,4.0,100,100,17.0,Completed
INT_0100,WEB_301,2.5,44,49,15.7,In-Progress
INT_0100,MOB_302,1.5,26,40,5.7,Dropped
INT_0100,WEB_202,4.0,89,89,26.9,Completed
INT_0100,WEB_302,4.0,74,73,18.8,In-Progress
INT_0100,SEC_202,3.0,80,78,22.6,In-Progress
INT_0100,SEC_301,3.0,28,40,7.0,Dropped
INT_0100,DS_102,3.0,57,60,9.0,In-Progress
INT_0100,MOB_101,3.0,64,63,10.9,In-Progress
INT_0101,CLD_202,4.0,56,61,18.7,In-Progress
INT_0101,AIML_202,4.0,70,72,10.5,In-Progress
INT_0101,CLD_101,4.0,86,85,15.7,Completed
INT_0101,WEB_203,4.0,74,73,13.8,In-Progress
INT_0101,DS_202,5.0,90,91,22.7,Completed
INT_0101,DS_302,5.0,86,85,16.0,Completed
INT_0101,DS_102,4.5,90,90,14.0,Completed
INT_0101,MOB_202,3.0,70,68,21.4,In-Progress
INT_0101,CLD_301,3.5,37,44,12.9,Dropped
INT_0101,DS_301,3.0,85,83,28.5,Completed
INT_0101,DS_201,5.0,89,95,23.1,Completed
INT_0101,SEC_202,3.0,64,73,22.7,In-Progress
INT_0101,AIML_201,2.0,57,53,14.6,In-Progress
INT_0101,DS_101,3.5,74,77,15.1,In-Progress
INT_0101,CLD_201,3.0,78,74,18.9,In-Progress
INT_0101,DS_103,4.0,88,82,15.5,Completed
INT_0101,WEB_201,4.0,82,76,23.6,In-Progress
INT_0102,MOB_201,4.0,77,71,23.9,In-Progress
INT_0102,MOB_202,3.5,100,95,24.4,Completed
INT_0102,MOB_302,5.0,84,84,15.7,In-Progress
INT_0102,WEB_202,4.0,63,60,20.3,In-Progress
INT_0102,DS_301,3.5,73,80,28.7,In-Progress
INT_0102,SEC_202,3.0,59,73,18.4,In-Progress
INT_0102,SEC_301,4.0,72,72,18.2,In-Progress
INT_0102,DS_101,3.5,68,67,16.8,In-Progress
INT_0102,AIML_302,2.5,85,85,24.4,Completed
INT_0102,MOB_101,5.0,79,76,12.7,In-Progress
INT_0102,MOB_301,4.0,100,95,23.0,Completed
INT_0102,AIML_301,3.0,66,63,26.8,In-Progress
INT_0102,CLD_201,4.5,54,57,13.5,In-Progress
INT_0103,CLD_202,3.0,88,84,25.5,Completed
INT_0103,AIML_202,4.0,72,76,13.9,In-Progress
INT_0103,WEB_301,4.0,34,40,12.5,Dropped
INT_0103,MOB_201,4.0,100,97,31.3,Completed
INT_0103,AIML_102,4.0,72,74,12.5,In-Progress
INT_0103,WEB_203,4.0,75,73,14.7,In-Progress
INT_0103,MOB_202,4.0,93,95,24.7,Completed
INT_0103,MOB_302,4.0,61,67,11.9,In-Progress
INT_0103,WEB_202,3.5,42,48,13.3,In-Progress
INT_0103,AIML_101,3.5,81,83,14.2,In-Progress
INT_0103,DS_301,2.5,37,40,14.8,Dropped
INT_0103,AIML_201,4.5,73,64,21.5,In-Progress
INT_0103,SEC_302,3.5,41,40,11.6,In-Progress
INT_0103,MOB_101,4.5,97,97,20.2,Completed
INT_0103,MOB_301,4.5,79,78,19.0,In-Progress
INT_0103,DS_103,3.5,71,62,11.6,In-Progress
INT_0104,WEB_101,4.0,75,76,11.8,In-Progress
INT_0104,WEB_301,2.5,50,50,18.7,In-Progress
INT_0104,WEB_102,4.0,93,89,25.4,Completed
INT_0104,CLD_101,3.5,67,58,11.9,In-Progress
INT_0104,WEB_203,4.5,99,90,25.3,Completed
INT_0104,AIML_202,4.5,56,60,11.1,In-Progress
INT_0104,DS_102,4.5,61,58,10.1,In-Progress
INT_0104,AIML_303,3.0,27,40,6.1,Dropped
INT_0104,WEB_202,3.5,99,95,28.1,Completed
INT_0104,SEC_302,2.0,28,40,7.5,Dropped
INT_0104,WEB_302,4.5,54,52,14.8,In-Progress
INT_0104,SEC_201,3.5,56,48,15.4,In-Progress
INT_0104,DS_101,3.0,80,79,19.6,In-Progress
INT_0104,AIML_302,4.0,40,44,12.5,In-Progress
INT_0104,WEB_201,5.0,85,83,32.3,Completed
INT_0105,MOB_201,4.0,60,63,15.8,In-Progress
INT_0105,WEB_203,3.5,57,63,14.4,In-Progress
INT_0105,DS_202,4.0,65,53,11.9,In-Progress
INT_0105,DS_201,3.0,58,55,14.0,In-Progress
INT_0105,AIML_302,5.0,96,95,28.4,Completed
INT_0105,AIML_303,5.0,91,94,21.0,Completed
INT_0105,CLD_201,3.5,54,53,12.4,In-Progress
INT_0105,DS_302,3.0,59,67,9.9,In-Progress
INT_0105,AIML_101,5.0,100,100,17.6,Completed
INT_0105,AIML_202,5.0,87,75,14.3,Completed
INT_0105,WEB_102,4.0,82,82,23.0,In-Progress
INT_0105,AIML_102,4.5,90,95,14.4,Completed
INT_0105,CLD_301,3.5,89,84,34.5,Completed
INT_0105,AIML_201,4.5,84,81,24.4,In-Progress
INT_0105,SEC_201,3.0,40,40,8.3,In-Progress
INT_0105,AIML_301,5.0,89,92,36.1,Completed
INT_0105,WEB_201,4.5,88,88,30.0,Completed
INT_0105,WEB_101,4.0,98,90,18.0,Completed
INT_0105,MOB_302,3.0,64,68,15.7,In-Progress
INT_0105,WEB_202,3.0,62,54,19.1,In-Progress
INT_0105,SEC_301,3.0,56,51,12.5,In-Progress
INT_0105,DS_103,3.5,60,65,10.6,In-Progress
INT_0106,WEB_203,3.0,69,66,14.6,In-Progress
INT_0106,DS_302,4.0,73,62,13.1,In-Progress
INT_0106,DS_202,4.0,86,85,20.8,Completed
INT_0106,MOB_302,3.5,48,47,9.4,In-Progress
INT_0106,WEB_202,4.5,75,80,19.5,In-Progress
INT_0106,DS_101,4.5,92,87,19.8,Completed
INT_0106,WEB_302,3.0,37,40,9.7,Dropped
INT_0106,DS_301,2.5,52,56,15.3,In-Progress
INT_0106,DS_201,4.5,76,74,19.7,In-Progress
INT_0106,SEC_101,4.0,56,51,11.4,In-Progress
INT_0106,SEC_302,2.5,39,40,9.2,Dropped
INT_0106,DS_102,4.5,45,40,6.6,In-Progress
INT_0106,AIML_302,2.5,53,56,17.7,In-Progress
INT_0106,AIML_101,3.0,69,64,12.4,In-Progress
INT_0106,DS_103,4.0,91,83,16.4,Completed
INT_0107,AIML_202,4.5,70,61,11.3,In-Progress
INT_0107,MOB_201,4.0,73,68,24.8,In-Progress
INT_0107,WEB_203,4.5,59,53,12.5,In-Progress
INT_0107,DS_302,4.0,97,97,16.2,Completed
INT_0107,DS_202,3.0,91,88,18.7,Completed
INT_0107,CLD_302,3.0,42,48,11.8,In-Progress
INT_0107,DS_101,3.5,77,82,19.8,In-Progress
INT_0107,DS_301,3.0,40,40,15.9,In-Progress
INT_0107,DS_201,5.0,64,67,15.7,In-Progress
INT_0107,SEC_202,3.0,71,74,19.6,In-Progress
INT_0107,SEC_301,3.5,47,41,8.5,In-Progress
INT_0107,SEC_302,2.5,20,40,5.8,Dropped
INT_0107,DS_102,4.5,86,81,13.2,Completed
INT_0107,MOB_101,3.0,47,46,7.6,In-Progress
INT_0107,MOB_301,4.0,55,53,14.3,In-Progress
INT_0107,DS_103,5.0,82,84,16.9,In-Progress
INT_0107,WEB_201,3.5,71,69,20.3,In-Progress
INT_0108,MOB_201,4.5,87,95,29.6,Completed
INT_0108,MOB_302,5.0,100,100,18.1,Completed
INT_0108,MOB_202,3.5,76,80,21.4,In-Progress
INT_0108,SEC_302,3.0,76,72,21.7,In-Progress
INT_0108,WEB_302,3.5,56,59,12.4,In-Progress
INT_0108,AIML_101,4.0,49,47,10.2,In-Progress
INT_0108,SEC_101,4.0,71,67,11.8,In-Progress
INT_0108,AIML_201,3.5,50,49,15.6,In-Progress
INT_0108,SEC_301,4.5,46,52,9.7,In-Progress
INT_0108,SEC_201,4.0,66,73,13.6,In-Progress
INT_0108,CLD_201,3.5,65,57,11.8,In-Progress
INT_0108,MOB_101,4.5,69,82,14.0,In-Progress
INT_0108,MOB_301,4.5,77,85,21.6,In-Progress
INT_0108,WEB_201,3.0,72,73,24.3,In-Progress
INT_0109,WEB_203,3.0,73,77,16.8,In-Progress
INT_0109,DS_202,3.5,68,72,17.4,In-Progress
INT_0109,SEC_302,3.0,74,82,20.9,In-Progress
INT_0109,DS_101,3.0,49,55,11.5,In-Progress
INT_0109,CLD_201,4.0,64,56,15.6,In-Progress
INT_0109,SEC_101,5.0,69,72,11.7,In-Progress
INT_0109,WEB_102,4.5,74,69,21.7,In-Progress
INT_0109,CLD_302,3.5,27,40,8.7,Dropped
INT_0109,CLD_301,2.0,54,45,19.0,In-Progress
INT_0109,DS_301,3.0,40,40,15.9,In-Progress
INT_0109,AIML_201,3.0,55,54,17.3,In-Progress
INT_0109,SEC_201,3.5,84,84,23.5,In-Progress
INT_0109,MOB_301,4.5,72,76,14.3,In-Progress
INT_0109,AIML_301,2.0,36,40,12.7,Dropped
INT_0109,WEB_201,2.5,70,63,19.6,In-Progress
INT_0109,WEB_101,3.5,58,60,9.9,In-Progress
INT_0109,MOB_302,4.0,20,40,5.1,Dropped
INT_0109,WEB_202,3.5,60,60,15.2,In-Progress
INT_0109,WEB_302,3.0,52,47,10.7,In-Progress
INT_0109,SEC_202,4.5,100,97,33.2,Completed
INT_0109,SEC_301,3.5,76,78,13.9,In-Progress
INT_0109,DS_103,3.5,62,62,12.6,In-Progress
INT_0110,AIML_301,2.0,53,51,16.7,In-Progress
INT_0110,WEB_101,4.0,61,62,10.5,In-Progress
INT_0110,MOB_201,3.0,44,41,15.4,In-Progress
INT_0110,WEB_203,4.5,82,77,17.7,In-Progress
INT_0110,AIML_102,3.5,62,60,8.4,In-Progress
INT_0110,DS_202,4.0,86,96,21.5,Completed
INT_0110,DS_302,4.0,74,78,13.3,In-Progress
INT_0110,DS_102,3.5,79,64,12.2,In-Progress
INT_0110,MOB_302,3.0,27,40,5.4,Dropped
INT_0110,DS_301,3.0,52,56,19.4,In-Progress
INT_0110,DS_201,4.5,95,87,23.6,Completed
INT_0110,SEC_301,4.5,29,43,6.9,Dropped
INT_0110,SEC_201,3.5,68,65,14.3,In-Progress
INT_0110,DS_101,3.5,87,93,22.3,Completed
INT_0110,AIML_302,3.0,23,40,7.9,Dropped
INT_0110,MOB_101,4.0,61,61,10.1,In-Progress
INT_0110,DS_103,5.0,87,93,14.3,Completed
INT_0110,CLD_201,4.5,63,56,13.2,In-Progress
INT_0111,MOB_201,4.0,78,75,25.0,In-Progress
INT_0111,DS_201,4.5,64,64,17.0,In-Progress
INT_0111,SEC_302,2.5,45,46,13.9,In-Progress
INT_0111,CLD_201,3.5,71,69,12.8,In-Progress
INT_0111,AIML_302,3.0,35,40,10.5,Dropped
INT_0111,AIML_303,2.5,45,51,8.9,In-Progress
INT_0111,SEC_101,4.5,68,71,11.3,In-Progress
INT_0111,AIML_202,3.5,72,67,14.6,In-Progress
INT_0111,CLD_101,3.5,60,57,10.8,In-Progress
INT_0111,WEB_102,4.0,81,80,24.5,In-Progress
INT_0111,AIML_102,4.5,73,60,11.9,In-Progress
INT_0111,DS_301,3.5,36,40,11.6,Dropped
INT_0111,SEC_201,4.0,66,63,14.4,In-Progress
INT_0111,MOB_301,4.5,78,83,18.9,In-Progress
INT_0111,WEB_201,4.0,71,76,21.8,In-Progress
INT_0111,WEB_101,3.5,48,54,8.9,In-Progress
INT_0111,MOB_302,4.5,58,57,13.3,In-Progress
INT_0111,MOB_202,4.0,100,96,23.7,Completed
INT_0111,WEB_202,4.0,60,54,19.3,In-Progress
INT_0111,WEB_302,2.5,53,60,11.6,In-Progress
INT_0111,SEC_202,4.0,67,67,19.4,In-Progress
INT_0111,SEC_301,2.0,48,48,9.9,In-Progress
INT_0111,DS_102,2.5,58,54,7.4,In-Progress
INT_0111,MOB_101,4.0,100,100,15.0,Completed
INT_0112,AIML_301,2.5,45,43,18.7,In-Progress
INT_0112,CLD_101,4.5,64,72,13.3,In-Progress
INT_0112,MOB_101,4.0,72,65,12.5,In-Progress
INT_0112,MOB_201,4.0,54,62,13.8,In-Progress
INT_0112,WEB_203,5.0,74,73,15.7,In-Progress
INT_0112,DS_202,5.0,96,96,23.9,Completed
INT_0112,DS_302,5.0,100,98,17.9,Completed
INT_0112,DS_102,4.0,89,87,12.4,Completed
INT_0112,MOB_202,4.5,68,66,20.1,In-Progress
INT_0112,SEC_302,4.0,51,40,16.8,In-Progress
INT_0112,DS_301,3.0,62,56,20.6,In-Progress
INT_0112,DS_201,2.5,88,82,21.4,Completed
INT_0112,SEC_202,3.5,56,53,14.5,In-Progress
INT_0112,SEC_101,3.5,83,90,15.6,In-Progress
INT_0112,SEC_201,4.0,36,40,8.3,Dropped
INT_0112,DS_101,4.0,100,98,23.0,Completed
INT_0112,AIML_101,3.5,61,62,14.0,In-Progress
INT_0112,DS_103,5.0,99,95,17.6,Completed
INT_0113,AIML_202,3.0,58,53,9.5,In-Progress
INT_0113,WEB_301,3.5,59,56,17.2,In-Progress
INT_0113,CLD_101,4.0,77,77,12.7,In-Progress
INT_0113,MOB_201,4.5,78,78,25.1,In-Progress
INT_0113,MOB_202,4.5,95,85,21.4,Completed
INT_0113,MOB_302,5.0,100,100,23.7,Completed
INT_0113,DS_202,3.5,57,59,11.5,In-Progress
INT_0113,CLD_102,2.5,76,75,13.0,In-Progress
INT_0113,SEC_301,4.5,82,84,16.9,In-Progress
INT_0113,DS_101,3.5,84,76,18.3,In-Progress
INT_0113,AIML_302,3.5,51,46,19.7,In-Progress
INT_0113,MOB_101,5.0,93,87,13.6,Completed
INT_0113,MOB_301,5.0,97,96,19.3,Completed
INT_0113,DS_103,4.0,100,100,18.7,Completed
INT_0114,CLD_101,4.5,64,61,10.8,In-Progress
INT_0114,MOB_201,4.0,67,61,24.2,In-Progress
INT_0114,WEB_203,2.5,92,90,22.7,Completed
INT_0114,AIML_102,3.0,41,40,7.8,In-Progress
INT_0114,MOB_202,3.5,87,82,19.6,Completed
INT_0114,MOB_302,4.0,94,92,19.3,Completed
INT_0114,DS_302,3.5,62,72,14.4,In-Progress
INT_0114,CLD_302,3.5,75,79,24.6,In-Progress
INT_0114,WEB_302,3.0,68,67,15.3,In-Progress
INT_0114,AIML_101,4.0,86,78,18.3,Completed
INT_0114,SEC_202,3.5,67,60,18.8,In-Progress
INT_0114,SEC_301,3.0,56,48,12.3,In-Progress
INT_0114,SEC_302,3.5,69,72,20.3,In-Progress
INT_0114,DS_101,4.0,58,60,11.6,In-Progress
INT_0114,AIML_302,3.5,43,40,16.0,In-Progress
INT_0114,MOB_101,4.5,77,79,15.5,In-Progress
INT_0114,MOB_301,4.0,83,69,23.2,In-Progress
INT_0114,AIML_301,2.5,100,100,33.0,Completed
INT_0115,WEB_301,4.0,61,67,18.1,In-Progress
INT_0115,MOB_201,4.0,100,100,35.1,Completed
INT_0115,WEB_203,3.0,78,75,16.3,In-Progress
INT_0115,MOB_302,5.0,100,100,22.0,Completed
INT_0115,MOB_202,4.0,91,90,24.0,Completed
INT_0115,WEB_302,3.5,49,51,13.1,In-Progress
INT_0115,SEC_202,4.0,52,56,18.1,In-Progress
INT_0115,DS_201,3.5,66,66,16.8,In-Progress
INT_0115,DS_301,4.0,57,57,21.9,In-Progress
INT_0115,DS_102,5.0,65,45,8.8,In-Progress
INT_0115,AIML_302,4.5,55,52,16.1,In-Progress
INT_0115,MOB_101,5.0,71,65,13.8,In-Progress
INT_0115,MOB_301,4.5,81,84,18.1,In-Progress
INT_0115,WEB_201,3.5,67,74,19.6,In-Progress
INT_0116,CLD_101,2.5,91,85,15.0,Completed
INT_0116,WEB_301,4.0,70,74,21.1,In-Progress
INT_0116,DS_302,3.5,61,62,10.2,In-Progress
INT_0116,SEC_302,4.0,100,98,26.4,Completed
INT_0116,CLD_301,4.0,27,40,9.0,Dropped
INT_0116,SEC_101,5.0,99,100,16.8,Completed
INT_0116,SEC_202,4.0,86,96,31.2,Completed
INT_0116,SEC_301,4.5,100,96,18.2,Completed
INT_0116,SEC_201,3.5,98,100,23.9,Completed
INT_0116,DS_101,3.5,52,42,12.7,In-Progress
INT_0116,AIML_302,3.0,96,100,35.7,Completed
INT_0116,AIML_301,3.5,68,65,24.2,In-Progress
INT_0117,MOB_201,4.5,64,60,18.7,In-Progress
INT_0117,WEB_203,4.0,52,48,9.6,In-Progress
INT_0117,SEC_302,5.0,92,94,24.6,Completed
INT_0117,DS_101,3.5,60,54,13.3,In-Progress
INT_0117,AIML_303,4.0,45,48,9.0,In-Progress
INT_0117,CLD_201,3.0,78,76,16.9,In-Progress
INT_0117,DS_302,4.5,87,87,15.8,Completed
INT_0117,SEC_101,4.5,77,73,14.3,In-Progress
INT_0117,AIML_101,2.5,93,92,18.7,Completed
INT_0117,AIML_202,4.0,77,86,15.4,In-Progress
INT_0117,CLD_101,4.0,41,40,7.9,In-Progress
INT_0117,AIML_102,3.0,66,70,12.7,In-Progress
INT_0117,CLD_302,4.0,66,63,18.4,In-Progress
INT_0117,CLD_301,3.0,61,56,18.4,In-Progress
INT_0117,DS_301,5.0,82,85,31.7,In-Progress
INT_0117,AIML_201,3.5,75,70,22.6,In-Progress
INT_0117,SEC_201,4.0,100,90,24.9,Completed
INT_0117,MOB_301,3.5,84,83,17.0,In-Progress
INT_0117,AIML_301,3.5,74,76,27.8,In-Progress
INT_0117,WEB_201,3.5,73,78,22.3,In-Progress
INT_0117,CLD_202,4.0,73,71,25.8,In-Progress
INT_0117,SEC_202,4.5,87,87,26.5,Completed
INT_0117,SEC_301,4.5,100,100,20.6,Completed
INT_0117,DS_103,3.5,68,70,11.6,In-Progress
INT_0118,WEB_203,5.0,97,94,22.9,Completed
INT_0118,DS_202,5.0,76,75,14.9,In-Progress
INT_0118,CLD_201,3.0,72,66,18.2,In-Progress
INT_0118,DS_302,3.0,59,63,12.7,In-Progress
INT_0118,AIML_101,4.0,66,71,14.3,In-Progress
INT_0118,CLD_101,3.5,54,55,11.0,In-Progress
INT_0118,WEB_102,2.5,84,78,20.5,In-Progress
INT_0118,CLD_302,3.5,42,42,13.5,In-Progress
INT_0118,CLD_301,3.0,22,40,7.8,Dropped
INT_0118,SEC_201,4.5,69,66,15.9,In-Progress
INT_0118,CLD_102,3.0,64,66,10.8,In-Progress
INT_0118,MOB_301,3.0,75,79,18.0,In-Progress
INT_0118,WEB_201,4.5,95,95,35.1,Completed
INT_0118,WEB_101,4.5,100,100,17.2,Completed
INT_0118,WEB_301,3.5,37,45,13.3,Dropped
INT_0118,MOB_202,3.0,64,63,17.4,In-Progress
INT_0118,WEB_202,5.0,99,93,24.2,Completed
INT_0118,WEB_302,3.5,66,63,13.1,In-Progress
INT_0118,SEC_301,2.5,45,46,10.3,In-Progress
INT_0119,WEB_101,4.0,79,82,12.6,In-Progress
INT_0119,WEB_301,4.5,84,92,27.4,In-Progress
INT_0119,WEB_102,4.0,89,85,25.4,Completed
INT_0119,WEB_203,5.0,92,91,22.5,Completed
INT_0119,MOB_302,3.5,71,67,13.8,In-Progress
INT_0119,WEB_202,5.0,75,73,25.2,In-Progress
INT_0119,CLD_301,3.5,54,57,20.1,In-Progress
INT_0119,WEB_302,5.0,91,86,20.3,Completed
INT_0119,CLD_302,3.0,57,51,16.4,In-Progress
INT_0119,SEC_101,4.0,69,72,11.7,In-Progress
INT_0119,SEC_302,3.0,39,41,10.6,Dropped
INT_0119,WEB_201,3.5,95,97,32.6,Completed
INT_0120,DS_202,3.5,83,82,16.4,In-Progress
INT_0120,DS_201,5.0,84,81,22.4,In-Progress
INT_0120,SEC_302,3.0,21,40,6.8,Dropped
INT_0120,DS_101,3.5,88,93,15.9,Completed
INT_0120,AIML_303,4.0,24,40,5.1,Dropped
INT_0120,DS_302,4.5,76,78,16.4,In-Progress
INT_0120,SEC_101,4.5,53,52,10.0,In-Progress
INT_0120,AIML_101,3.5,73,69,15.1,In-Progress
INT_0120,AIML_202,2.5,77,89,13.4,In-Progress
INT_0120,WEB_102,3.5,57,65,13.4,In-Progress
INT_0120,CLD_302,3.5,29,40,9.7,Dropped
INT_0120,CLD_301,3.0,50,50,18.9,In-Progress
INT_0120,DS_301,3.0,67,62,26.0,In-Progress
INT_0120,SEC_201,4.5,77,74,16.1,In-Progress
INT_0120,MOB_301,3.5,52,43,13.8,In-Progress
INT_0120,WEB_201,3.0,61,57,22.6,In-Progress
INT_0120,WEB_101,3.0,47,49,8.7,In-Progress
INT_0120,WEB_202,4.5,59,60,18.9,In-Progress
INT_0120,WEB_302,3.0,60,61,12.9,In-Progress
INT_0120,SEC_202,4.0,62,48,16.0,In-Progress
INT_0120,SEC_301,3.0,63,63,12.5,In-Progress
INT_0120,DS_102,5.0,86,81,12.1,Completed
INT_0120,DS_103,4.5,90,94,16.7,Completed
INT_0121,MOB_201,4.5,100,99,30.5,Completed
INT_0121,WEB_203,3.5,73,77,18.6,In-Progress
INT_0121,DS_202,3.5,65,61,13.6,In-Progress
INT_0121,SEC_302,4.5,71,73,21.8,In-Progress
INT_0121,AIML_303,2.5,67,65,16.8,In-Progress
INT_0121,AIML_302,3.5,69,69,19.3,In-Progress
INT_0121,DS_302,3.0,66,74,12.4,In-Progress
INT_0121,SEC_101,3.5,57,48,11.5,In-Progress
INT_0121,WEB_102,4.0,59,49,15.8,In-Progress
INT_0121,CLD_302,3.0,62,69,17.8,In-Progress
INT_0121,CLD_301,2.5,61,61,19.8,In-Progress
INT_0121,DS_301,3.5,77,71,22.8,In-Progress
INT_0121,SEC_201,4.0,60,58,13.5,In-Progress
INT_0121,MOB_301,5.0,95,98,23.9,Completed
INT_0121,WEB_201,4.5,56,43,17.9,In-Progress
INT_0121,WEB_301,3.5,71,72,28.3,In-Progress
INT_0121,MOB_202,4.5,100,99,24.2,Completed
INT_0121,MOB_302,5.0,100,96,24.7,Completed
INT_0121,WEB_202,4.0,85,76,27.6,Completed
INT_0121,WEB_302,3.5,76,79,17.9,In-Progress
INT_0121,SEC_202,3.0,65,64,21.2,In-Progress
INT_0121,DS_102,3.0,50,56,6.5,In-Progress
INT_0121,MOB_101,3.5,81,84,12.1,In-Progress
INT_0122,DS_201,4.5,55,60,12.4,In-Progress
INT_0122,AIML_303,4.5,68,82,15.6,In-Progress
INT_0122,AIML_302,4.5,76,70,24.1,In-Progress
INT_0122,CLD_201,4.0,79,83,17.1,In-Progress
INT_0122,DS_302,3.5,66,77,14.0,In-Progress
INT_0122,AIML_101,3.5,100,100,18.8,Completed
INT_0122,AIML_202,4.0,81,82,15.1,In-Progress
INT_0122,CLD_101,4.0,77,78,13.5,In-Progress
INT_0122,AIML_102,4.0,100,100,15.0,Completed
INT_0122,CLD_302,4.0,80,92,19.9,In-Progress
INT_0122,DS_301,2.5,74,78,27.7,In-Progress
INT_0122,AIML_201,4.5,92,80,30.1,Completed
INT_0122,CLD_102,4.0,67,69,11.1,In-Progress
INT_0122,AIML_301,4.5,54,48,21.3,In-Progress
INT_0122,CLD_202,3.5,50,57,17.1,In-Progress
INT_0122,WEB_301,3.0,66,68,21.2,In-Progress
INT_0122,MOB_202,4.5,72,73,18.1,In-Progress
INT_0122,WEB_202,4.0,48,40,12.1,In-Progress
INT_0122,SEC_301,4.5,71,74,13.7,In-Progress
INT_0122,MOB_101,3.5,76,80,11.4,In-Progress
INT_0123,DS_202,4.0,68,67,15.0,In-Progress
INT_0123,SEC_302,3.0,44,45,14.5,In-Progress
INT_0123,DS_101,3.5,63,64,13.4,In-Progress
INT_0123,CLD_201,2.5,57,55,14.0,In-Progress
INT_0123,SEC_101,5.0,72,68,14.5,In-Progress
INT_0123,AIML_101,4.5,44,54,9.2,In-Progress
INT_0123,CLD_101,3.5,61,51,11.5,In-Progress
INT_0123,WEB_102,3.5,71,74,22.1,In-Progress
INT_0123,AIML_102,4.0,60,56,10.7,In-Progress
INT_0123,CLD_301,3.5,41,40,14.6,In-Progress
INT_0123,DS_301,3.5,24,40,7.0,Dropped
INT_0123,AIML_201,4.0,87,78,30.5,Completed
INT_0123,SEC_201,4.0,99,97,26.1,Completed
INT_0123,MOB_301,4.5,58,51,14.7,In-Progress
INT_0123,CLD_102,3.5,78,83,13.2,In-Progress
INT_0123,CLD_202,3.5,53,47,17.4,In-Progress
INT_0123,WEB_301,2.0,42,45,15.8,In-Progress
INT_0123,MOB_302,2.5,35,45,7.3,Dropped
INT_0123,WEB_202,3.5,61,55,19.6,In-Progress
INT_0123,SEC_202,3.0,94,93,25.6,Completed
INT_0123,SEC_301,4.0,79,74,19.5,In-Progress
INT_0123,DS_102,3.0,56,61,8.7,In-Progress
INT_0123,MOB_101,3.0,64,66,13.1,In-Progress
INT_0123,DS_103,4.0,69,69,12.4,In-Progress
INT_0124,WEB_203,4.5,90,88,21.4,Completed
INT_0124,DS_202,3.5,86,90,22.3,Completed
INT_0124,DS_201,4.0,57,61,14.3,In-Progress
INT_0124,DS_101,3.0,60,57,13.8,In-Progress
INT_0124,AIML_302,2.5,32,40,10.5,Dropped
INT_0124,CLD_201,4.0,83,75,20.0,In-Progress
INT_0124,AIML_303,2.5,48,47,10.1,In-Progress
INT_0124,AIML_101,3.5,76,82,12.6,In-Progress
INT_0124,CLD_101,3.5,73,82,12.5,In-Progress
INT_0124,WEB_102,3.5,81,80,20.6,In-Progress
INT_0124,AIML_102,3.5,66,57,11.7,In-Progress
INT_0124,CLD_302,1.5,56,54,16.7,In-Progress
INT_0124,CLD_301,3.0,29,40,10.3,Dropped
INT_0124,DS_301,2.0,38,43,12.3,Dropped
INT_0124,AIML_201,4.0,61,59,16.7,In-Progress
INT_0124,CLD_102,3.0,63,70,9.2,In-Progress
INT_0124,WEB_201,5.0,85,93,32.1,Completed
INT_0124,WEB_101,4.5,86,89,17.6,Completed
INT_0124,WEB_301,3.5,61,59,19.7,In-Progress
INT_0124,MOB_302,3.0,50,42,10.8,In-Progress
INT_0124,WEB_202,4.5,93,87,30.8,Completed
INT_0124,WEB_302,4.0,56,53,11.5,In-Progress
INT_0124,SEC_202,3.0,66,63,18.7,In-Progress
INT_0124,DS_102,3.0,79,80,13.3,In-Progress
INT_0125,CLD_202,3.5,80,78,28.6,In-Progress
INT_0125,CLD_101,4.5,81,71,15.3,In-Progress
INT_0125,WEB_301,2.0,49,57,14.4,In-Progress
INT_0125,WEB_203,4.0,64,62,12.2,In-Progress
INT_0125,MOB_202,3.0,72,65,19.3,In-Progress
INT_0125,DS_202,3.5,70,66,13.0,In-Progress
INT_0125,DS_102,3.5,53,56,9.5,In-Progress
INT_0125,CLD_302,3.5,70,76,19.7,In-Progress
INT_0125,CLD_301,3.5,63,70,20.0,In-Progress
INT_0125,WEB_202,4.5,58,48,14.3,In-Progress
INT_0125,DS_101,3.5,67,68,12.9,In-Progress
INT_0125,AIML_303,3.0,20,40,4.3,Dropped
INT_0125,SEC_101,3.5,77,71,13.0,In-Progress
INT_0125,SEC_302,2.5,35,40,11.7,Dropped
INT_0125,MOB_301,4.0,62,65,16.6,In-Progress
INT_0125,CLD_201,3.5,91,92,20.7,Completed
INT_0125,CLD_102,4.0,100,96,14.0,Completed
INT_0125,DS_103,4.5,58,66,12.0,In-Progress
INT_0126,MOB_201,4.5,87,85,30.9,Completed
INT_0126,WEB_203,4.5,84,82,18.3,In-Progress
INT_0126,DS_201,3.0,57,64,14.3,In-Progress
INT_0126,CLD_201,3.5,51,55,11.1,In-Progress
INT_0126,AIML_303,3.0,41,46,11.0,In-Progress
INT_0126,AIML_202,4.5,75,71,14.1,In-Progress
INT_0126,DS_301,3.0,20,40,8.0,Dropped
INT_0126,AIML_201,3.0,79,77,25.1,In-Progress
INT_0126,SEC_201,4.0,49,40,10.2,In-Progress
INT_0126,MOB_301,4.5,81,80,16.7,In-Progress
INT_0126,WEB_201,2.5,56,55,20.2,In-Progress
INT_0126,WEB_101,4.0,87,88,14.0,Completed
INT_0126,MOB_302,3.5,73,70,13.7,In-Progress
INT_0126,MOB_202,5.0,73,72,20.2,In-Progress
INT_0126,WEB_202,3.5,69,69,19.7,In-Progress
INT_0126,SEC_301,3.5,31,40,6.9,Dropped
INT_0126,DS_102,3.5,47,53,8.3,In-Progress
INT_0126,MOB_101,4.0,86,85,17.1,Completed
INT_0126,DS_103,4.0,51,50,10.6,In-Progress
INT_0127,MOB_201,3.5,62,57,17.8,In-Progress
INT_0127,DS_202,3.5,63,55,14.7,In-Progress
INT_0127,DS_201,4.5,52,55,14.2,In-Progress
INT_0127,SEC_302,4.0,96,100,25.6,Completed
INT_0127,DS_101,4.0,69,74,14.6,In-Progress
INT_0127,CLD_201,5.0,83,81,17.2,In-Progress
INT_0127,DS_302,3.0,82,79,16.1,In-Progress
INT_0127,SEC_101,4.5,93,99,16.6,Completed
INT_0127,AIML_101,3.5,57,57,10.9,In-Progress
INT_0127,CLD_101,4.0,60,54,10.7,In-Progress
INT_0127,DS_301,4.5,59,54,19.5,In-Progress
INT_0127,AIML_201,3.5,59,57,19.8,In-Progress
INT_0127,SEC_201,5.0,72,79,15.1,In-Progress
INT_0127,MOB_301,4.0,70,77,14.5,In-Progress
INT_0127,WEB_201,4.0,67,73,23.6,In-Progress
INT_0127,MOB_302,4.0,61,61,13.9,In-Progress
INT_0127,MOB_202,4.0,75,77,17.1,In-Progress
INT_0127,WEB_302,3.5,81,70,19.7,In-Progress
INT_0127,SEC_202,3.5,90,93,32.3,Completed
INT_0127,SEC_301,4.5,80,82,18.3,In-Progress
INT_0127,MOB_101,4.0,78,78,15.3,In-Progress
INT_0128,MOB_201,2.5,58,57,19.9,In-Progress
INT_0128,WEB_203,4.0,53,52,12.7,In-Progress
INT_0128,AIML_302,4.0,69,67,25.1,In-Progress
INT_0128,AIML_303,4.0,94,89,26.2,Completed
INT_0128,DS_302,4.0,71,69,16.1,In-Progress
INT_0128,AIML_101,4.0,100,100,21.0,Completed
INT_0128,AIML_202,4.0,88,91,15.3,Completed
INT_0128,CLD_101,4.0,61,64,9.9,In-Progress
INT_0128,WEB_102,4.0,69,63,16.3,In-Progress
INT_0128,AIML_102,4.5,76,83,14.1,In-Progress
INT_0128,CLD_301,4.5,58,52,17.0,In-Progress
INT_0128,DS_301,3.5,74,72,23.6,In-Progress
INT_0128,AIML_201,4.5,89,80,23.1,Completed
INT_0128,SEC_201,4.0,39,40,9.2,Dropped
INT_0128,MOB_301,4.0,69,63,17.4,In-Progress
INT_0128,AIML_301,3.5,85,96,31.5,Completed
INT_0128,WEB_101,4.5,59,56,9.8,In-Progress
INT_0128,MOB_302,3.5,62,61,15.2,In-Progress
INT_0128,MOB_202,4.0,42,43,12.9,In-Progress
INT_0128,WEB_202,4.0,74,71,25.0,In-Progress
INT_0128,WEB_302,4.5,71,67,17.6,In-Progress
INT_0128,SEC_202,4.5,71,75,18.1,In-Progress
INT_0128,DS_103,3.0,60,61,8.8,In-Progress
INT_0129,AIML_202,4.0,81,75,14.9,In-Progress
INT_0129,DS_103,2.5,67,64,11.8,In-Progress
INT_0129,CLD_101,3.0,56,55,10.7,In-Progress
INT_0129,MOB_201,4.5,49,51,16.6,In-Progress
INT_0129,AIML_102,3.0,88,89,13.6,Completed
INT_0129,AIML_302,4.0,64,63,18.1,In-Progress
INT_0129,CLD_302,2.0,28,40,8.4,Dropped
INT_0129,SEC_101,4.5,44,40,6.9,In-Progress
INT_0129,DS_201,4.5,56,55,14.5,In-Progress
INT_0129,AIML_201,3.5,76,89,24.0,In-Progress
INT_0129,SEC_301,2.5,24,40,5.8,Dropped
INT_0129,DS_101,3.0,73,71,15.8,In-Progress
INT_0129,AIML_303,2.0,75,82,19.1,In-Progress
INT_0129,AIML_101,3.5,100,96,18.4,Completed
INT_0129,AIML_301,2.5,66,60,28.7,In-Progress
INT_0129,CLD_201,3.0,73,73,17.9,In-Progress
INT_0130,MOB_201,2.0,88,88,23.3,Completed
INT_0130,DS_202,3.5,94,100,18.9,Completed
INT_0130,DS_201,3.5,86,83,18.7,Completed
INT_0130,DS_101,4.5,77,79,15.7,In-Progress
INT_0130,CLD_201,4.0,85,87,20.3,Completed
INT_0130,AIML_302,3.5,44,45,14.1,In-Progress
INT_0130,AIML_303,3.5,53,55,10.5,In-Progress
INT_0130,DS_302,5.0,88,87,15.1,Completed
INT_0130,SEC_101,2.5,50,48,8.4,In-Progress
INT_0130,CLD_101,3.5,60,60,10.8,In-Progress
INT_0130,WEB_102,2.5,73,69,17.9,In-Progress
INT_0130,AIML_102,3.5,72,79,13.3,In-Progress
INT_0130,CLD_301,2.5,28,40,11.4,Dropped
INT_0130,DS_301,4.0,62,62,22.1,In-Progress
INT_0130,CLD_102,3.5,67,62,11.4,In-Progress
INT_0130,AIML_301,3.0,38,40,17.2,Dropped
INT_0130,CLD_202,4.0,58,62,20.9,In-Progress
INT_0130,WEB_101,4.0,61,62,11.0,In-Progress
INT_0130,WEB_301,3.0,41,40,13.7,In-Progress
INT_0130,MOB_302,3.0,48,46,9.0,In-Progress
INT_0130,MOB_202,4.0,65,64,18.0,In-Progress
INT_0130,WEB_302,3.0,41,46,11.1,In-Progress
INT_0130,DS_102,3.5,100,94,17.4,Completed
INT_0130,DS_103,3.5,89,86,14.2,Completed
INT_0131,WEB_203,4.5,96,87,20.3,Completed
INT_0131,DS_202,3.5,66,65,13.7,In-Progress
INT_0131,DS_201,3.0,60,59,16.6,In-Progress
INT_0131,DS_101,3.0,69,65,16.3,In-Progress
INT_0131,AIML_303,4.0,49,52,11.8,In-Progress
INT_0131,CLD_201,3.5,64,64,12.6,In-Progress
INT_0131,AIML_302,3.0,44,45,13.1,In-Progress
INT_0131,AIML_101,4.0,60,52,12.7,In-Progress
INT_0131,AIML_202,3.5,55,55,8.5,In-Progress
INT_0131,CLD_101,3.0,59,57,8.8,In-Progress
INT_0131,WEB_102,5.0,79,78,18.0,In-Progress
INT_0131,CLD_301,3.0,35,40,12.5,Dropped
INT_0131,DS_301,2.5,50,52,19.8,In-Progress
INT_0131,WEB_201,4.5,91,95,35.1,Completed
INT_0131,CLD_202,3.5,59,63,16.2,In-Progress
INT_0131,WEB_101,3.0,100,100,15.0,Completed
INT_0131,WEB_301,3.0,53,45,19.5,In-Progress
INT_0131,MOB_302,3.0,38,42,8.3,Dropped
INT_0131,WEB_202,4.0,81,78,19.0,In-Progress
INT_0131,WEB_302,3.0,65,72,14.4,In-Progress
INT_0131,SEC_301,2.0,46,42,11.8,In-Progress
INT_0131,DS_102,3.5,73,72,11.9,In-Progress
INT_0132,CLD_202,4.0,63,61,21.3,In-Progress
INT_0132,WEB_101,4.5,90,95,15.5,Completed
INT_0132,WEB_301,3.5,74,72,29.3,In-Progress
INT_0132,WEB_102,4.5,75,82,22.4,In-Progress
INT_0132,WEB_203,3.0,89,91,16.5,Completed
INT_0132,DS_302,4.0,83,73,16.4,In-Progress
INT_0132,DS_202,3.5,79,75,17.7,In-Progress
INT_0132,WEB_202,4.5,100,100,29.2,Completed
INT_0132,CLD_302,2.5,46,40,12.5,In-Progress
INT_0132,WEB_302,3.5,79,76,18.4,In-Progress
INT_0132,SEC_101,4.0,59,55,9.7,In-Progress
INT_0132,DS_301,3.5,48,48,18.8,In-Progress
INT_0132,DS_102,4.5,52,51,8.2,In-Progress
INT_0132,AIML_303,4.0,51,50,11.6,In-Progress
INT_0132,MOB_101,4.0,60,50,10.2,In-Progress
INT_0132,WEB_201,5.0,87,88,23.7,Completed
INT_0133,AIML_202,3.5,95,100,17.5,Completed
INT_0133,WEB_301,2.5,35,40,12.8,Dropped
INT_0133,AIML_102,5.0,69,70,10.3,In-Progress
INT_0133,DS_302,3.0,70,70,15.1,In-Progress
INT_0133,DS_202,3.5,52,60,10.4,In-Progress
INT_0133,AIML_302,4.0,59,55,18.9,In-Progress
INT_0133,CLD_301,3.5,39,40,14.8,Dropped
INT_0133,WEB_302,3.5,33,40,8.8,Dropped
INT_0133,SEC_202,3.5,56,62,17.0,In-Progress
INT_0133,AIML_201,4.5,90,92,25.4,Completed
INT_0133,AIML_303,3.5,92,88,20.4,Completed
INT_0133,AIML_101,4.0,85,83,18.4,Completed
INT_0133,MOB_301,3.0,54,55,14.7,In-Progress
INT_0133,AIML_301,3.5,66,61,25.2,In-Progress
INT_0134,WEB_102,4.0,62,62,13.5,In-Progress
INT_0134,MOB_201,3.5,58,55,15.5,In-Progress
INT_0134,AIML_102,2.0,76,84,11.6,In-Progress
INT_0134,WEB_202,3.0,60,67,17.5,In-Progress
INT_0134,CLD_301,2.0,31,40,11.4,Dropped
INT_0134,SEC_101,4.5,96,85,16.1,Completed
INT_0134,SEC_202,4.5,88,88,28.1,Completed
INT_0134,SEC_301,3.0,64,66,14.3,In-Progress
INT_0134,SEC_302,3.0,56,55,17.3,In-Progress
INT_0134,AIML_302,3.5,58,43,19.8,In-Progress
INT_0134,SEC_201,4.5,69,72,16.4,In-Progress
INT_0134,MOB_301,3.5,69,74,15.6,In-Progress
INT_0134,AIML_301,2.0,35,40,14.8,Dropped
INT_0134,WEB_201,3.5,75,68,25.8,In-Progress
INT_0135,WEB_203,3.0,68,68,17.6,In-Progress
INT_0135,DS_201,3.0,89,99,18.4,Completed
INT_0135,SEC_302,3.5,58,56,14.0,In-Progress
INT_0135,DS_101,4.0,58,57,12.0,In-Progress
INT_0135,CLD_201,5.0,91,86,18.4,Completed
INT_0135,DS_302,4.0,65,63,12.7,In-Progress
INT_0135,SEC_101,3.5,71,74,14.7,In-Progress
INT_0135,CLD_101,5.0,100,100,19.5,Completed
INT_0135,WEB_102,4.5,55,59,14.8,In-Progress
INT_0135,CLD_302,5.0,91,90,28.5,Completed
INT_0135,CLD_301,4.5,92,90,30.9,Completed
INT_0135,SEC_201,3.5,60,55,16.8,In-Progress
INT_0135,MOB_301,4.0,52,58,12.1,In-Progress
INT_0135,CLD_102,5.0,100,94,15.3,Completed
INT_0135,CLD_202,5.0,69,65,23.3,In-Progress
INT_0135,MOB_302,3.0,76,66,19.7,In-Progress
INT_0135,WEB_202,2.5,44,42,14.4,In-Progress
INT_0135,SEC_202,5.0,62,60,22.2,In-Progress
INT_0135,DS_102,3.5,53,58,8.5,In-Progress
INT_0135,DS_103,3.5,80,82,12.4,In-Progress
INT_0136,CLD_202,4.0,99,100,32.5,Completed
INT_0136,CLD_101,3.5,77,71,13.2,In-Progress
INT_0136,DS_202,4.0,64,66,16.5,In-Progress
INT_0136,CLD_302,3.5,52,54,16.4,In-Progress
INT_0136,CLD_301,3.0,70,63,29.0,In-Progress
INT_0136,DS_201,3.0,61,61,16.3,In-Progress
INT_0136,MOB_301,3.0,70,65,15.9,In-Progress
INT_0136,CLD_201,5.0,75,81,14.4,In-Progress
INT_0136,MOB_101,3.5,71,65,14.1,In-Progress
INT_0136,CLD_102,3.5,76,68,13.0,In-Progress
INT_0136,DS_103,3.5,58,60,10.1,In-Progress
INT_0136,WEB_201,3.0,78,75,26.8,In-Progress
INT_0137,WEB_203,4.5,93,91,19.4,Completed
INT_0137,SEC_302,3.5,34,40,9.3,Dropped
INT_0137,AIML_302,2.5,45,43,16.2,In-Progress
INT_0137,DS_302,3.5,61,65,11.3,In-Progress
INT_0137,CLD_101,3.5,65,78,11.4,In-Progress
INT_0137,WEB_102,3.5,87,85,26.8,Completed
INT_0137,DS_301,4.0,50,44,20.4,In-Progress
INT_0137,AIML_201,4.0,69,66,22.0,In-Progress
INT_0137,SEC_201,4.0,66,59,14.4,In-Progress
INT_0137,CLD_102,3.5,85,77,15.5,Completed
INT_0137,WEB_201,4.0,86,87,33.3,Completed
INT_0137,CLD_202,3.5,53,50,19.2,In-Progress
INT_0137,WEB_101,5.0,76,74,13.2,In-Progress
INT_0137,WEB_301,4.0,71,82,22.9,In-Progress
INT_0137,MOB_302,2.0,20,40,5.1,Dropped
INT_0137,WEB_202,3.0,87,84,27.9,Completed
INT_0137,WEB_302,3.0,74,75,16.2,In-Progress
INT_0137,SEC_202,3.5,65,59,22.8,In-Progress
INT_0137,SEC_301,3.5,33,40,6.3,Dropped
INT_0138,WEB_102,3.5,46,40,10.7,In-Progress
INT_0138,WEB_203,3.0,56,60,11.2,In-Progress
INT_0138,DS_202,4.0,85,95,20.1,Completed
INT_0138,DS_302,5.0,75,80,13.9,In-Progress
INT_0138,MOB_302,3.0,81,78,16.3,In-Progress
INT_0138,CLD_302,3.0,60,62,14.4,In-Progress
INT_0138,CLD_301,3.0,73,69,23.1,In-Progress
INT_0138,DS_101,4.5,97,99,19.1,Completed
INT_0138,MOB_202,3.0,60,62,17.4,In-Progress
INT_0138,WEB_302,5.0,69,71,13.8,In-Progress
INT_0138,DS_301,4.5,77,77,28.7,In-Progress
INT_0138,DS_201,4.5,85,89,24.2,Completed
INT_0138,SEC_202,3.5,50,48,15.2,In-Progress
INT_0138,SEC_301,4.5,64,65,14.6,In-Progress
INT_0138,DS_102,3.5,100,100,12.7,Completed
INT_0138,MOB_101,3.5,58,55,10.8,In-Progress
INT_0138,DS_103,4.5,85,86,15.8,Completed
INT_0139,WEB_101,3.5,78,82,11.7,In-Progress
INT_0139,WEB_301,3.5,55,52,20.1,In-Progress
INT_0139,WEB_102,4.0,100,100,29.9,Completed
INT_0139,AIML_202,3.0,64,68,11.7,In-Progress
INT_0139,WEB_203,3.5,100,100,23.1,Completed
INT_0139,MOB_201,3.5,76,72,24.9,In-Progress
INT_0139,AIML_302,3.5,37,41,13.4,Dropped
INT_0139,WEB_202,4.0,91,85,30.4,Completed
INT_0139,WEB_302,3.5,64,64,13.4,In-Progress
INT_0139,DS_301,2.0,52,52,17.6,In-Progress
INT_0139,AIML_201,3.5,66,67,22.7,In-Progress
INT_0139,SEC_201,3.0,54,57,15.2,In-Progress
INT_0139,AIML_303,2.5,47,48,11.9,In-Progress
INT_0139,WEB_201,3.5,67,64,22.5,In-Progress
INT_0140,DS_202,4.5,44,46,9.6,In-Progress
INT_0140,AIML_303,3.0,82,81,20.6,In-Progress
INT_0140,AIML_302,5.0,86,88,23.6,Completed
INT_0140,SEC_101,3.5,63,64,9.4,In-Progress
INT_0140,AIML_101,5.0,100,100,22.4,Completed
INT_0140,AIML_202,4.0,80,83,14.5,In-Progress
INT_0140,CLD_101,3.5,74,82,10.8,In-Progress
INT_0140,AIML_102,4.5,91,86,16.2,Completed
INT_0140,CLD_301,4.0,60,66,23.0,In-Progress
INT_0140,AIML_201,5.0,79,73,21.4,In-Progress
INT_0140,SEC_201,2.5,72,67,20.1,In-Progress
INT_0140,CLD_102,3.0,70,68,10.0,In-Progress
INT_0140,AIML_301,3.5,99,94,31.3,Completed
INT_0140,WEB_201,4.5,67,70,23.5,In-Progress
INT_0140,WEB_101,3.0,66,75,11.0,In-Progress
INT_0140,WEB_301,4.0,72,68,21.4,In-Progress
INT_0140,MOB_202,3.5,67,62,14.8,In-Progress
INT_0140,SEC_301,4.5,55,60,13.2,In-Progress
INT_0140,MOB_101,3.5,84,79,16.1,In-Progress
INT_0140,DS_103,3.0,69,73,12.8,In-Progress
INT_0141,WEB_101,4.0,81,76,13.9,In-Progress
INT_0141,MOB_201,4.5,72,78,24.0,In-Progress
INT_0141,WEB_202,3.5,52,53,16.7,In-Progress
INT_0141,CLD_301,2.5,64,68,19.6,In-Progress
INT_0141,CLD_302,4.0,63,63,20.0,In-Progress
INT_0141,SEC_101,3.5,94,92,17.5,Completed
INT_0141,SEC_202,4.0,77,77,20.4,In-Progress
INT_0141,SEC_301,4.5,87,85,19.6,Completed
INT_0141,SEC_302,4.5,93,95,30.7,Completed
INT_0141,DS_102,4.0,80,71,11.1,In-Progress
INT_0141,CLD_201,4.0,78,70,15.1,In-Progress
INT_0141,SEC_201,4.5,69,71,19.3,In-Progress
INT_0141,CLD_102,3.0,84,89,13.3,In-Progress
INT_0141,AIML_301,3.0,64,62,21.0,In-Progress
INT_0142,MOB_201,4.0,56,58,16.4,In-Progress
INT_0142,DS_202,4.0,70,74,13.8,In-Progress
INT_0142,SEC_302,2.5,29,40,8.7,Dropped
INT_0142,DS_101,4.5,49,50,11.3,In-Progress
INT_0142,CLD_201,5.0,87,88,18.2,Completed
INT_0142,DS_302,4.0,83,80,16.2,In-Progress
INT_0142,CLD_101,3.5,75,73,15.2,In-Progress
INT_0142,WEB_102,3.5,84,87,19.2,In-Progress
INT_0142,CLD_302,3.5,68,59,21.6,In-Progress
INT_0142,CLD_301,2.0,56,51,21.8,In-Progress
INT_0142,AIML_201,3.5,63,65,22.6,In-Progress
INT_0142,CLD_102,4.0,100,96,15.7,Completed
INT_0142,AIML_301,4.0,41,40,13.2,In-Progress
INT_0142,CLD_202,4.5,95,91,29.1,Completed
INT_0142,WEB_101,3.0,45,48,8.2,In-Progress
INT_0142,MOB_302,2.5,38,40,7.3,Dropped
INT_0142,WEB_202,2.0,51,51,15.2,In-Progress
INT_0142,SEC_301,2.5,36,40,7.6,Dropped
INT_0142,DS_102,3.5,44,40,7.2,In-Progress
INT_0142,DS_103,3.5,74,70,14.7,In-Progress
INT_0143,CLD_202,3.0,47,58,12.6,In-Progress
INT_0143,WEB_102,2.5,60,60,14.3,In-Progress
INT_0143,MOB_201,3.0,76,74,23.6,In-Progress
INT_0143,SEC_302,2.5,57,59,16.1,In-Progress
INT_0143,SEC_101,5.0,82,76,16.8,In-Progress
INT_0143,SEC_202,2.5,96,100,27.8,Completed
INT_0143,SEC_301,3.5,68,61,15.9,In-Progress
INT_0143,SEC_201,4.5,94,90,26.5,Completed
INT_0143,CLD_201,3.5,88,82,20.5,Completed
INT_0143,AIML_101,2.5,67,70,13.5,In-Progress
INT_0143,MOB_301,4.0,52,51,10.7,In-Progress
INT_0143,DS_103,3.0,52,53,8.0,In-Progress
INT_0144,AIML_202,5.0,89,90,13.4,Completed
INT_0144,WEB_301,3.5,39,40,11.4,Dropped
INT_0144,WEB_101,4.0,82,91,16.1,In-Progress
INT_0144,AIML_102,4.5,92,94,17.9,Completed
INT_0144,AIML_302,3.5,35,40,12.0,Dropped
INT_0144,WEB_302,3.0,31,40,7.3,Dropped
INT_0144,AIML_201,4.5,88,91,25.7,Completed
INT_0144,SEC_301,3.5,20,40,4.3,Dropped
INT_0144,AIML_303,3.5,66,72,15.0,In-Progress
INT_0144,AIML_101,5.0,100,96,17.4,Completed
INT_0144,MOB_301,3.5,53,48,13.6,In-Progress
INT_0144,AIML_301,3.0,51,43,22.4,In-Progress
INT_0145,CLD_202,3.5,63,58,21.9,In-Progress
INT_0145,WEB_101,3.5,100,100,20.6,Completed
INT_0145,WEB_301,3.0,61,64,25.4,In-Progress
INT_0145,WEB_102,4.0,96,100,26.5,Completed
INT_0145,CLD_101,3.5,65,56,13.2,In-Progress
INT_0145,WEB_203,4.0,100,100,19.5,Completed
INT_0145,DS_302,3.0,54,54,12.3,In-Progress
INT_0145,MOB_202,4.0,61,58,18.5,In-Progress
INT_0145,WEB_202,4.0,80,80,19.6,In-Progress
INT_0145,CLD_302,3.0,38,41,10.3,Dropped
INT_0145,WEB_302,3.5,68,61,17.3,In-Progress
INT_0145,DS_101,3.0,71,71,17.6,In-Progress
INT_0145,CLD_102,4.0,36,41,6.5,Dropped
INT_0145,WEB_201,5.0,92,92,30.9,Completed
INT_0146,MOB_201,4.5,83,80,23.3,In-Progress
INT_0146,DS_201,3.0,48,43,9.7,In-Progress
INT_0146,SEC_302,2.5,45,54,12.6,In-Progress
INT_0146,AIML_303,3.5,45,54,12.7,In-Progress
INT_0146,CLD_201,3.0,61,66,14.1,In-Progress
INT_0146,SEC_101,3.5,49,49,10.0,In-Progress
INT_0146,AIML_101,4.0,58,58,11.8,In-Progress
INT_0146,AIML_202,3.5,74,70,11.6,In-Progress
INT_0146,WEB_102,4.0,64,65,17.5,In-Progress
INT_0146,SEC_201,4.5,89,90,20.8,Completed
INT_0146,MOB_301,4.5,87,88,21.4,Completed
INT_0146,AIML_301,3.0,45,47,19.5,In-Progress
INT_0146,CLD_202,4.0,64,64,17.3,In-Progress
INT_0146,WEB_101,4.5,63,64,11.9,In-Progress
INT_0146,WEB_301,3.0,24,40,8.0,Dropped
INT_0146,MOB_202,4.0,65,61,15.3,In-Progress
INT_0146,MOB_302,3.0,73,77,16.8,In-Progress
INT_0146,WEB_302,3.5,37,40,7.6,Dropped
INT_0146,SEC_202,2.5,88,80,27.3,Completed
INT_0146,SEC_301,3.0,20,40,3.7,Dropped
INT_0146,DS_102,3.5,53,53,6.7,In-Progress
INT_0146,MOB_101,4.5,75,70,14.0,In-Progress
INT_0147,CLD_202,5.0,95,89,28.3,Completed
INT_0147,WEB_101,3.0,62,63,12.7,In-Progress
INT_0147,CLD_101,4.0,100,100,19.3,Completed
INT_0147,MOB_201,3.5,63,74,19.7,In-Progress
INT_0147,MOB_202,4.0,61,57,13.5,In-Progress
INT_0147,CLD_302,3.5,85,94,24.6,Completed
INT_0147,CLD_301,4.5,65,59,25.7,In-Progress
INT_0147,DS_101,4.0,54,51,11.0,In-Progress
INT_0147,CLD_201,5.0,79,78,14.5,In-Progress
INT_0147,AIML_101,3.5,64,69,11.5,In-Progress
INT_0147,CLD_102,4.5,82,80,12.9,In-Progress
INT_0147,AIML_301,4.5,67,67,24.3,In-Progress
INT_0148,CLD_202,3.5,100,100,34.4,Completed
INT_0148,WEB_101,4.5,90,95,13.8,Completed
INT_0148,WEB_301,3.5,70,74,21.7,In-Progress
INT_0148,WEB_102,4.0,83,88,24.6,In-Progress
INT_0148,MOB_201,3.0,53,43,19.2,In-Progress
INT_0148,WEB_203,4.5,92,84,19.6,Completed
INT_0148,DS_202,3.5,57,58,11.5,In-Progress
INT_0148,WEB_202,4.0,83,85,21.5,In-Progress
INT_0148,WEB_302,3.5,77,81,19.8,In-Progress
INT_0148,SEC_101,3.0,59,56,11.2,In-Progress
INT_0148,SEC_302,4.5,20,40,5.3,Dropped
INT_0148,MOB_101,3.0,54,52,7.9,In-Progress
INT_0148,WEB_201,4.0,97,93,30.0,Completed
INT_0149,MOB_201,4.5,76,78,19.3,In-Progress
INT_0149,WEB_203,4.5,87,87,17.9,Completed
INT_0149,DS_202,4.0,50,45,11.2,In-Progress
INT_0149,DS_101,4.5,56,64,13.9,In-Progress
INT_0149,AIML_303,2.0,47,49,12.9,In-Progress
INT_0149,AIML_302,3.0,20,40,6.0,Dropped
INT_0149,SEC_101,3.0,66,60,13.6,In-Progress
INT_0149,AIML_101,3.0,54,60,9.1,In-Progress
INT_0149,AIML_202,2.5,66,72,12.1,In-Progress
INT_0149,WEB_102,4.5,97,100,29.6,Completed
INT_0149,AIML_102,3.5,74,72,10.8,In-Progress
INT_0149,CLD_301,1.5,40,51,12.0,In-Progress
INT_0149,DS_301,2.5,23,40,8.6,Dropped
INT_0149,AIML_201,4.0,74,64,22.4,In-Progress
INT_0149,MOB_301,3.5,66,56,15.0,In-Progress
INT_0149,CLD_102,3.5,66,56,11.5,In-Progress
INT_0149,WEB_201,5.0,83,80,26.3,In-Progress
INT_0149,WEB_101,4.5,100,97,14.7,Completed
INT_0149,WEB_301,4.0,50,40,17.9,In-Progress
INT_0149,WEB_202,5.0,86,79,24.6,Completed
INT_0149,WEB_302,3.0,70,71,14.0,In-Progress
INT_0149,SEC_301,3.5,27,40,5.7,Dropped
INT_0149,DS_102,3.0,47,52,6.4,In-Progress
INT_0149,MOB_101,2.5,69,70,12.0,In-Progress
INT_0150,DS_202,3.5,72,72,15.6,In-Progress
INT_0150,DS_201,3.5,75,75,21.3,In-Progress
INT_0150,SEC_302,3.5,47,44,13.2,In-Progress
INT_0150,AIML_302,4.0,50,42,14.6,In-Progress
INT_0150,CLD_201,3.5,95,94,18.9,Completed
INT_0150,AIML_303,2.5,42,40,10.1,In-Progress
INT_0150,DS_302,3.5,38,40,7.9,Dropped
INT_0150,SEC_101,3.0,63,63,12.5,In-Progress
INT_0150,AIML_202,3.5,60,59,8.9,In-Progress
INT_0150,CLD_101,4.5,96,93,18.1,Completed
INT_0150,WEB_102,4.0,69,74,16.6,In-Progress
INT_0150,AIML_102,3.0,56,54,10.7,In-Progress
INT_0150,CLD_302,3.5,42,44,11.3,In-Progress
INT_0150,CLD_301,3.5,71,72,24.4,In-Progress
INT_0150,CLD_102,5.0,81,81,11.2,In-Progress
INT_0150,WEB_201,4.0,61,65,20.7,In-Progress
INT_0150,CLD_202,4.0,95,97,33.4,Completed
INT_0150,MOB_202,4.5,61,54,18.1,In-Progress
INT_0150,MOB_302,3.5,31,40,6.9,Dropped
INT_0150,WEB_202,4.5,59,61,16.5,In-Progress
INT_0150,WEB_302,3.0,26,40,6.2,Dropped
INT_0150,SEC_301,2.0,31,40,7.7,Dropped
INT_0150,DS_102,3.0,67,76,9.3,In-Progress
INT_0150,DS_103,4.0,78,77,12.1,In-Progress
INT_0151,AIML_202,3.5,45,40,9.2,In-Progress
INT_0151,MOB_201,5.0,87,83,28.8,Completed
INT_0151,WEB_203,4.0,50,57,10.3,In-Progress
INT_0151,AIML_102,4.0,73,85,14.0,In-Progress
INT_0151,MOB_202,5.0,100,100,26.1,Completed
INT_0151,MOB_302,4.0,88,89,17.7,Completed
INT_0151,CLD_301,2.5,58,63,22.9,In-Progress
INT_0151,DS_101,4.0,79,70,14.7,In-Progress
INT_0151,AIML_101,3.5,84,76,16.4,In-Progress
INT_0151,DS_301,3.0,56,49,21.9,In-Progress
INT_0151,SEC_302,3.5,75,80,18.0,In-Progress
INT_0151,DS_102,3.5,72,73,11.8,In-Progress
INT_0151,AIML_302,4.5,90,92,33.1,Completed
INT_0151,MOB_101,3.5,100,97,17.0,Completed
INT_0151,MOB_301,5.0,81,81,16.5,In-Progress
INT_0152,MOB_201,3.0,79,70,24.8,In-Progress
INT_0152,WEB_203,3.5,66,64,16.9,In-Progress
INT_0152,DS_202,2.5,64,64,11.7,In-Progress
INT_0152,DS_201,3.5,73,80,16.5,In-Progress
INT_0152,CLD_201,3.5,71,70,16.6,In-Progress
INT_0152,AIML_302,3.0,31,40,11.8,Dropped
INT_0152,SEC_101,2.5,63,68,10.7,In-Progress
INT_0152,AIML_202,2.5,69,66,12.0,In-Progress
INT_0152,CLD_101,3.5,60,59,9.2,In-Progress
INT_0152,WEB_102,5.0,77,74,20.8,In-Progress
INT_0152,AIML_102,2.5,61,64,8.7,In-Progress
INT_0152,AIML_201,4.5,64,63,16.3,In-Progress
INT_0152,MOB_301,3.0,64,61,14.4,In-Progress
INT_0152,CLD_102,4.0,78,66,12.0,In-Progress
INT_0152,AIML_301,2.0,55,61,23.9,In-Progress
INT_0152,WEB_201,4.0,100,100,33.2,Completed
INT_0152,CLD_202,4.0,91,89,28.6,Completed
INT_0152,WEB_101,5.0,100,100,17.7,Completed
INT_0152,WEB_301,4.0,58,67,18.5,In-Progress
INT_0152,WEB_202,4.5,90,83,22.9,Completed
INT_0152,WEB_302,2.5,72,64,18.6,In-Progress
INT_0153,MOB_201,4.0,64,55,22.6,In-Progress
INT_0153,DS_202,3.5,63,63,11.5,In-Progress
INT_0153,SEC_302,3.0,59,59,16.1,In-Progress
INT_0153,SEC_101,4.5,88,92,14.4,Completed
INT_0153,AIML_101,3.5,79,76,16.1,In-Progress
INT_0153,WEB_102,4.0,64,71,14.1,In-Progress
INT_0153,AIML_102,3.0,71,67,13.6,In-Progress
INT_0153,CLD_302,3.0,28,40,6.9,Dropped
INT_0153,DS_301,3.0,42,41,14.6,In-Progress
INT_0153,SEC_201,5.0,91,86,20.0,Completed
INT_0153,AIML_301,2.0,36,40,12.3,Dropped
INT_0153,WEB_101,4.0,68,60,13.2,In-Progress
INT_0153,MOB_202,3.5,61,69,14.5,In-Progress
INT_0153,WEB_202,3.5,58,60,14.9,In-Progress
INT_0153,WEB_302,2.0,26,40,7.2,Dropped
INT_0153,SEC_202,4.5,85,86,29.7,Completed
INT_0153,SEC_301,3.0,62,68,11.6,In-Progress
INT_0153,DS_102,4.5,78,82,10.8,In-Progress
INT_0153,DS_103,3.5,60,55,9.4,In-Progress
INT_0154,WEB_203,3.0,43,46,10.6,In-Progress
INT_0154,DS_202,4.0,73,72,13.5,In-Progress
INT_0154,DS_201,4.0,79,78,19.8,In-Progress
INT_0154,DS_101,4.0,97,100,23.4,Completed
INT_0154,CLD_201,4.0,68,69,17.3,In-Progress
INT_0154,DS_302,5.0,66,69,15.4,In-Progress
INT_0154,AIML_101,4.0,53,48,9.4,In-Progress
INT_0154,CLD_101,3.5,67,71,10.7,In-Progress
INT_0154,WEB_102,4.0,73,66,21.1,In-Progress
INT_0154,CLD_302,3.0,45,44,14.3,In-Progress
INT_0154,CLD_301,3.0,36,40,11.6,Dropped
INT_0154,DS_301,3.0,60,55,21.8,In-Progress
INT_0154,AIML_201,3.5,54,49,16.6,In-Progress
INT_0154,SEC_201,3.0,69,66,19.6,In-Progress
INT_0154,MOB_301,3.0,83,74,18.2,In-Progress
INT_0154,AIML_301,2.5,39,40,14.5,Dropped
INT_0154,WEB_201,3.5,69,65,26.9,In-Progress
INT_0154,CLD_202,4.5,48,56,12.8,In-Progress
INT_0154,WEB_301,2.5,20,40,6.2,Dropped
INT_0154,MOB_202,3.0,62,59,16.6,In-Progress
INT_0154,DS_102,5.0,92,92,12.1,Completed
INT_0154,MOB_101,4.0,60,47,9.8,In-Progress
INT_0154,DS_103,4.5,77,71,15.4,In-Progress
INT_0155,DS_201,4.0,79,75,19.9,In-Progress
INT_0155,SEC_302,5.0,100,98,26.6,Completed
INT_0155,DS_101,4.5,78,74,17.3,In-Progress
INT_0155,AIML_303,3.5,80,74,22.5,In-Progress
INT_0155,SEC_101,3.0,84,80,13.5,In-Progress
INT_0155,CLD_101,4.0,77,79,11.2,In-Progress
INT_0155,WEB_102,4.0,62,65,15.1,In-Progress
INT_0155,CLD_302,4.0,66,69,20.2,In-Progress
INT_0155,DS_301,3.0,67,70,24.6,In-Progress
INT_0155,AIML_201,3.0,65,71,19.1,In-Progress
INT_0155,SEC_201,4.0,96,100,23.0,Completed
INT_0155,MOB_301,3.5,74,77,19.4,In-Progress
INT_0155,AIML_301,3.5,74,71,29.1,In-Progress
INT_0155,WEB_201,3.5,43,48,16.2,In-Progress
INT_0155,CLD_102,3.0,80,85,12.0,In-Progress
INT_0155,WEB_301,4.0,59,57,18.6,In-Progress
INT_0155,MOB_202,3.5,63,62,16.8,In-Progress
INT_0155,WEB_202,3.0,59,60,16.3,In-Progress
INT_0155,SEC_202,3.5,100,100,35.7,Completed
INT_0155,SEC_301,3.5,72,72,16.1,In-Progress
INT_0155,MOB_101,4.0,77,73,14.0,In-Progress
INT_0155,DS_103,4.0,72,71,14.3,In-Progress
INT_0156,CLD_202,3.0,53,52,13.4,In-Progress
INT_0156,AIML_202,4.5,82,80,12.3,In-Progress
INT_0156,WEB_301,3.0,31,40,12.3,Dropped
INT_0156,WEB_102,3.0,74,73,19.5,In-Progress
INT_0156,WEB_101,4.5,57,56,11.1,In-Progress
INT_0156,AIML_102,5.0,87,90,14.9,Completed
INT_0156,CLD_101,4.0,65,69,10.5,In-Progress
INT_0156,DS_302,3.0,68,66,12.4,In-Progress
INT_0156,AIML_303,2.5,57,48,14.6,In-Progress
INT_0156,WEB_302,3.5,37,40,10.0,Dropped
INT_0156,DS_201,3.5,70,77,15.6,In-Progress
INT_0156,AIML_201,4.5,97,84,25.9,Completed
INT_0156,SEC_301,2.5,42,40,7.8,In-Progress
INT_0156,SEC_302,2.0,58,52,17.1,In-Progress
INT_0156,DS_102,4.0,59,65,8.8,In-Progress
INT_0156,AIML_302,3.5,65,67,21.2,In-Progress
INT_0156,AIML_101,4.5,93,92,20.4,Completed
INT_0156,AIML_301,3.5,67,59,22.8,In-Progress
INT_0157,MOB_201,4.0,62,63,19.7,In-Progress
INT_0157,WEB_203,4.0,85,81,19.1,Completed
INT_0157,DS_202,4.0,58,57,13.9,In-Progress
INT_0157,AIML_303,3.0,72,72,16.7,In-Progress
INT_0157,DS_302,4.0,64,69,13.0,In-Progress
INT_0157,AIML_101,4.0,68,71,14.6,In-Progress
INT_0157,CLD_101,3.0,51,47,9.2,In-Progress
INT_0157,WEB_102,5.0,98,95,22.2,Completed
INT_0157,AIML_102,4.0,78,78,11.9,In-Progress
INT_0157,CLD_302,3.0,51,44,12.3,In-Progress
INT_0157,AIML_201,3.0,82,75,26.9,In-Progress
INT_0157,CLD_102,4.5,76,81,10.1,In-Progress
INT_0157,MOB_301,3.0,75,74,17.7,In-Progress
INT_0157,WEB_201,4.0,100,98,30.7,Completed
INT_0157,CLD_202,3.5,62,65,18.1,In-Progress
INT_0157,WEB_101,5.0,94,100,16.4,Completed
INT_0157,WEB_301,5.0,92,85,28.2,Completed
INT_0157,MOB_302,4.0,69,63,17.2,In-Progress
INT_0157,WEB_202,3.5,86,89,28.0,Completed
INT_0157,WEB_302,4.5,100,100,19.9,Completed
INT_0157,SEC_202,3.5,67,50,19.2,In-Progress
INT_0157,MOB_101,3.5,63,63,10.5,In-Progress
INT_0158,MOB_201,4.0,71,75,18.5,In-Progress
INT_0158,DS_202,2.5,60,58,12.3,In-Progress
INT_0158,SEC_302,3.5,75,65,21.1,In-Progress
INT_0158,DS_101,4.5,51,60,9.4,In-Progress
INT_0158,AIML_303,4.5,64,66,16.7,In-Progress
INT_0158,CLD_201,4.0,75,87,18.8,In-Progress
INT_0158,AIML_302,4.0,71,73,23.1,In-Progress
INT_0158,SEC_101,4.5,61,65,9.2,In-Progress
INT_0158,AIML_202,3.5,45,49,8.0,In-Progress
INT_0158,CLD_101,2.5,100,100,14.5,Completed
INT_0158,CLD_302,4.5,82,82,27.1,In-Progress
INT_0158,CLD_301,4.5,90,81,27.9,Completed
INT_0158,DS_301,3.5,66,64,25.4,In-Progress
INT_0158,AIML_201,4.5,59,66,21.4,In-Progress
INT_0158,SEC_201,4.5,64,65,13.5,In-Progress
INT_0158,CLD_102,4.5,88,83,15.2,Completed
INT_0158,WEB_201,4.5,63,58,24.2,In-Progress
INT_0158,CLD_202,5.0,90,80,26.9,Completed
INT_0158,WEB_301,3.5,52,49,16.2,In-Progress
INT_0158,MOB_302,3.5,82,81,18.5,In-Progress
INT_0158,MOB_202,4.0,74,79,19.2,In-Progress
INT_0158,WEB_202,4.5,59,60,19.1,In-Progress
INT_0158,DS_102,3.0,74,77,12.7,In-Progress
INT_0158,DS_103,4.0,65,64,12.3,In-Progress
INT_0159,WEB_203,4.5,78,88,15.0,In-Progress
INT_0159,DS_202,3.5,58,55,11.5,In-Progress
INT_0159,DS_201,3.5,48,44,12.8,In-Progress
INT_0159,AIML_302,4.0,32,40,8.8,Dropped
INT_0159,SEC_101,4.5,87,78,14.2,Completed
INT_0159,AIML_202,3.0,55,49,11.3,In-Progress
INT_0159,WEB_102,4.5,90,86,22.2,Completed
INT_0159,CLD_302,1.5,36,40,12.0,Dropped
INT_0159,DS_301,2.5,26,40,7.9,Dropped
INT_0159,SEC_201,3.0,44,42,10.1,In-Progress
INT_0159,MOB_301,3.5,54,58,11.1,In-Progress
INT_0159,WEB_201,4.5,93,92,33.7,Completed
INT_0159,WEB_101,4.5,98,98,19.9,Completed
INT_0159,WEB_301,4.5,69,70,25.8,In-Progress
INT_0159,MOB_202,3.5,73,69,21.6,In-Progress
INT_0159,WEB_202,4.0,94,96,28.3,Completed
INT_0159,WEB_302,2.5,53,54,12.8,In-Progress
INT_0159,SEC_202,3.0,74,74,18.9,In-Progress
INT_0159,SEC_301,3.0,33,40,6.0,Dropped
INT_0159,MOB_101,3.5,79,81,13.6,In-Progress
INT_0160,WEB_301,4.5,68,61,24.9,In-Progress
INT_0160,WEB_102,4.0,81,84,22.3,In-Progress
INT_0160,CLD_101,3.5,72,68,12.1,In-Progress
INT_0160,WEB_203,4.0,74,78,13.6,In-Progress
INT_0160,MOB_201,3.0,66,64,22.0,In-Progress
INT_0160,DS_202,5.0,100,96,20.7,Completed
INT_0160,DS_302,4.0,68,69,12.7,In-Progress
INT_0160,MOB_302,3.5,75,73,16.5,In-Progress
INT_0160,CLD_302,4.0,65,67,17.7,In-Progress
INT_0160,DS_101,4.5,75,72,14.2,In-Progress
INT_0160,WEB_302,4.0,74,77,18.5,In-Progress
INT_0160,DS_301,4.0,93,91,38.6,Completed
INT_0160,DS_201,4.5,61,56,12.5,In-Progress
INT_0160,SEC_101,3.0,61,61,10.4,In-Progress
INT_0160,DS_102,4.5,81,77,14.2,In-Progress
INT_0160,CLD_201,3.0,55,58,10.2,In-Progress
INT_0160,DS_103,4.0,100,98,16.6,Completed
INT_0161,AIML_301,3.5,59,57,26.0,In-Progress
INT_0161,AIML_202,3.5,57,56,11.4,In-Progress
INT_0161,WEB_102,3.5,72,71,19.9,In-Progress
INT_0161,DS_302,3.5,60,54,11.9,In-Progress
INT_0161,DS_102,3.5,72,71,10.8,In-Progress
INT_0161,MOB_202,3.5,69,58,17.6,In-Progress
INT_0161,WEB_202,3.5,77,74,21.6,In-Progress
INT_0161,AIML_101,4.0,65,64,14.2,In-Progress
INT_0161,SEC_101,4.0,94,88,15.0,Completed
INT_0161,SEC_202,4.0,99,100,27.0,Completed
INT_0161,CLD_102,2.5,57,48,8.3,In-Progress
INT_0161,SEC_301,5.0,72,81,14.7,In-Progress
INT_0161,SEC_302,4.0,69,66,22.3,In-Progress
INT_0161,DS_101,3.5,46,62,10.7,In-Progress
INT_0161,AIML_303,2.5,39,40,10.6,Dropped
INT_0161,SEC_201,3.5,88,85,18.8,Completed
INT_0161,MOB_301,4.5,65,68,17.7,In-Progress
INT_0161,DS_103,3.0,50,50,7.7,In-Progress
INT_0162,WEB_203,4.0,63,55,11.6,In-Progress
INT_0162,MOB_202,2.0,51,47,15.8,In-Progress
INT_0162,DS_102,4.5,69,62,9.0,In-Progress
INT_0162,MOB_302,3.5,80,86,20.4,In-Progress
INT_0162,SEC_302,4.5,85,83,22.3,Completed
INT_0162,CLD_301,4.0,70,72,24.8,In-Progress
INT_0162,SEC_101,5.0,80,87,15.8,In-Progress
INT_0162,SEC_202,5.0,100,100,28.0,Completed
INT_0162,SEC_301,4.5,100,97,21.9,Completed
INT_0162,SEC_201,4.0,99,100,23.6,Completed
INT_0162,DS_101,3.5,40,41,8.1,In-Progress
INT_0162,CLD_201,3.0,69,70,13.5,In-Progress
INT_0163,CLD_202,4.0,75,83,20.5,In-Progress
INT_0163,AIML_202,4.0,71,75,12.6,In-Progress
INT_0163,CLD_101,4.5,74,77,13.6,In-Progress
INT_0163,MOB_201,3.0,78,79,26.8,In-Progress
INT_0163,AIML_102,5.0,72,73,12.1,In-Progress
INT_0163,MOB_302,4.5,53,59,12.4,In-Progress
INT_0163,AIML_302,4.5,77,80,29.9,In-Progress
INT_0163,SEC_101,4.0,71,73,10.8,In-Progress
INT_0163,DS_301,2.5,51,51,18.3,In-Progress
INT_0163,DS_201,3.0,84,89,17.4,In-Progress
INT_0163,AIML_201,4.5,83,85,21.3,In-Progress
INT_0163,SEC_301,4.0,56,60,12.4,In-Progress
INT_0163,SEC_302,3.5,67,65,16.8,In-Progress
INT_0163,AIML_303,5.0,81,80,21.9,In-Progress
INT_0163,AIML_101,4.5,96,93,20.1,Completed
INT_0163,AIML_301,4.0,78,76,26.8,In-Progress
INT_0164,WEB_203,3.0,65,63,14.7,In-Progress
INT_0164,DS_202,4.0,100,91,20.2,Completed
INT_0164,DS_201,5.0,88,84,17.8,Completed
INT_0164,DS_101,3.0,95,89,24.2,Completed
INT_0164,DS_302,4.5,100,92,16.9,Completed
INT_0164,AIML_101,3.0,56,59,12.8,In-Progress
INT_0164,AIML_202,5.0,70,79,10.2,In-Progress
INT_0164,CLD_101,3.5,75,76,14.7,In-Progress
INT_0164,AIML_102,4.0,53,52,8.5,In-Progress
INT_0164,DS_301,4.5,43,40,15.3,In-Progress
INT_0164,SEC_201,3.0,36,43,9.6,Dropped
INT_0164,CLD_102,5.0,69,73,8.8,In-Progress
INT_0164,WEB_201,3.5,73,72,22.8,In-Progress
INT_0164,WEB_101,4.0,64,71,12.6,In-Progress
INT_0164,WEB_301,1.0,29,40,8.4,Dropped
INT_0164,MOB_202,4.5,64,65,16.6,In-Progress
INT_0164,MOB_302,3.5,48,52,10.7,In-Progress
INT_0164,WEB_302,1.5,31,40,6.7,Dropped
INT_0164,SEC_202,4.5,58,62,15.8,In-Progress
INT_0164,SEC_301,3.5,32,40,6.5,Dropped
INT_0164,DS_102,3.5,96,100,17.3,Completed
INT_0164,DS_103,4.0,69,60,12.5,In-Progress
INT_0165,WEB_101,4.0,67,57,11.2,In-Progress
INT_0165,WEB_301,3.5,60,54,20.3,In-Progress
INT_0165,WEB_102,3.5,90,84,25.4,Completed
INT_0165,AIML_202,4.5,71,76,13.9,In-Progress
INT_0165,WEB_203,2.5,100,96,21.5,Completed
INT_0165,DS_103,4.5,59,56,9.3,In-Progress
INT_0165,MOB_101,3.0,50,46,9.1,In-Progress
INT_0165,WEB_202,4.5,97,88,31.1,Completed
INT_0165,CLD_301,3.5,50,54,15.7,In-Progress
INT_0165,WEB_302,4.0,63,73,15.7,In-Progress
INT_0165,SEC_101,3.5,59,62,10.7,In-Progress
INT_0165,SEC_201,4.0,56,51,11.7,In-Progress
INT_0165,AIML_302,4.0,24,40,7.7,Dropped
INT_0165,AIML_101,4.5,56,58,9.2,In-Progress
INT_0165,CLD_102,4.5,67,69,8.6,In-Progress
INT_0165,AIML_301,2.5,46,40,17.2,In-Progress
INT_0165,WEB_201,5.0,88,92,24.6,Completed
INT_0166,CLD_101,3.5,88,81,12.7,Completed
INT_0166,WEB_203,3.5,52,50,10.0,In-Progress
INT_0166,AIML_102,4.0,72,74,9.9,In-Progress
INT_0166,MOB_202,2.0,63,62,16.9,In-Progress
INT_0166,DS_302,4.0,82,77,17.9,In-Progress
INT_0166,WEB_202,3.5,81,77,23.3,In-Progress
INT_0166,SEC_302,4.5,92,92,26.4,Completed
INT_0166,CLD_301,4.0,67,66,23.2,In-Progress
INT_0166,SEC_101,4.5,77,77,13.9,In-Progress
INT_0166,SEC_202,4.0,83,81,29.7,In-Progress
INT_0166,DS_301,4.0,70,76,24.5,In-Progress
INT_0166,SEC_301,4.0,86,84,17.9,Completed
INT_0166,AIML_201,3.5,57,47,18.0,In-Progress
INT_0166,SEC_201,4.0,94,91,21.4,Completed
INT_0166,DS_102,4.5,73,65,11.3,In-Progress
INT_0166,WEB_201,4.5,70,71,19.8,In-Progress
INT_0167,MOB_201,4.5,58,48,17.3,In-Progress
INT_0167,WEB_203,3.0,47,46,9.1,In-Progress
INT_0167,DS_202,3.5,58,50,13.7,In-Progress
INT_0167,DS_201,3.5,54,58,12.3,In-Progress
INT_0167,SEC_302,2.5,58,61,17.6,In-Progress
INT_0167,CLD_201,4.5,72,74,15.3,In-Progress
INT_0167,AIML_302,3.0,54,48,17.8,In-Progress
INT_0167,DS_302,4.0,69,76,11.6,In-Progress
INT_0167,SEC_101,3.5,57,59,10.0,In-Progress
INT_0167,AIML_202,2.5,78,77,15.5,In-Progress
INT_0167,CLD_101,5.0,91,93,14.7,Completed
INT_0167,CLD_302,3.0,61,62,19.9,In-Progress
INT_0167,CLD_301,4.0,49,40,18.2,In-Progress
INT_0167,AIML_201,3.5,67,70,22.9,In-Progress
INT_0167,MOB_301,3.5,37,40,9.1,Dropped
INT_0167,CLD_102,5.0,100,100,15.9,Completed
INT_0167,CLD_202,4.0,76,75,26.6,In-Progress
INT_0167,MOB_202,2.5,64,64,19.3,In-Progress
INT_0167,MOB_302,4.0,37,40,7.4,Dropped
INT_0167,WEB_202,3.0,61,60,15.2,In-Progress
INT_0167,WEB_302,2.5,36,40,7.2,Dropped
INT_0167,SEC_202,3.0,52,53,18.6,In-Progress
INT_0167,DS_102,3.5,65,65,8.3,In-Progress
INT_0167,MOB_101,4.0,57,55,9.6,In-Progress
INT_0168,CLD_202,3.5,89,84,24.9,Completed
INT_0168,AIML_202,4.0,93,87,15.4,Completed
INT_0168,CLD_101,4.0,50,40,9.1,In-Progress
INT_0168,WEB_101,3.0,41,40,7.4,In-Progress
INT_0168,DS_103,3.0,64,65,12.8,In-Progress
INT_0168,AIML_102,3.5,100,91,14.4,Completed
INT_0168,WEB_203,4.0,75,77,17.5,In-Progress
INT_0168,DS_302,3.5,81,90,13.3,In-Progress
INT_0168,DS_202,5.0,68,64,15.7,In-Progress
INT_0168,AIML_303,3.0,78,77,17.8,In-Progress
INT_0168,CLD_301,2.5,43,46,16.3,In-Progress
INT_0168,SEC_202,3.5,85,81,30.9,Completed
INT_0168,AIML_201,5.0,99,100,35.5,Completed
INT_0168,AIML_302,3.5,65,57,22.9,In-Progress
INT_0168,AIML_101,4.5,72,67,14.0,In-Progress
INT_0168,CLD_102,3.0,34,41,5.2,Dropped
INT_0168,AIML_301,3.0,59,65,20.0,In-Progress
INT_0169,AIML_202,4.0,68,65,11.1,In-Progress
INT_0169,WEB_101,3.5,65,58,11.5,In-Progress
INT_0169,WEB_102,3.0,71,67,18.8,In-Progress
INT_0169,MOB_201,4.5,57,58,20.6,In-Progress
INT_0169,MOB_202,3.5,87,85,20.8,Completed
INT_0169,MOB_302,3.0,48,49,11.1,In-Progress
INT_0169,CLD_301,2.0,20,40,6.3,Dropped
INT_0169,AIML_101,2.0,61,64,10.5,In-Progress
INT_0169,DS_201,4.0,78,78,15.8,In-Progress
INT_0169,CLD_102,5.0,85,82,14.8,Completed
INT_0169,MOB_101,3.5,100,97,20.1,Completed
INT_0169,MOB_301,4.5,75,74,15.5,In-Progress
INT_0169,DS_103,4.0,38,40,6.9,Dropped
INT_0170,CLD_202,3.5,64,64,19.5,In-Progress
INT_0170,DS_102,4.5,96,93,13.5,Completed
INT_0170,DS_202,4.0,100,100,19.6,Completed
INT_0170,DS_302,4.0,98,100,22.4,Completed
INT_0170,DS_301,4.0,96,98,35.9,Completed
INT_0170,DS_201,5.0,93,99,22.2,Completed
INT_0170,SEC_202,3.0,76,78,21.1,In-Progress
INT_0170,SEC_302,3.0,45,51,14.1,In-Progress
INT_0170,DS_101,4.0,61,69,12.7,In-Progress
INT_0170,CLD_201,3.0,85,73,20.3,Completed
INT_0170,SEC_201,4.0,68,73,17.6,In-Progress
INT_0170,DS_103,4.0,76,82,14.8,In-Progress
INT_0171,CLD_202,3.5,67,60,24.3,In-Progress
INT_0171,AIML_202,5.0,71,70,12.0,In-Progress
INT_0171,CLD_101,3.0,67,70,13.3,In-Progress
INT_0171,AIML_102,4.5,79,81,10.7,In-Progress
INT_0171,DS_302,4.0,60,62,13.1,In-Progress
INT_0171,AIML_303,5.0,87,88,21.5,Completed
INT_0171,SEC_101,3.0,70,69,10.3,In-Progress
INT_0171,AIML_201,4.5,91,94,30.1,Completed
INT_0171,AIML_302,5.0,91,86,32.3,Completed
INT_0171,AIML_101,4.5,71,67,11.5,In-Progress
INT_0171,AIML_301,5.0,96,100,33.3,Completed
INT_0171,WEB_201,2.5,91,90,34.6,Completed
INT_0172,CLD_202,5.0,82,85,24.3,In-Progress
INT_0172,MOB_301,3.5,73,71,14.8,In-Progress
INT_0172,CLD_101,4.0,100,100,18.7,Completed
INT_0172,AIML_202,3.0,58,57,10.8,In-Progress
INT_0172,CLD_302,3.5,74,71,24.2,In-Progress
INT_0172,CLD_301,3.5,50,53,16.0,In-Progress
INT_0172,WEB_302,3.5,39,40,8.7,Dropped
INT_0172,SEC_202,3.5,42,40,14.4,In-Progress
INT_0172,SEC_101,5.0,68,62,13.5,In-Progress
INT_0172,DS_301,3.0,50,45,16.2,In-Progress
INT_0172,SEC_301,2.0,26,40,6.5,Dropped
INT_0172,SEC_201,4.5,78,72,20.6,In-Progress
INT_0172,DS_101,3.5,51,40,10.5,In-Progress
INT_0172,CLD_201,4.0,77,80,18.2,In-Progress
INT_0172,CLD_102,4.5,98,94,17.1,Completed
INT_0172,WEB_201,3.5,74,66,28.7,In-Progress
INT_0173,CLD_202,4.5,72,68,24.6,In-Progress
INT_0173,WEB_101,4.0,90,83,16.4,Completed
INT_0173,WEB_301,2.0,58,48,20.0,In-Progress
INT_0173,WEB_102,4.0,100,90,23.9,Completed
INT_0173,MOB_201,3.5,68,67,23.7,In-Progress
INT_0173,WEB_203,3.5,74,74,18.2,In-Progress
INT_0173,AIML_102,2.5,54,56,10.2,In-Progress
INT_0173,MOB_202,4.0,81,84,24.0,In-Progress
INT_0173,WEB_202,4.0,92,87,28.6,Completed
INT_0173,WEB_302,3.5,72,72,15.4,In-Progress
INT_0173,DS_301,2.0,45,52,17.1,In-Progress
INT_0173,DS_201,4.0,69,70,14.1,In-Progress
INT_0173,DS_101,4.5,51,44,11.4,In-Progress
INT_0173,AIML_101,3.5,44,40,9.7,In-Progress
INT_0173,MOB_301,3.5,64,64,14.7,In-Progress
INT_0173,DS_103,3.5,67,69,13.3,In-Progress
INT_0173,WEB_201,4.0,100,93,30.5,Completed
INT_0174,MOB_201,3.5,68,69,22.7,In-Progress
INT_0174,DS_202,3.0,64,63,13.9,In-Progress
INT_0174,DS_101,3.5,66,71,12.6,In-Progress
INT_0174,AIML_302,3.0,51,58,14.3,In-Progress
INT_0174,AIML_303,4.5,48,49,9.9,In-Progress
INT_0174,CLD_201,4.5,86,90,19.2,Completed
INT_0174,DS_302,3.0,46,54,8.4,In-Progress
INT_0174,AIML_101,4.0,79,72,12.9,In-Progress
INT_0174,CLD_101,4.5,89,95,14.6,Completed
INT_0174,WEB_102,4.5,58,50,17.0,In-Progress
INT_0174,AIML_102,3.5,56,51,8.3,In-Progress
INT_0174,CLD_302,2.0,67,66,21.8,In-Progress
INT_0174,CLD_301,2.5,77,77,24.1,In-Progress
INT_0174,AIML_201,4.0,50,60,17.0,In-Progress
INT_0174,SEC_201,3.5,49,46,12.1,In-Progress
INT_0174,MOB_301,3.5,57,54,11.8,In-Progress
INT_0174,CLD_102,3.5,90,88,14.4,Completed
INT_0174,CLD_202,5.0,100,98,26.7,Completed
INT_0174,WEB_101,3.0,70,73,11.0,In-Progress
INT_0174,WEB_301,3.0,39,45,12.6,Dropped
INT_0174,WEB_202,4.0,72,68,22.0,In-Progress
INT_0174,SEC_301,3.0,62,70,12.5,In-Progress
INT_0174,MOB_101,4.0,75,73,12.3,In-Progress
INT_0175,AIML_301,4.5,70,75,29.9,In-Progress
INT_0175,WEB_101,4.5,86,94,14.2,Completed
INT_0175,WEB_301,5.0,93,87,38.4,Completed
INT_0175,WEB_102,3.0,79,87,17.3,In-Progress
INT_0175,CLD_101,3.0,66,68,11.4,In-Progress
INT_0175,WEB_203,5.0,100,99,20.3,Completed
INT_0175,DS_302,4.0,70,68,11.5,In-Progress
INT_0175,WEB_202,4.0,99,95,25.6,Completed
INT_0175,WEB_302,4.0,100,100,22.0,Completed
INT_0175,DS_201,3.5,47,42,9.8,In-Progress
INT_0175,MOB_101,2.0,62,66,11.1,In-Progress
INT_0175,MOB_301,4.0,66,64,13.4,In-Progress
INT_0175,DS_103,4.5,76,78,15.4,In-Progress
INT_0175,WEB_201,4.0,83,87,28.3,In-Progress
INT_0176,CLD_202,4.0,97,100,34.5,Completed
INT_0176,AIML_202,4.0,61,58,12.3,In-Progress
INT_0176,CLD_101,4.5,78,73,12.7,In-Progress
INT_0176,DS_103,3.5,79,79,15.0,In-Progress
INT_0176,AIML_102,3.5,93,89,14.8,Completed
INT_0176,AIML_302,2.5,20,40,5.5,Dropped
INT_0176,CLD_302,4.0,91,97,25.1,Completed
INT_0176,CLD_301,3.0,64,60,24.4,In-Progress
INT_0176,WEB_202,3.0,58,61,19.1,In-Progress
INT_0176,SEC_302,3.0,41,40,11.1,In-Progress
INT_0176,DS_201,4.0,55,50,12.8,In-Progress
INT_0176,MOB_301,2.5,70,71,18.0,In-Progress
INT_0176,CLD_201,5.0,88,85,16.5,Completed
INT_0176,CLD_102,4.5,89,86,15.3,Completed
INT_0176,AIML_301,2.0,21,40,7.0,Dropped
INT_0177,AIML_301,4.0,70,61,22.7,In-Progress
INT_0177,CLD_101,3.5,61,67,10.9,In-Progress
INT_0177,WEB_102,4.5,56,49,12.6,In-Progress
INT_0177,MOB_201,4.5,87,88,22.2,Completed
INT_0177,MOB_202,5.0,76,80,19.3,In-Progress
INT_0177,MOB_302,4.0,100,96,20.7,Completed
INT_0177,DS_302,3.0,48,47,10.6,In-Progress
INT_0177,SEC_101,3.5,58,62,8.8,In-Progress
INT_0177,DS_201,3.5,64,58,14.2,In-Progress
INT_0177,SEC_301,2.5,91,86,17.4,Completed
INT_0177,AIML_303,3.5,59,57,12.0,In-Progress
INT_0177,MOB_101,5.0,99,100,18.8,Completed
INT_0177,MOB_301,4.0,93,94,23.1,Completed
INT_0177,DS_103,3.5,60,62,9.6,In-Progress
INT_0178,WEB_101,2.5,66,64,10.8,In-Progress
INT_0178,MOB_201,3.0,63,64,22.2,In-Progress
INT_0178,DS_202,4.5,73,72,18.3,In-Progress
INT_0178,SEC_302,4.0,66,60,15.8,In-Progress
INT_0178,AIML_101,2.5,84,87,18.3,In-Progress
INT_0178,SEC_101,4.0,76,78,11.7,In-Progress
INT_0178,SEC_202,3.5,87,88,24.8,Completed
INT_0178,SEC_301,3.5,79,78,14.8,In-Progress
INT_0178,AIML_201,3.5,65,66,18.2,In-Progress
INT_0178,SEC_201,3.5,91,89,20.6,Completed
INT_0178,DS_101,4.0,66,64,14.7,In-Progress
INT_0178,MOB_101,4.0,63,63,10.3,In-Progress
INT_0178,MOB_301,3.5,71,67,15.3,In-Progress
INT_0179,MOB_201,3.0,80,83,20.5,In-Progress
INT_0179,WEB_203,4.5,100,100,22.7,Completed
INT_0179,SEC_302,3.0,46,49,11.0,In-Progress
INT_0179,DS_101,4.0,72,69,14.3,In-Progress
INT_0179,AIML_303,3.0,56,54,15.7,In-Progress
INT_0179,AIML_302,3.5,60,57,18.0,In-Progress
INT_0179,DS_302,3.5,67,65,12.1,In-Progress
INT_0179,AIML_101,4.5,90,91,19.6,Completed
INT_0179,WEB_102,4.5,82,82,20.3,In-Progress
INT_0179,AIML_102,4.0,70,69,10.8,In-Progress
INT_0179,DS_301,3.5,63,57,20.2,In-Progress
INT_0179,AIML_301,3.5,62,67,21.9,In-Progress
INT_0179,WEB_201,4.0,93,94,27.8,Completed
INT_0179,WEB_101,3.5,98,100,19.0,Completed
INT_0179,WEB_301,3.5,76,77,29.3,In-Progress
INT_0179,WEB_202,4.0,100,93,24.0,Completed
INT_0179,WEB_302,5.0,93,84,23.9,Completed
INT_0179,SEC_202,4.0,73,62,22.4,In-Progress
INT_0179,DS_102,4.5,65,65,10.7,In-Progress
INT_0180,WEB_101,4.0,63,68,12.4,In-Progress
INT_0180,CLD_101,3.5,60,64,12.1,In-Progress
INT_0180,WEB_301,3.0,44,54,14.5,In-Progress
INT_0180,MOB_201,4.5,100,92,36.0,Completed
INT_0180,AIML_102,4.5,73,73,9.9,In-Progress
INT_0180,MOB_302,4.5,71,73,12.8,In-Progress
INT_0180,MOB_202,4.5,88,80,19.5,Completed
INT_0180,DS_202,2.0,70,69,14.8,In-Progress
INT_0180,DS_302,3.5,68,68,14.9,In-Progress
INT_0180,CLD_302,4.0,38,40,12.1,Dropped
INT_0180,WEB_302,2.0,62,62,16.3,In-Progress
INT_0180,WEB_202,4.0,60,52,19.4,In-Progress
INT_0180,CLD_301,2.5,58,55,20.8,In-Progress
INT_0180,DS_201,4.5,59,50,12.3,In-Progress
INT_0180,SEC_201,4.5,60,64,15.3,In-Progress
INT_0180,MOB_101,5.0,94,94,17.3,Completed
INT_0180,MOB_301,5.0,97,99,25.7,Completed
INT_0180,DS_103,3.5,64,59,9.7,In-Progress
INT_0181,DS_202,4.0,88,87,20.7,Completed
INT_0181,DS_201,4.5,70,69,15.5,In-Progress
INT_0181,SEC_302,3.0,41,40,10.7,In-Progress
INT_0181,DS_101,4.5,95,100,22.0,Completed
INT_0181,AIML_303,3.0,39,40,9.8,Dropped
INT_0181,CLD_201,3.0,84,71,18.3,In-Progress
INT_0181,DS_302,4.0,94,98,15.5,Completed
INT_0181,CLD_101,3.5,65,61,11.3,In-Progress
INT_0181,WEB_102,4.5,61,55,14.5,In-Progress
INT_0181,AIML_102,3.5,71,65,13.1,In-Progress
INT_0181,CLD_302,2.5,26,40,7.1,Dropped
INT_0181,CLD_301,5.0,49,47,19.8,In-Progress
INT_0181,DS_301,4.0,84,82,34.2,In-Progress
INT_0181,WEB_201,3.5,47,56,18.0,In-Progress
INT_0181,WEB_101,3.0,63,58,9.8,In-Progress
INT_0181,MOB_202,3.0,64,67,16.0,In-Progress
INT_0181,WEB_202,4.0,88,96,23.3,Completed
INT_0181,WEB_302,2.0,64,61,14.1,In-Progress
INT_0181,SEC_301,2.5,42,40,9.6,In-Progress
INT_0181,DS_102,3.5,100,100,15.3,Completed
INT_0181,DS_103,4.0,89,90,16.5,Completed
INT_0182,CLD_202,3.5,59,51,18.6,In-Progress
INT_0182,WEB_101,5.0,91,90,18.4,Completed
INT_0182,WEB_301,2.5,60,62,19.7,In-Progress
INT_0182,WEB_102,3.5,93,96,25.9,Completed
INT_0182,AIML_202,3.0,65,65,13.5,In-Progress
INT_0182,WEB_203,4.5,100,100,18.4,Completed
INT_0182,MOB_202,4.5,72,75,17.1,In-Progress
INT_0182,WEB_202,4.5,100,94,26.9,Completed
INT_0182,WEB_302,1.5,63,68,13.2,In-Progress
INT_0182,AIML_201,3.0,69,70,20.2,In-Progress
INT_0182,SEC_301,3.0,20,40,4.7,Dropped
INT_0182,SEC_201,4.0,53,53,14.8,In-Progress
INT_0182,MOB_101,4.5,60,72,9.8,In-Progress
INT_0182,CLD_102,3.5,67,59,10.1,In-Progress
INT_0182,AIML_301,4.0,27,40,9.8,Dropped
INT_0182,WEB_201,4.5,79,78,23.6,In-Progress
INT_0183,WEB_101,3.5,77,84,15.6,In-Progress
INT_0183,MOB_201,3.5,50,51,17.0,In-Progress
INT_0183,WEB_203,3.5,71,65,14.9,In-Progress
INT_0183,AIML_302,4.5,68,68,23.5,In-Progress
INT_0183,AIML_303,3.5,70,70,14.9,In-Progress
INT_0183,CLD_302,2.5,48,52,15.2,In-Progress
INT_0183,AIML_101,3.5,91,93,21.2,Completed
INT_0183,SEC_202,4.0,85,85,21.6,Completed
INT_0183,SEC_101,4.0,92,93,14.8,Completed
INT_0183,SEC_301,4.5,76,72,19.2,In-Progress
INT_0183,AIML_201,5.0,65,74,19.2,In-Progress
INT_0183,SEC_302,3.5,100,92,29.5,Completed
INT_0183,CLD_201,3.0,59,53,13.6,In-Progress
INT_0183,SEC_201,3.5,81,77,19.6,In-Progress
INT_0184,WEB_101,4.5,58,60,11.6,In-Progress
INT_0184,WEB_301,2.5,67,67,21.3,In-Progress
INT_0184,MOB_201,4.5,91,93,30.5,Completed
INT_0184,MOB_202,3.5,92,95,28.4,Completed
INT_0184,MOB_302,3.5,74,62,13.3,In-Progress
INT_0184,DS_202,4.0,75,79,18.0,In-Progress
INT_0184,CLD_301,4.0,39,40,11.6,Dropped
INT_0184,WEB_302,3.5,65,67,18.5,In-Progress
INT_0184,DS_301,3.5,57,61,19.1,In-Progress
INT_0184,CLD_102,3.5,72,69,10.6,In-Progress
INT_0184,AIML_201,3.5,62,55,18.6,In-Progress
INT_0184,SEC_301,4.0,66,62,15.9,In-Progress
INT_0184,DS_101,2.5,43,42,9.6,In-Progress
INT_0184,MOB_101,3.5,97,100,17.2,Completed
INT_0184,MOB_301,4.0,94,94,21.5,Completed
INT_0184,WEB_201,3.5,76,68,22.1,In-Progress
INT_0185,AIML_301,2.5,20,40,6.4,Dropped
INT_0185,MOB_201,3.5,66,68,22.5,In-Progress
INT_0185,AIML_102,2.5,38,40,6.3,Dropped
INT_0185,DS_302,3.0,61,64,12.7,In-Progress
INT_0185,CLD_301,3.5,48,40,19.8,In-Progress
INT_0185,SEC_101,5.0,100,100,16.6,Completed
INT_0185,SEC_202,3.5,99,100,30.7,Completed
INT_0185,SEC_301,3.0,51,55,11.6,In-Progress
INT_0185,SEC_302,4.5,50,55,15.9,In-Progress
INT_0185,MOB_301,3.0,54,48,13.8,In-Progress
INT_0185,AIML_302,3.5,52,47,16.5,In-Progress
INT_0185,SEC_201,5.0,81,78,21.0,In-Progress
INT_0185,CLD_102,4.0,67,66,11.6,In-Progress
INT_0185,DS_103,4.0,55,59,10.3,In-Progress
INT_0186,AIML_301,4.0,54,47,22.5,In-Progress
INT_0186,CLD_101,3.5,56,49,10.1,In-Progress
INT_0186,WEB_102,3.0,47,44,10.5,In-Progress
INT_0186,MOB_101,4.0,55,45,9.8,In-Progress
INT_0186,DS_302,5.0,83,82,15.7,In-Progress
INT_0186,DS_202,4.0,93,93,20.5,Completed
INT_0186,DS_102,3.5,78,77,11.3,In-Progress
INT_0186,CLD_302,3.0,60,56,19.6,In-Progress
INT_0186,DS_301,5.0,78,71,24.9,In-Progress
INT_0186,DS_201,5.0,100,91,22.9,Completed
INT_0186,SEC_301,3.5,61,60,14.0,In-Progress
INT_0186,SEC_201,4.0,78,77,19.2,In-Progress
INT_0186,DS_101,5.0,89,86,17.3,Completed
INT_0186,AIML_303,4.0,71,73,17.5,In-Progress
INT_0186,AIML_101,5.0,75,84,12.7,In-Progress
INT_0186,DS_103,4.0,72,77,11.1,In-Progress
INT_0187,WEB_203,4.5,53,46,12.1,In-Progress
INT_0187,SEC_302,5.0,100,98,29.1,Completed
INT_0187,DS_101,3.5,91,86,17.5,Completed
INT_0187,DS_302,3.5,52,50,12.0,In-Progress
INT_0187,SEC_101,4.5,95,97,18.6,Completed
INT_0187,AIML_101,5.0,74,78,14.7,In-Progress
INT_0187,WEB_102,5.0,71,66,21.4,In-Progress
INT_0187,CLD_302,3.5,59,60,19.8,In-Progress
INT_0187,AIML_201,4.0,70,70,23.1,In-Progress
INT_0187,SEC_201,4.0,100,100,27.0,Completed
INT_0187,CLD_102,4.0,60,57,7.7,In-Progress
INT_0187,WEB_101,3.0,48,40,9.4,In-Progress
INT_0187,WEB_301,3.0,88,85,27.4,Completed
INT_0187,MOB_202,3.5,82,88,23.8,In-Progress
INT_0187,WEB_202,4.5,56,56,14.4,In-Progress
INT_0187,SEC_202,4.5,100,100,36.4,Completed
INT_0187,SEC_301,4.5,72,73,14.3,In-Progress
INT_0187,DS_102,2.5,66,63,9.6,In-Progress
INT_0187,MOB_101,3.5,53,59,9.1,In-Progress
INT_0188,MOB_201,4.5,89,93,28.1,Completed
INT_0188,WEB_203,4.5,64,55,12.3,In-Progress
INT_0188,DS_202,4.0,61,73,11.4,In-Progress
INT_0188,DS_201,4.0,35,40,8.9,Dropped
INT_0188,SEC_302,3.5,74,71,21.1,In-Progress
INT_0188,AIML_302,4.0,64,63,18.4,In-Progress
INT_0188,DS_302,4.0,64,62,14.7,In-Progress
INT_0188,AIML_202,3.5,78,77,12.3,In-Progress
INT_0188,CLD_101,3.5,50,53,7.7,In-Progress
INT_0188,AIML_102,4.0,68,63,11.6,In-Progress
INT_0188,CLD_302,4.5,72,79,20.0,In-Progress
INT_0188,AIML_201,2.5,78,77,27.8,In-Progress
INT_0188,SEC_201,3.5,56,57,15.4,In-Progress
INT_0188,MOB_301,4.0,80,83,19.7,In-Progress
INT_0188,AIML_301,2.5,86,85,30.9,Completed
INT_0188,WEB_301,3.0,71,74,26.7,In-Progress
INT_0188,MOB_302,5.0,100,98,18.6,Completed
INT_0188,MOB_202,4.5,76,74,23.1,In-Progress
INT_0188,WEB_302,3.5,65,66,15.6,In-Progress
INT_0188,MOB_101,4.0,100,100,20.5,Completed
INT_0188,DS_103,3.5,63,64,10.0,In-Progress
INT_0189,WEB_301,2.5,20,40,7.3,Dropped
INT_0189,WEB_203,2.5,74,78,18.1,In-Progress
INT_0189,DS_202,4.5,100,96,20.0,Completed
INT_0189,DS_302,4.5,100,100,22.8,Completed
INT_0189,CLD_302,4.5,40,40,11.5,In-Progress
INT_0189,WEB_202,4.5,65,65,21.4,In-Progress
INT_0189,DS_101,4.5,71,68,17.4,In-Progress
INT_0189,DS_301,3.5,50,52,17.4,In-Progress
INT_0189,DS_201,5.0,100,100,24.4,Completed
INT_0189,AIML_201,3.5,56,56,19.9,In-Progress
INT_0189,SEC_302,3.0,24,40,6.9,Dropped
INT_0189,DS_102,4.5,99,95,15.6,Completed
INT_0189,DS_103,5.0,100,89,18.5,Completed
INT_0189,WEB_201,4.0,62,66,19.1,In-Progress
INT_0190,MOB_201,3.0,40,40,12.3,In-Progress
INT_0190,WEB_203,3.0,43,48,9.8,In-Progress
INT_0190,DS_201,3.5,66,61,13.9,In-Progress
INT_0190,SEC_302,2.5,41,45,12.6,In-Progress
INT_0190,AIML_303,3.5,71,74,18.6,In-Progress
INT_0190,AIML_302,3.5,67,64,23.6,In-Progress
INT_0190,DS_302,3.5,74,73,13.8,In-Progress
INT_0190,SEC_101,3.5,65,61,12.8,In-Progress
INT_0190,AIML_101,4.5,72,70,14.3,In-Progress
INT_0190,AIML_202,4.0,91,87,13.3,Completed
INT_0190,CLD_101,3.5,53,51,9.6,In-Progress
INT_0190,WEB_102,3.5,71,74,16.2,In-Progress
INT_0190,AIML_102,5.0,100,100,17.3,Completed
INT_0190,CLD_301,3.0,52,54,19.4,In-Progress
INT_0190,AIML_201,3.5,71,71,23.5,In-Progress
INT_0190,AIML_301,3.5,59,50,21.2,In-Progress
INT_0190,CLD_202,3.5,45,52,15.4,In-Progress
INT_0190,MOB_202,3.0,53,49,14.8,In-Progress
INT_0190,WEB_202,4.0,68,79,16.6,In-Progress
INT_0190,WEB_302,3.0,22,40,4.8,Dropped
INT_0190,SEC_202,4.5,65,67,20.3,In-Progress
INT_0190,DS_102,4.5,70,69,11.0,In-Progress
INT_0190,MOB_101,3.0,55,57,7.9,In-Progress
INT_0190,DS_103,5.0,71,75,13.2,In-Progress
INT_0191,MOB_201,3.5,57,53,17.2,In-Progress
INT_0191,DS_202,3.5,81,75,20.8,In-Progress
INT_0191,SEC_302,3.0,62,62,20.6,In-Progress
INT_0191,DS_101,4.0,29,40,6.0,Dropped
INT_0191,AIML_302,2.0,45,49,14.4,In-Progress
INT_0191,DS_302,4.0,62,61,13.6,In-Progress
INT_0191,SEC_101,3.5,100,99,16.0,Completed
INT_0191,AIML_202,3.0,71,69,12.6,In-Progress
INT_0191,CLD_101,3.5,37,40,7.4,Dropped
INT_0191,CLD_302,2.5,44,43,10.7,In-Progress
INT_0191,DS_301,3.0,40,40,12.4,In-Progress
INT_0191,SEC_201,4.5,92,91,25.6,Completed
INT_0191,CLD_102,4.5,71,75,12.2,In-Progress
INT_0191,WEB_201,4.5,69,78,20.6,In-Progress
INT_0191,CLD_202,3.5,85,89,28.1,Completed
INT_0191,WEB_101,3.0,49,52,9.9,In-Progress
INT_0191,MOB_302,3.0,31,40,7.9,Dropped
INT_0191,MOB_202,4.5,59,62,12.8,In-Progress
INT_0191,SEC_202,3.5,78,77,24.4,In-Progress
INT_0191,SEC_301,3.0,62,58,12.7,In-Progress
INT_0191,DS_103,5.0,70,66,13.7,In-Progress
INT_0192,WEB_101,4.5,98,99,16.9,Completed
INT_0192,WEB_301,3.0,77,77,31.3,In-Progress
INT_0192,WEB_102,4.5,95,100,21.6,Completed
INT_0192,WEB_203,4.0,86,91,17.4,Completed
INT_0192,AIML_102,4.0,61,51,8.3,In-Progress
INT_0192,DS_302,3.0,77,78,16.1,In-Progress
INT_0192,DS_202,4.0,67,56,14.4,In-Progress
INT_0192,WEB_202,5.0,84,90,20.6,In-Progress
INT_0192,WEB_302,4.5,93,100,22.7,Completed
INT_0192,DS_201,4.0,54,54,13.4,In-Progress
INT_0192,MOB_301,3.0,65,69,13.7,In-Progress
INT_0192,WEB_201,4.0,91,86,29.7,Completed
INT_0193,DS_201,3.5,66,67,13.5,In-Progress
INT_0193,SEC_302,4.0,51,52,14.8,In-Progress
INT_0193,DS_101,4.5,70,74,15.7,In-Progress
INT_0193,AIML_303,3.5,100,92,21.1,Completed
INT_0193,AIML_302,4.5,100,96,38.0,Completed
INT_0193,DS_302,5.0,57,64,12.5,In-Progress
INT_0193,SEC_101,4.0,77,68,15.8,In-Progress
INT_0193,AIML_101,5.0,92,87,17.1,Completed
INT_0193,AIML_202,5.0,94,99,15.7,Completed
INT_0193,AIML_102,4.5,97,99,17.3,Completed
INT_0193,CLD_301,3.5,71,74,26.2,In-Progress
INT_0193,DS_301,4.0,63,57,18.8,In-Progress
INT_0193,AIML_201,5.0,94,84,26.6,Completed
INT_0193,CLD_102,4.0,56,58,8.6,In-Progress
INT_0193,MOB_301,3.5,51,52,11.6,In-Progress
INT_0193,AIML_301,5.0,85,81,34.1,Completed
INT_0193,WEB_201,4.0,66,68,23.4,In-Progress
INT_0193,CLD_202,4.0,75,83,26.0,In-Progress
INT_0193,WEB_301,4.5,79,83,25.1,In-Progress
INT_0193,MOB_202,3.0,60,44,18.7,In-Progress
INT_0193,WEB_202,4.0,80,82,21.5,In-Progress
INT_0193,WEB_302,4.0,78,72,19.2,In-Progress
INT_0193,SEC_202,4.0,79,87,28.0,In-Progress
INT_0193,DS_103,3.5,84,76,12.1,In-Progress
INT_0194,AIML_202,4.0,83,91,13.6,In-Progress
INT_0194,MOB_101,4.0,71,71,12.3,In-Progress
INT_0194,AIML_102,4.5,77,73,11.4,In-Progress
INT_0194,DS_202,4.0,54,50,10.4,In-Progress
INT_0194,MOB_202,2.5,54,52,14.4,In-Progress
INT_0194,AIML_303,4.5,88,96,20.7,Completed
INT_0194,WEB_202,4.0,55,53,15.9,In-Progress
INT_0194,WEB_302,2.0,81,84,21.4,In-Progress
INT_0194,SEC_202,4.0,69,63,18.0,In-Progress
INT_0194,AIML_201,4.0,100,92,25.5,Completed
INT_0194,MOB_301,4.5,74,74,18.5,In-Progress
INT_0194,DS_102,4.5,68,63,10.8,In-Progress
INT_0194,AIML_302,4.5,100,100,36.1,Completed
INT_0194,AIML_101,5.0,100,97,21.8,Completed
INT_0194,CLD_102,3.0,41,42,5.7,In-Progress
INT_0194,AIML_301,5.0,91,92,34.1,Completed
INT_0194,WEB_201,3.0,74,64,26.9,In-Progress
INT_0195,DS_202,4.0,73,70,17.5,In-Progress
INT_0195,DS_201,4.5,74,72,15.8,In-Progress
INT_0195,DS_101,4.0,43,40,9.4,In-Progress
INT_0195,AIML_303,2.5,65,70,14.9,In-Progress
INT_0195,AIML_302,3.0,47,55,13.4,In-Progress
INT_0195,AIML_101,4.5,83,76,15.6,In-Progress
INT_0195,AIML_202,5.0,84,84,15.5,In-Progress
INT_0195,WEB_102,2.5,74,69,19.9,In-Progress
INT_0195,AIML_102,5.0,87,89,14.7,Completed
INT_0195,CLD_301,2.5,51,52,20.0,In-Progress
INT_0195,DS_301,3.5,46,53,13.6,In-Progress
INT_0195,AIML_201,3.0,97,88,30.9,Completed
INT_0195,SEC_201,3.5,83,91,20.1,In-Progress
INT_0195,MOB_301,3.5,75,76,17.5,In-Progress
INT_0195,CLD_102,3.5,66,73,10.3,In-Progress
INT_0195,AIML_301,3.5,75,71,26.5,In-Progress
INT_0195,CLD_202,4.0,82,86,27.9,In-Progress
INT_0195,WEB_301,3.5,35,40,13.0,Dropped
INT_0195,MOB_302,4.0,33,40,8.0,Dropped
INT_0195,WEB_202,4.0,75,81,18.8,In-Progress
INT_0195,DS_103,3.0,47,42,9.2,In-Progress
INT_0196,MOB_201,3.0,76,85,21.1,In-Progress
INT_0196,WEB_203,3.0,72,68,13.0,In-Progress
INT_0196,DS_201,3.0,51,55,13.8,In-Progress
INT_0196,SEC_302,2.5,20,40,5.1,Dropped
INT_0196,DS_101,4.0,38,40,9.2,Dropped
INT_0196,AIML_302,3.0,92,88,33.2,Completed
INT_0196,AIML_303,4.0,59,65,16.8,In-Progress
INT_0196,CLD_201,4.5,49,54,9.1,In-Progress
INT_0196,DS_302,4.0,74,77,15.6,In-Progress
INT_0196,AIML_101,4.0,67,66,12.0,In-Progress
INT_0196,AIML_202,3.5,77,74,12.2,In-Progress
INT_0196,CLD_101,2.0,73,84,14.8,In-Progress
INT_0196,WEB_102,4.0,58,53,18.0,In-Progress
INT_0196,AIML_102,4.0,89,86,12.5,Completed
INT_0196,DS_301,3.0,20,40,7.3,Dropped
INT_0196,AIML_201,4.5,88,97,31.0,Completed
INT_0196,MOB_301,4.0,60,57,12.4,In-Progress
INT_0196,AIML_301,3.5,51,47,23.1,In-Progress
INT_0196,WEB_201,2.5,66,59,18.6,In-Progress
INT_0196,MOB_302,3.0,20,40,3.7,Dropped
INT_0196,MOB_202,4.0,52,50,12.4,In-Progress
INT_0196,DS_102,3.0,67,78,10.0,In-Progress
INT_0196,MOB_101,3.0,80,77,13.2,In-Progress
INT_0196,DS_103,2.0,58,62,10.9,In-Progress
INT_0197,WEB_203,3.5,68,62,17.1,In-Progress
INT_0197,DS_201,3.0,70,67,16.7,In-Progress
INT_0197,SEC_302,5.0,100,100,33.1,Completed
INT_0197,AIML_303,3.5,44,56,10.6,In-Progress
INT_0197,CLD_201,3.5,69,67,12.8,In-Progress
INT_0197,SEC_101,5.0,100,100,15.5,Completed
INT_0197,AIML_101,3.5,56,55,11.3,In-Progress
INT_0197,AIML_202,4.0,67,68,13.6,In-Progress
INT_0197,CLD_101,4.5,97,92,17.7,Completed
INT_0197,AIML_102,4.5,61,62,10.9,In-Progress
INT_0197,CLD_301,3.0,91,91,30.8,Completed
INT_0197,DS_301,4.0,64,63,22.7,In-Progress
INT_0197,SEC_201,4.5,93,100,26.5,Completed
INT_0197,MOB_301,4.5,60,59,16.4,In-Progress
INT_0197,AIML_301,4.5,37,42,12.2,Dropped
INT_0197,WEB_201,4.5,56,55,17.5,In-Progress
INT_0197,WEB_101,4.0,70,65,14.4,In-Progress
INT_0197,WEB_301,4.5,83,78,31.7,In-Progress
INT_0197,MOB_302,3.5,84,89,21.2,In-Progress
INT_0197,WEB_302,4.0,73,68,17.4,In-Progress
INT_0197,SEC_202,4.5,90,98,26.4,Completed
INT_0197,SEC_301,4.5,83,77,19.3,In-Progress
INT_0197,MOB_101,3.0,40,44,7.4,In-Progress
INT_0197,DS_103,4.0,57,54,11.1,In-Progress
INT_0198,WEB_203,3.5,54,56,10.2,In-Progress
INT_0198,DS_201,4.0,71,76,14.8,In-Progress
INT_0198,SEC_302,3.0,60,60,16.5,In-Progress
INT_0198,DS_101,3.5,55,47,10.1,In-Progress
INT_0198,AIML_303,2.5,80,76,18.4,In-Progress
INT_0198,CLD_201,4.0,100,100,25.6,Completed
INT_0198,SEC_101,2.5,71,71,14.7,In-Progress
INT_0198,CLD_101,2.5,72,75,13.3,In-Progress
INT_0198,CLD_302,5.0,94,96,26.9,Completed
INT_0198,CLD_301,5.0,82,72,23.8,In-Progress
INT_0198,DS_301,2.5,64,57,25.2,In-Progress
INT_0198,SEC_201,3.5,43,40,12.1,In-Progress
INT_0198,CLD_102,4.0,79,85,14.4,In-Progress
INT_0198,WEB_201,3.0,55,61,16.1,In-Progress
INT_0198,CLD_202,4.5,86,86,30.5,Completed
INT_0198,WEB_101,2.0,58,53,10.2,In-Progress
INT_0198,WEB_301,4.0,82,96,29.6,In-Progress
INT_0198,WEB_302,3.0,69,77,17.8,In-Progress
INT_0198,SEC_202,4.5,67,63,19.0,In-Progress
INT_0198,SEC_301,4.5,65,61,14.8,In-Progress
INT_0198,DS_102,4.0,70,73,11.9,In-Progress
INT_0198,DS_103,3.0,52,50,7.7,In-Progress
INT_0199,DS_202,4.0,53,54,12.9,In-Progress
INT_0199,SEC_302,4.0,68,66,18.6,In-Progress
INT_0199,AIML_302,4.5,84,91,32.5,In-Progress
INT_0199,AIML_303,4.5,82,82,18.3,In-Progress
INT_0199,CLD_201,4.5,49,42,10.1,In-Progress
INT_0199,SEC_101,4.0,48,46,7.5,In-Progress
INT_0199,AIML_101,5.0,95,98,21.8,Completed
INT_0199,AIML_202,4.5,87,98,15.2,Completed
INT_0199,WEB_102,4.0,50,51,13.1,In-Progress
INT_0199,AIML_102,4.0,100,97,15.5,Completed
INT_0199,DS_301,5.0,55,46,16.0,In-Progress
INT_0199,AIML_201,5.0,95,92,34.4,Completed
INT_0199,SEC_201,3.5,57,55,13.1,In-Progress
INT_0199,AIML_301,4.0,100,90,33.1,Completed
INT_0199,WEB_201,4.5,79,74,27.1,In-Progress
INT_0199,CLD_202,4.5,71,76,19.2,In-Progress
INT_0199,WEB_101,2.5,58,65,11.4,In-Progress
INT_0199,MOB_302,4.0,71,66,18.3,In-Progress
INT_0199,WEB_202,3.0,74,76,17.4,In-Progress
INT_0199,SEC_202,4.5,55,55,16.5,In-Progress
INT_0199,SEC_301,3.0,57,55,13.1,In-Progress
INT_0199,DS_103,3.0,53,52,9.0,In-Progress
INT_0200,WEB_203,5.0,95,96,17.3,Completed
INT_0200,DS_202,5.0,52,57,13.4,In-Progress
INT_0200,SEC_302,3.0,47,45,14.5,In-Progress
INT_0200,AIML_302,3.0,54,53,18.5,In-Progress
INT_0200,DS_302,3.5,64,58,13.3,In-Progress
INT_0200,CLD_101,3.5,71,68,13.3,In-Progress
INT_0200,WEB_102,5.0,78,77,22.2,In-Progress
INT_0200,AIML_102,3.0,58,64,8.6,In-Progress
INT_0200,DS_301,3.0,34,40,10.8,Dropped
INT_0200,AIML_201,3.5,57,60,19.9,In-Progress
INT_0200,CLD_102,4.0,62,53,9.0,In-Progress
INT_0200,WEB_201,5.0,84,80,23.6,In-Progress
INT_0200,CLD_202,5.0,65,65,21.5,In-Progress
INT_0200,WEB_101,5.0,63,59,12.3,In-Progress
INT_0200,WEB_301,4.0,91,81,30.9,Completed
INT_0200,MOB_302,4.0,84,80,18.4,In-Progress
INT_0200,WEB_202,4.0,69,65,21.9,In-Progress
INT_0200,WEB_302,5.0,86,86,19.4,Completed
INT_0200,MOB_101,3.0,83,83,16.0,In-Progress
INT_0200,DS_103,4.5,52,52,8.0,In-Progress
INT_0201,CLD_202,4.0,56,57,19.6,In-Progress
INT_0201,AIML_202,2.0,69,68,13.9,In-Progress
INT_0201,DS_302,4.0,89,86,20.4,Completed
INT_0201,DS_202,3.5,66,60,12.8,In-Progress
INT_0201,CLD_302,5.0,65,63,21.4,In-Progress
INT_0201,SEC_302,3.5,62,67,16.2,In-Progress
INT_0201,DS_101,4.0,91,94,21.2,Completed
INT_0201,DS_301,5.0,82,87,31.5,In-Progress
INT_0201,DS_201,4.0,100,100,20.9,Completed
INT_0201,SEC_101,4.0,71,68,14.6,In-Progress
INT_0201,SEC_201,5.0,68,72,15.7,In-Progress
INT_0201,DS_102,5.0,100,92,14.9,Completed
INT_0201,CLD_201,3.0,43,52,8.6,In-Progress
INT_0201,MOB_101,3.5,84,83,16.9,In-Progress
INT_0201,CLD_102,3.0,55,60,9.8,In-Progress
INT_0201,DS_103,3.0,78,85,15.4,In-Progress
INT_0201,WEB_201,3.5,48,40,13.8,In-Progress
INT_0202,MOB_201,3.5,59,59,18.4,In-Progress
INT_0202,DS_202,3.5,67,60,13.0,In-Progress
INT_0202,DS_201,4.5,61,55,16.0,In-Progress
INT_0202,SEC_302,3.5,72,68,20.4,In-Progress
INT_0202,AIML_302,3.5,38,41,10.3,Dropped
INT_0202,SEC_101,4.0,100,100,18.4,Completed
INT_0202,AIML_101,4.0,76,80,15.8,In-Progress
INT_0202,AIML_202,4.0,56,43,10.6,In-Progress
INT_0202,WEB_102,3.5,72,74,19.6,In-Progress
INT_0202,CLD_302,2.5,46,40,15.5,In-Progress
INT_0202,AIML_201,4.0,73,74,22.7,In-Progress
INT_0202,SEC_201,4.0,86,89,17.5,Completed
INT_0202,CLD_102,2.5,62,65,9.4,In-Progress
INT_0202,WEB_101,4.0,71,73,13.5,In-Progress
INT_0202,MOB_302,4.0,41,40,10.0,In-Progress
INT_0202,MOB_202,4.0,64,67,18.1,In-Progress
INT_0202,SEC_202,4.5,100,100,30.2,Completed
INT_0202,SEC_301,3.5,75,77,14.3,In-Progress
INT_0202,MOB_101,4.0,60,62,9.1,In-Progress
INT_0203,MOB_201,4.0,73,74,21.9,In-Progress
INT_0203,DS_201,3.0,39,46,8.4,Dropped
INT_0203,SEC_302,3.0,54,60,17.7,In-Progress
INT_0203,CLD_201,3.0,100,100,20.6,Completed
INT_0203,SEC_101,3.5,88,86,17.8,Completed
INT_0203,AIML_202,3.5,80,73,13.4,In-Progress
INT_0203,CLD_101,4.0,77,78,12.8,In-Progress
INT_0203,CLD_302,4.5,93,93,23.1,Completed
INT_0203,CLD_301,3.0,63,60,23.2,In-Progress
INT_0203,DS_301,2.5,31,40,10.9,Dropped
INT_0203,AIML_201,3.5,45,45,11.8,In-Progress
INT_0203,MOB_301,4.0,63,67,17.3,In-Progress
INT_0203,CLD_102,4.5,70,76,9.5,In-Progress
INT_0203,CLD_202,5.0,86,71,25.6,Completed
INT_0203,WEB_101,3.5,37,40,7.1,Dropped
INT_0203,MOB_302,3.0,37,40,8.8,Dropped
INT_0203,WEB_202,3.0,61,60,16.6,In-Progress
INT_0203,WEB_302,2.0,54,61,14.2,In-Progress
INT_0203,DS_103,4.5,63,67,9.7,In-Progress
INT_0204,MOB_201,4.0,68,73,22.2,In-Progress
INT_0204,WEB_203,3.0,74,76,18.0,In-Progress
INT_0204,DS_201,3.0,87,87,18.8,Completed
INT_0204,SEC_302,4.0,77,71,25.4,In-Progress
INT_0204,DS_101,3.0,47,40,11.8,In-Progress
INT_0204,CLD_201,4.5,56,51,10.6,In-Progress
INT_0204,AIML_302,4.5,51,47,17.3,In-Progress
INT_0204,DS_302,3.0,83,84,18.0,In-Progress
INT_0204,SEC_101,3.5,88,89,18.2,Completed
INT_0204,CLD_302,4.0,73,63,22.6,In-Progress
INT_0204,AIML_201,4.5,68,63,17.5,In-Progress
INT_0204,SEC_201,3.0,86,89,19.5,Completed
INT_0204,CLD_102,3.5,66,67,9.7,In-Progress
INT_0204,MOB_301,4.0,100,100,27.3,Completed
INT_0204,CLD_202,3.5,49,53,16.7,In-Progress
INT_0204,MOB_202,5.0,82,79,22.4,In-Progress
INT_0204,MOB_302,4.0,100,100,20.4,Completed
INT_0204,WEB_202,3.5,61,59,16.3,In-Progress
INT_0204,SEC_202,2.5,78,82,20.5,In-Progress
INT_0204,SEC_301,3.0,52,52,10.2,In-Progress
INT_0204,MOB_101,4.0,100,97,19.3,Completed
INT_0205,MOB_201,3.0,55,46,15.7,In-Progress
INT_0205,DS_201,4.5,67,67,13.8,In-Progress
INT_0205,AIML_302,5.0,52,54,16.6,In-Progress
INT_0205,CLD_201,5.0,96,100,18.4,Completed
INT_0205,SEC_101,4.5,60,59,11.4,In-Progress
INT_0205,AIML_202,3.5,54,54,7.9,In-Progress
INT_0205,CLD_101,5.0,64,59,11.1,In-Progress
INT_0205,WEB_102,4.0,76,78,21.1,In-Progress
INT_0205,AIML_102,3.0,59,56,11.0,In-Progress
INT_0205,CLD_302,5.0,78,86,22.1,In-Progress
INT_0205,CLD_301,4.5,79,72,31.4,In-Progress
INT_0205,DS_301,2.5,63,58,20.1,In-Progress
INT_0205,AIML_201,4.0,77,80,21.5,In-Progress
INT_0205,MOB_301,3.0,52,46,10.8,In-Progress
INT_0205,CLD_102,4.5,100,100,15.4,Completed
INT_0205,CLD_202,4.0,66,68,22.3,In-Progress
INT_0205,WEB_101,3.5,58,51,10.4,In-Progress
INT_0205,WEB_301,3.0,92,94,32.4,Completed
INT_0205,MOB_202,4.0,70,73,20.4,In-Progress
INT_0205,WEB_202,4.0,61,61,15.2,In-Progress
INT_0205,SEC_301,3.0,50,50,9.5,In-Progress
INT_0205,MOB_101,3.0,61,56,12.5,In-Progress
INT_0205,DS_103,3.5,51,44,10.1,In-Progress
INT_0206,WEB_101,5.0,100,100,15.7,Completed
INT_0206,WEB_301,3.5,85,89,31.5,Completed
INT_0206,WEB_102,4.0,96,100,25.6,Completed
INT_0206,CLD_101,3.0,56,58,11.5,In-Progress
INT_0206,WEB_203,4.0,71,72,14.9,In-Progress
INT_0206,MOB_302,2.0,52,49,9.4,In-Progress
INT_0206,WEB_202,4.5,100,100,24.0,Completed
INT_0206,WEB_302,3.5,59,63,14.9,In-Progress
INT_0206,DS_301,3.0,39,41,14.8,Dropped
INT_0206,AIML_303,2.5,40,42,8.2,In-Progress
INT_0206,MOB_101,4.5,75,72,13.7,In-Progress
INT_0206,MOB_301,3.0,47,40,9.9,In-Progress
INT_0206,DS_103,4.5,45,52,7.7,In-Progress
INT_0206,WEB_201,4.0,99,94,28.4,Completed
INT_0207,WEB_101,4.0,67,65,10.3,In-Progress
INT_0207,WEB_301,2.5,88,91,26.0,Completed
INT_0207,WEB_102,4.0,93,96,24.3,Completed
INT_0207,CLD_101,3.0,51,50,10.0,In-Progress
INT_0207,WEB_203,3.5,93,98,21.0,Completed
INT_0207,DS_103,3.5,61,56,9.7,In-Progress
INT_0207,AIML_102,4.5,65,55,12.3,In-Progress
INT_0207,MOB_302,1.5,59,68,11.9,In-Progress
INT_0207,MOB_202,4.5,87,88,23.3,Completed
INT_0207,WEB_202,4.5,73,72,19.4,In-Progress
INT_0207,WEB_302,3.0,83,94,20.2,In-Progress
INT_0207,DS_301,3.0,44,40,14.8,In-Progress
INT_0207,AIML_101,3.0,83,89,16.7,In-Progress
INT_0207,AIML_301,3.0,29,40,10.8,Dropped
INT_0207,WEB_201,3.0,100,97,35.6,Completed
INT_0208,CLD_202,5.0,73,70,21.2,In-Progress
INT_0208,CLD_101,4.5,83,85,13.6,In-Progress
INT_0208,MOB_201,3.5,62,63,17.0,In-Progress
INT_0208,WEB_203,5.0,67,57,15.9,In-Progress
INT_0208,DS_302,3.5,50,50,11.3,In-Progress
INT_0208,CLD_302,5.0,78,90,21.0,In-Progress
INT_0208,CLD_301,4.5,85,94,29.2,Completed
INT_0208,SEC_302,1.5,90,91,27.4,Completed
INT_0208,WEB_302,3.0,54,55,12.5,In-Progress
INT_0208,DS_301,4.0,74,74,22.7,In-Progress
INT_0208,DS_201,5.0,54,52,14.1,In-Progress
INT_0208,SEC_201,4.0,55,52,11.5,In-Progress
INT_0208,DS_101,4.5,51,45,12.0,In-Progress
INT_0208,CLD_201,4.0,96,100,23.0,Completed
INT_0208,AIML_101,4.5,60,58,10.7,In-Progress
INT_0208,CLD_102,5.0,83,84,10.7,In-Progress
INT_0208,DS_103,3.5,53,46,9.5,In-Progress
INT_0209,MOB_201,4.5,80,85,27.6,In-Progress
INT_0209,WEB_203,2.5,74,74,14.5,In-Progress
INT_0209,DS_202,2.5,84,86,18.4,In-Progress
INT_0209,SEC_302,3.5,37,40,9.5,Dropped
INT_0209,AIML_303,4.0,56,52,15.8,In-Progress
INT_0209,CLD_201,2.0,58,59,11.4,In-Progress
INT_0209,DS_302,3.5,71,75,13.0,In-Progress
INT_0209,AIML_101,4.0,90,94,17.7,Completed
INT_0209,CLD_101,4.0,69,70,12.1,In-Progress
INT_0209,WEB_102,4.0,78,76,20.5,In-Progress
INT_0209,CLD_301,3.0,20,40,6.6,Dropped
INT_0209,DS_301,2.5,48,51,17.7,In-Progress
INT_0209,AIML_201,4.0,72,74,19.7,In-Progress
INT_0209,MOB_301,4.5,88,91,21.5,Completed
INT_0209,AIML_301,3.0,27,40,9.3,Dropped
INT_0209,WEB_301,2.5,46,46,18.8,In-Progress
INT_0209,MOB_302,4.0,72,74,16.5,In-Progress
INT_0209,MOB_202,3.5,93,90,21.4,Completed
INT_0209,WEB_202,2.5,59,67,18.0,In-Progress
INT_0209,WEB_302,3.0,20,40,4.7,Dropped
INT_0209,SEC_202,3.5,75,79,21.9,In-Progress
INT_0209,MOB_101,3.5,84,88,15.9,In-Progress
INT_0209,DS_103,3.5,59,64,12.1,In-Progress
INT_0210,MOB_201,3.5,80,79,26.4,In-Progress
INT_0210,SEC_302,3.0,34,40,8.8,Dropped
INT_0210,AIML_302,3.0,38,40,12.6,Dropped
INT_0210,CLD_201,4.5,92,97,19.9,Completed
INT_0210,DS_302,3.5,70,68,13.3,In-Progress
INT_0210,CLD_101,3.0,90,92,13.3,Completed
INT_0210,CLD_302,3.0,43,45,10.7,In-Progress
INT_0210,CLD_301,3.0,73,69,26.5,In-Progress
INT_0210,SEC_201,3.0,60,52,13.6,In-Progress
INT_0210,MOB_301,3.5,68,60,17.7,In-Progress
INT_0210,CLD_102,5.0,93,98,15.8,Completed
INT_0210,WEB_201,4.0,83,88,24.5,In-Progress
INT_0210,CLD_202,3.5,97,99,33.4,Completed
INT_0210,WEB_101,3.0,63,64,12.6,In-Progress
INT_0210,WEB_301,2.5,28,40,11.4,Dropped
INT_0210,MOB_302,3.0,42,48,10.0,In-Progress
INT_0210,WEB_202,4.0,85,88,27.8,Completed
INT_0210,SEC_202,4.5,65,55,18.2,In-Progress
INT_0210,SEC_301,2.0,45,50,11.6,In-Progress
INT_0211,MOB_201,3.5,63,58,17.7,In-Progress
INT_0211,WEB_203,3.5,61,58,11.5,In-Progress
INT_0211,DS_202,4.0,63,68,14.9,In-Progress
INT_0211,SEC_302,4.5,74,75,21.4,In-Progress
INT_0211,DS_101,4.0,60,64,11.0,In-Progress
INT_0211,CLD_201,3.5,71,70,14.2,In-Progress
INT_0211,DS_302,3.5,76,80,16.6,In-Progress
INT_0211,SEC_101,4.5,90,90,16.9,Completed
INT_0211,AIML_102,3.5,51,57,7.4,In-Progress
INT_0211,SEC_201,4.0,70,67,17.4,In-Progress
INT_0211,CLD_102,3.0,72,75,9.4,In-Progress
INT_0211,WEB_201,3.0,60,59,18.7,In-Progress
INT_0211,MOB_302,2.5,43,40,7.8,In-Progress
INT_0211,MOB_202,3.5,86,79,21.3,Completed
INT_0211,WEB_202,4.0,74,80,24.6,In-Progress
INT_0211,SEC_202,3.5,86,83,26.1,Completed
INT_0211,SEC_301,5.0,63,68,14.6,In-Progress
INT_0211,DS_102,3.0,53,53,8.1,In-Progress
INT_0211,MOB_101,3.5,38,40,5.5,Dropped
INT_0212,AIML_202,5.0,100,98,19.4,Completed
INT_0212,AIML_102,3.5,91,100,17.7,Completed
INT_0212,DS_202,3.0,81,86,17.8,In-Progress
INT_0212,MOB_202,4.5,58,59,15.1,In-Progress
INT_0212,AIML_302,4.5,92,89,25.4,Completed
INT_0212,CLD_302,3.0,49,48,11.6,In-Progress
INT_0212,CLD_301,4.5,48,56,19.5,In-Progress
INT_0212,SEC_202,4.5,64,67,21.3,In-Progress
INT_0212,AIML_201,4.0,100,97,26.3,Completed
INT_0212,AIML_303,5.0,88,89,17.9,Completed
INT_0212,AIML_101,4.5,97,100,19.2,Completed
INT_0212,AIML_301,4.5,97,99,36.4,Completed
INT_0213,MOB_201,4.0,84,90,29.2,In-Progress
INT_0213,WEB_203,3.0,69,63,14.7,In-Progress
INT_0213,DS_201,4.0,67,59,16.1,In-Progress
INT_0213,SEC_302,2.5,65,70,17.6,In-Progress
INT_0213,DS_101,4.0,68,72,16.1,In-Progress
INT_0213,CLD_201,3.5,67,65,15.6,In-Progress
INT_0213,SEC_101,3.0,75,76,11.5,In-Progress
INT_0213,AIML_101,3.0,63,62,14.3,In-Progress
INT_0213,CLD_101,3.5,79,79,11.7,In-Progress
INT_0213,WEB_102,3.0,54,60,13.7,In-Progress
INT_0213,AIML_102,3.5,66,65,10.7,In-Progress
INT_0213,CLD_302,4.0,78,82,21.3,In-Progress
INT_0213,AIML_201,4.0,59,51,15.7,In-Progress
INT_0213,MOB_301,5.0,91,97,19.7,Completed
INT_0213,WEB_301,3.0,53,54,15.3,In-Progress
INT_0213,MOB_202,4.5,98,96,24.3,Completed
INT_0213,MOB_302,4.5,100,96,22.5,Completed
INT_0213,WEB_202,3.0,79,79,22.6,In-Progress
INT_0213,WEB_302,3.0,61,59,14.3,In-Progress
INT_0213,SEC_202,2.5,54,54,17.7,In-Progress
INT_0213,SEC_301,3.5,67,70,16.6,In-Progress
INT_0213,DS_102,3.5,76,71,10.3,In-Progress
INT_0213,MOB_101,4.5,66,62,11.5,In-Progress
INT_0213,DS_103,4.5,53,60,8.4,In-Progress
INT_0214,MOB_201,3.5,55,56,19.4,In-Progress
INT_0214,SEC_302,3.0,49,47,14.4,In-Progress
INT_0214,AIML_303,3.0,75,68,18.9,In-Progress
INT_0214,AIML_302,3.5,55,46,17.9,In-Progress
INT_0214,SEC_101,4.0,53,46,7.7,In-Progress
INT_0214,AIML_101,4.0,91,78,18.3,Completed
INT_0214,AIML_202,4.0,71,64,12.3,In-Progress
INT_0214,WEB_102,3.0,58,63,13.4,In-Progress
INT_0214,AIML_102,4.5,98,98,15.8,Completed
INT_0214,CLD_302,3.0,24,40,6.4,Dropped
INT_0214,CLD_301,2.0,22,40,6.5,Dropped
INT_0214,DS_301,3.0,62,60,20.2,In-Progress
INT_0214,AIML_201,4.0,90,94,29.9,Completed
INT_0214,SEC_201,3.5,58,53,12.1,In-Progress
INT_0214,CLD_102,3.0,73,66,11.1,In-Progress
INT_0214,AIML_301,3.0,66,68,21.0,In-Progress
INT_0214,MOB_302,3.0,32,40,7.8,Dropped
INT_0214,SEC_202,4.0,68,66,18.5,In-Progress
INT_0214,DS_102,2.5,69,57,8.9,In-Progress
INT_0215,MOB_201,4.5,100,97,35.3,Completed
INT_0215,SEC_302,4.0,72,74,21.1,In-Progress
INT_0215,CLD_201,4.0,52,43,12.2,In-Progress
INT_0215,AIML_302,4.0,70,60,20.3,In-Progress
INT_0215,SEC_101,4.5,60,62,8.8,In-Progress
INT_0215,AIML_101,3.5,74,80,13.3,In-Progress
INT_0215,AIML_202,3.0,65,63,12.0,In-Progress
INT_0215,CLD_101,4.0,59,56,12.2,In-Progress
INT_0215,CLD_301,3.0,58,40,18.0,In-Progress
INT_0215,CLD_102,5.0,55,61,7.5,In-Progress
INT_0215,MOB_301,5.0,67,66,16.4,In-Progress
INT_0215,AIML_301,4.5,67,69,21.3,In-Progress
INT_0215,CLD_202,5.0,72,72,24.6,In-Progress
INT_0215,WEB_301,4.0,44,40,15.3,In-Progress
INT_0215,MOB_202,4.0,78,76,23.7,In-Progress
INT_0215,MOB_302,4.0,99,100,23.9,Completed
INT_0215,WEB_302,4.0,64,58,17.9,In-Progress
INT_0215,SEC_202,2.5,58,58,17.3,In-Progress
INT_0215,SEC_301,4.0,64,72,15.2,In-Progress
INT_0215,DS_102,4.5,72,78,10.0,In-Progress
INT_0215,MOB_101,4.5,97,99,19.9,Completed
INT_0216,MOB_201,4.5,89,83,28.2,Completed
INT_0216,DS_201,4.0,59,62,16.9,In-Progress
INT_0216,SEC_302,3.5,50,45,14.6,In-Progress
INT_0216,DS_101,3.0,59,60,14.5,In-Progress
INT_0216,CLD_201,4.0,47,48,9.7,In-Progress
INT_0216,AIML_302,3.0,39,41,12.4,Dropped
INT_0216,DS_302,3.5,55,55,10.0,In-Progress
INT_0216,WEB_102,4.0,67,78,18.2,In-Progress
INT_0216,AIML_102,3.5,79,78,13.7,In-Progress
INT_0216,CLD_301,3.0,47,49,14.7,In-Progress
INT_0216,DS_301,2.0,61,65,25.4,In-Progress
INT_0216,AIML_201,3.5,56,57,18.7,In-Progress
INT_0216,MOB_301,4.5,86,89,17.7,Completed
INT_0216,AIML_301,3.5,52,46,23.4,In-Progress
INT_0216,WEB_201,2.5,63,62,22.6,In-Progress
INT_0216,WEB_101,4.5,53,54,10.3,In-Progress
INT_0216,WEB_301,4.0,20,40,7.6,Dropped
INT_0216,MOB_302,3.5,65,65,16.2,In-Progress
INT_0216,MOB_202,4.5,88,93,23.3,Completed
INT_0216,SEC_301,2.0,20,40,3.8,Dropped
INT_0216,MOB_101,4.5,100,100,19.3,Completed
INT_0217,MOB_201,3.0,47,46,14.8,In-Progress
INT_0217,WEB_203,5.0,100,100,20.2,Completed
INT_0217,DS_101,3.5,55,44,12.4,In-Progress
INT_0217,AIML_302,3.0,40,40,12.6,In-Progress
INT_0217,DS_302,2.0,78,80,13.7,In-Progress
INT_0217,SEC_101,3.5,71,72,12.7,In-Progress
INT_0217,AIML_101,1.5,59,58,11.1,In-Progress
INT_0217,WEB_102,4.0,95,95,21.3,Completed
INT_0217,AIML_102,3.0,42,49,6.8,In-Progress
INT_0217,CLD_301,2.5,40,45,14.5,In-Progress
INT_0217,DS_301,2.5,33,40,13.4,Dropped
INT_0217,SEC_201,2.5,48,48,10.6,In-Progress
INT_0217,CLD_102,4.5,47,40,7.4,In-Progress
INT_0217,MOB_301,3.0,62,61,12.4,In-Progress
INT_0217,WEB_201,4.0,87,92,31.0,Completed
INT_0217,AIML_301,2.5,52,53,18.4,In-Progress
INT_0217,WEB_101,4.0,100,92,15.0,Completed
INT_0217,WEB_301,2.5,49,43,14.6,In-Progress
INT_0217,WEB_202,4.5,85,80,25.6,Completed
INT_0217,WEB_302,3.0,65,58,14.2,In-Progress
INT_0217,DS_102,3.5,76,68,13.4,In-Progress
INT_0217,MOB_101,3.5,63,67,11.7,In-Progress
INT_0217,DS_103,3.5,50,43,8.3,In-Progress
INT_0218,WEB_101,5.0,94,100,15.2,Completed
INT_0218,WEB_301,5.0,100,100,40.3,Completed
INT_0218,WEB_102,3.5,80,88,20.1,In-Progress
INT_0218,CLD_101,4.0,75,67,15.2,In-Progress
INT_0218,WEB_203,5.0,100,100,19.7,Completed
INT_0218,DS_202,4.0,60,60,13.1,In-Progress
INT_0218,DS_302,3.0,54,58,9.6,In-Progress
INT_0218,WEB_202,4.5,99,92,32.3,Completed
INT_0218,WEB_302,5.0,96,100,19.1,Completed
INT_0218,SEC_202,3.5,77,76,25.4,In-Progress
INT_0218,DS_201,4.0,66,65,15.0,In-Progress
INT_0218,CLD_102,3.0,61,59,8.8,In-Progress
INT_0218,SEC_302,3.5,61,65,18.9,In-Progress
INT_0218,DS_102,3.5,55,57,9.5,In-Progress
INT_0218,MOB_301,3.5,83,81,17.8,In-Progress
INT_0218,WEB_201,4.0,91,85,32.4,Completed
INT_0219,CLD_202,3.0,84,83,26.0,In-Progress
INT_0219,WEB_102,3.5,60,67,17.3,In-Progress
INT_0219,MOB_201,4.0,61,59,15.9,In-Progress
INT_0219,WEB_203,3.5,41,45,8.1,In-Progress
INT_0219,MOB_202,4.5,65,61,18.4,In-Progress
INT_0219,AIML_302,3.5,75,79,20.7,In-Progress
INT_0219,SEC_302,5.0,100,96,25.2,Completed
INT_0219,SEC_101,3.5,99,100,19.2,Completed
INT_0219,SEC_202,5.0,68,69,23.3,In-Progress
INT_0219,DS_201,3.0,54,56,14.0,In-Progress
INT_0219,SEC_301,4.0,78,86,14.7,In-Progress
INT_0219,SEC_201,4.5,100,100,21.5,Completed
INT_0219,AIML_303,2.5,61,55,13.3,In-Progress
INT_0219,MOB_101,4.0,61,53,11.5,In-Progress
INT_0219,MOB_301,5.0,68,73,14.3,In-Progress
INT_0219,WEB_201,3.5,42,40,14.0,In-Progress
INT_0220,AIML_202,5.0,83,92,16.5,In-Progress
INT_0220,MOB_101,3.5,78,86,13.6,In-Progress
INT_0220,WEB_101,4.5,64,63,12.7,In-Progress
INT_0220,WEB_102,4.0,74,79,17.4,In-Progress
INT_0220,AIML_102,5.0,100,96,16.7,Completed
INT_0220,WEB_203,3.5,73,76,13.7,In-Progress
INT_0220,MOB_202,3.5,27,40,6.9,Dropped
INT_0220,DS_302,3.5,78,77,16.7,In-Progress
INT_0220,AIML_303,4.0,96,90,24.8,Completed
INT_0220,CLD_301,4.0,47,45,15.6,In-Progress
INT_0220,DS_201,5.0,67,67,15.8,In-Progress
INT_0220,AIML_201,4.0,62,62,17.9,In-Progress
INT_0220,WEB_201,3.0,63,57,17.0,In-Progress
INT_0220,AIML_302,4.0,87,78,28.6,Completed
INT_0220,AIML_101,4.5,70,67,14.9,In-Progress
INT_0220,AIML_301,5.0,100,83,38.5,Completed
INT_0220,CLD_201,3.5,40,40,8.8,In-Progress
INT_0221,CLD_202,5.0,68,63,20.3,In-Progress
INT_0221,AIML_202,4.5,72,60,12.5,In-Progress
INT_0221,CLD_101,4.0,72,73,14.8,In-Progress
INT_0221,DS_202,4.5,94,94,18.1,Completed
INT_0221,DS_302,4.5,82,81,14.5,In-Progress
INT_0221,DS_102,4.5,100,100,14.4,Completed
INT_0221,DS_301,4.0,97,91,32.8,Completed
INT_0221,DS_201,3.5,92,90,21.2,Completed
INT_0221,SEC_202,3.5,87,89,25.1,Completed
INT_0221,AIML_201,2.0,55,56,17.7,In-Progress
INT_0221,DS_101,5.0,100,96,25.1,Completed
INT_0221,DS_103,4.5,79,80,14.0,In-Progress
INT_0222,WEB_101,3.0,64,70,12.3,In-Progress
INT_0222,CLD_101,4.0,69,67,11.4,In-Progress
INT_0222,MOB_201,5.0,85,89,27.4,Completed
INT_0222,MOB_202,4.0,90,88,23.7,Completed
INT_0222,MOB_302,4.0,97,87,23.5,Completed
INT_0222,DS_302,4.0,62,64,13.6,In-Progress
INT_0222,WEB_202,2.0,64,64,18.1,In-Progress
INT_0222,SEC_101,4.0,50,54,8.2,In-Progress
INT_0222,DS_201,3.5,70,67,17.2,In-Progress
INT_0222,SEC_202,4.0,65,58,19.2,In-Progress
INT_0222,DS_102,3.5,67,69,11.1,In-Progress
INT_0222,MOB_101,4.5,79,71,12.6,In-Progress
INT_0222,MOB_301,4.5,81,85,16.1,In-Progress
INT_0222,WEB_201,3.0,76,80,29.0,In-Progress
INT_0223,AIML_202,4.5,100,100,18.6,Completed
INT_0223,MOB_101,2.5,82,86,12.2,In-Progress
INT_0223,CLD_101,3.0,41,40,6.3,In-Progress
INT_0223,MOB_201,3.5,63,51,16.3,In-Progress
INT_0223,AIML_102,3.5,96,99,18.6,Completed
INT_0223,DS_103,5.0,70,77,13.9,In-Progress
INT_0223,MOB_202,3.0,68,69,16.5,In-Progress
INT_0223,AIML_303,3.0,73,74,16.5,In-Progress
INT_0223,DS_301,2.5,37,40,12.2,Dropped
INT_0223,AIML_201,3.5,98,99,33.3,Completed
INT_0223,AIML_302,3.0,65,60,18.2,In-Progress
INT_0223,AIML_101,5.0,84,88,14.9,In-Progress
INT_0223,CLD_102,3.0,48,55,6.2,In-Progress
INT_0223,AIML_301,3.5,71,71,25.0,In-Progress
INT_0224,CLD_202,4.5,80,83,27.3,In-Progress
INT_0224,AIML_202,3.0,74,69,14.5,In-Progress
INT_0224,CLD_101,3.5,84,84,17.4,In-Progress
INT_0224,WEB_301,2.5,36,42,12.8,Dropped
INT_0224,WEB_101,3.0,58,43,10.3,In-Progress
INT_0224,DS_302,3.0,66,68,13.6,In-Progress
INT_0224,AIML_303,3.0,43,43,10.5,In-Progress
INT_0224,CLD_302,2.0,72,67,23.6,In-Progress
INT_0224,CLD_301,3.0,76,83,25.0,In-Progress
INT_0224,WEB_202,4.0,67,73,21.7,In-Progress
INT_0224,WEB_302,3.0,44,43,12.2,In-Progress
INT_0224,MOB_301,3.0,79,78,17.9,In-Progress
INT_0224,CLD_201,4.5,86,92,17.1,Completed
INT_0224,CLD_102,4.0,91,94,15.3,Completed
INT_0224,AIML_301,3.0,29,40,10.9,Dropped
INT_0225,MOB_201,3.5,71,67,19.4,In-Progress
INT_0225,DS_202,5.0,75,83,19.3,In-Progress
INT_0225,DS_201,4.0,94,90,20.5,Completed
INT_0225,SEC_302,2.5,39,40,10.5,Dropped
INT_0225,DS_101,3.5,93,95,24.0,Completed
INT_0225,CLD_201,2.5,71,64,14.6,In-Progress
INT_0225,DS_302,3.5,94,100,17.8,Completed
INT_0225,SEC_101,3.5,62,60,11.8,In-Progress
INT_0225,AIML_101,3.5,56,55,12.3,In-Progress
INT_0225,WEB_102,2.5,70,73,19.9,In-Progress
INT_0225,CLD_301,2.5,36,40,14.3,Dropped
INT_0225,DS_301,3.0,57,61,16.7,In-Progress
INT_0225,SEC_201,3.5,69,76,16.2,In-Progress
INT_0225,AIML_301,2.5,35,40,13.2,Dropped
INT_0225,WEB_101,4.0,83,85,16.1,In-Progress
INT_0225,WEB_301,2.5,49,53,16.7,In-Progress
INT_0225,MOB_302,2.0,21,40,4.0,Dropped
INT_0225,MOB_202,5.0,61,60,14.1,In-Progress
INT_0225,WEB_202,4.5,81,78,22.4,In-Progress
INT_0225,SEC_202,3.5,88,91,23.0,Completed
INT_0225,SEC_301,2.5,22,40,4.1,Dropped
INT_0225,DS_102,4.0,100,100,16.7,Completed
INT_0225,DS_103,4.5,100,93,18.1,Completed
INT_0226,CLD_202,4.5,47,41,15.1,In-Progress
INT_0226,AIML_202,3.0,70,75,12.1,In-Progress
INT_0226,WEB_102,4.5,64,73,15.9,In-Progress
INT_0226,MOB_201,5.0,80,79,23.4,In-Progress
INT_0226,WEB_203,3.5,66,66,15.1,In-Progress
INT_0226,MOB_202,4.5,96,91,21.4,Completed
INT_0226,MOB_302,4.0,50,48,12.3,In-Progress
INT_0226,DS_202,3.5,60,59,11.2,In-Progress
INT_0226,CLD_302,2.5,33,40,10.5,Dropped
INT_0226,WEB_202,4.5,64,57,19.6,In-Progress
INT_0226,DS_301,3.5,60,65,17.9,In-Progress
INT_0226,DS_201,3.5,48,51,10.3,In-Progress
INT_0226,CLD_102,5.0,55,50,8.8,In-Progress
INT_0226,SEC_301,2.0,41,42,9.9,In-Progress
INT_0226,SEC_302,2.0,30,40,8.4,Dropped
INT_0226,MOB_101,4.0,85,79,13.0,Completed
INT_0226,MOB_301,3.5,83,84,23.1,In-Progress
INT_0226,DS_103,4.0,64,66,10.2,In-Progress
INT_0227,AIML_302,3.0,57,57,19.8,In-Progress
INT_0227,WEB_202,3.5,51,58,16.2,In-Progress
INT_0227,SEC_302,4.0,90,89,25.6,Completed
INT_0227,WEB_302,3.0,76,72,19.5,In-Progress
INT_0227,SEC_101,4.0,100,96,19.7,Completed
INT_0227,SEC_202,3.5,100,96,30.1,Completed
INT_0227,SEC_301,4.5,85,90,19.7,Completed
INT_0227,SEC_201,4.5,72,69,14.7,In-Progress
INT_0227,MOB_301,4.0,65,60,17.6,In-Progress
INT_0227,AIML_303,4.5,55,59,11.0,In-Progress
INT_0227,CLD_102,3.5,85,89,15.2,Completed
INT_0227,WEB_201,3.0,71,77,21.2,In-Progress
INT_0228,CLD_202,2.5,66,63,22.8,In-Progress
INT_0228,WEB_101,5.0,100,97,16.5,Completed
INT_0228,WEB_301,4.5,52,53,20.6,In-Progress
INT_0228,WEB_102,5.0,90,95,27.5,Completed
INT_0228,MOB_201,2.5,78,67,23.2,In-Progress
INT_0228,WEB_203,4.0,94,100,24.4,Completed
INT_0228,DS_202,3.0,75,70,18.6,In-Progress
INT_0228,WEB_202,3.5,93,96,24.0,Completed
INT_0228,WEB_302,3.5,60,58,14.1,In-Progress
INT_0228,AIML_201,4.0,70,73,24.0,In-Progress
INT_0228,CLD_102,4.0,65,60,10.8,In-Progress
INT_0228,WEB_201,4.0,100,100,28.0,Completed
INT_0229,MOB_201,3.5,74,72,23.7,In-Progress
INT_0229,WEB_203,4.5,79,86,15.6,In-Progress
INT_0229,DS_201,4.5,66,60,14.7,In-Progress
INT_0229,SEC_302,3.0,63,65,14.8,In-Progress
INT_0229,DS_101,4.0,76,76,16.0,In-Progress
INT_0229,AIML_101,5.0,61,62,11.1,In-Progress
INT_0229,WEB_102,4.5,84,92,19.9,In-Progress
INT_0229,AIML_102,4.5,79,82,12.4,In-Progress
INT_0229,CLD_301,3.5,78,80,32.3,In-Progress
INT_0229,DS_301,3.5,59,50,17.5,In-Progress
INT_0229,AIML_201,3.5,77,72,27.6,In-Progress
INT_0229,SEC_201,3.5,43,44,9.8,In-Progress
INT_0229,CLD_102,4.0,46,52,6.9,In-Progress
INT_0229,MOB_301,3.5,52,46,14.8,In-Progress
INT_0229,WEB_201,4.5,83,83,22.4,In-Progress
INT_0229,WEB_101,5.0,79,77,13.5,In-Progress
INT_0229,WEB_301,4.0,100,100,36.2,Completed
INT_0229,MOB_302,2.5,59,63,14.5,In-Progress
INT_0229,WEB_202,3.5,97,92,29.0,Completed
INT_0229,WEB_302,3.5,90,89,22.4,Completed
INT_0229,MOB_101,4.0,59,58,8.9,In-Progress
INT_0229,DS_103,3.5,78,76,14.3,In-Progress
INT_0230,WEB_301,3.0,80,80,27.4,In-Progress
INT_0230,WEB_203,3.5,74,73,16.7,In-Progress
INT_0230,SEC_302,4.0,100,100,29.7,Completed
INT_0230,WEB_302,3.0,93,93,20.1,Completed
INT_0230,SEC_101,4.0,98,100,17.8,Completed
INT_0230,SEC_202,4.0,99,99,30.9,Completed
INT_0230,SEC_301,4.0,90,89,19.6,Completed
INT_0230,SEC_201,5.0,94,99,23.7,Completed
INT_0230,CLD_201,4.0,58,54,11.7,In-Progress
INT_0230,MOB_101,3.0,51,54,9.6,In-Progress
INT_0230,MOB_301,4.0,65,71,16.4,In-Progress
INT_0230,AIML_301,4.5,52,53,20.3,In-Progress
INT_0231,DS_202,3.0,39,40,8.1,Dropped
INT_0231,DS_201,3.5,60,57,16.6,In-Progress
INT_0231,SEC_302,3.0,64,59,16.3,In-Progress
INT_0231,DS_101,3.5,63,59,15.4,In-Progress
INT_0231,AIML_302,5.0,100,97,37.1,Completed
INT_0231,AIML_303,3.5,100,99,22.6,Completed
INT_0231,SEC_101,4.5,55,51,11.3,In-Progress
INT_0231,AIML_101,5.0,100,100,23.1,Completed
INT_0231,AIML_202,4.0,89,81,15.3,Completed
INT_0231,AIML_102,5.0,81,80,13.3,In-Progress
INT_0231,CLD_301,4.5,57,51,17.9,In-Progress
INT_0231,DS_301,4.0,56,53,20.8,In-Progress
INT_0231,AIML_201,3.5,100,100,36.1,Completed
INT_0231,SEC_201,3.5,42,41,11.2,In-Progress
INT_0231,CLD_102,4.0,58,57,10.5,In-Progress
INT_0231,AIML_301,4.5,70,69,27.8,In-Progress
INT_0231,WEB_201,3.0,60,69,16.7,In-Progress
INT_0231,CLD_202,3.0,73,79,18.9,In-Progress
INT_0231,WEB_302,4.5,70,65,14.1,In-Progress
INT_0231,SEC_202,5.0,40,46,13.5,In-Progress
INT_0231,SEC_301,4.5,54,61,12.4,In-Progress
INT_0231,DS_102,3.5,86,89,12.5,Completed
INT_0231,MOB_101,3.0,52,47,7.5,In-Progress
INT_0232,MOB_201,4.0,72,72,23.1,In-Progress
INT_0232,WEB_203,4.0,78,87,19.2,In-Progress
INT_0232,DS_201,3.5,56,50,12.2,In-Progress
INT_0232,SEC_302,4.0,63,56,20.4,In-Progress
INT_0232,AIML_303,2.0,75,81,20.5,In-Progress
INT_0232,AIML_302,4.0,38,40,14.7,Dropped
INT_0232,SEC_101,2.5,90,89,16.9,Completed
INT_0232,AIML_202,4.5,55,57,9.2,In-Progress
INT_0232,CLD_101,4.0,76,76,14.0,In-Progress
INT_0232,AIML_102,3.0,61,55,10.1,In-Progress
INT_0232,CLD_302,1.5,42,46,12.9,In-Progress
INT_0232,SEC_201,4.0,89,91,24.2,Completed
INT_0232,MOB_301,4.0,52,53,12.1,In-Progress
INT_0232,AIML_301,3.0,42,40,13.5,In-Progress
INT_0232,MOB_202,3.0,62,60,18.4,In-Progress
INT_0232,MOB_302,2.5,35,42,7.3,Dropped
INT_0232,WEB_202,4.5,73,68,23.2,In-Progress
INT_0232,WEB_302,3.0,26,40,6.8,Dropped
INT_0232,SEC_202,4.0,72,72,20.6,In-Progress
INT_0232,SEC_301,3.5,77,69,14.3,In-Progress
INT_0232,MOB_101,4.5,83,74,13.5,In-Progress
INT_0233,WEB_101,3.5,67,62,11.4,In-Progress
INT_0233,WEB_203,3.5,58,45,13.0,In-Progress
INT_0233,AIML_102,3.5,43,40,7.9,In-Progress
INT_0233,MOB_202,3.5,41,43,12.6,In-Progress
INT_0233,WEB_202,3.0,82,86,27.6,In-Progress
INT_0233,SEC_101,3.5,100,100,16.5,Completed
INT_0233,SEC_202,5.0,87,85,27.1,Completed
INT_0233,SEC_301,5.0,91,95,18.2,Completed
INT_0233,SEC_302,5.0,56,57,13.7,In-Progress
INT_0233,DS_101,3.5,80,78,17.4,In-Progress
INT_0233,AIML_302,3.5,76,71,29.5,In-Progress
INT_0233,SEC_201,5.0,97,97,23.5,Completed
INT_0233,AIML_301,2.0,47,49,17.8,In-Progress
INT_0234,MOB_201,2.5,70,68,22.3,In-Progress
INT_0234,WEB_203,3.0,58,54,14.6,In-Progress
INT_0234,CLD_302,1.5,20,40,6.2,Dropped
INT_0234,CLD_301,2.0,40,44,15.8,In-Progress
INT_0234,WEB_302,3.0,20,40,4.1,Dropped
INT_0234,AIML_101,4.5,62,55,14.2,In-Progress
INT_0234,SEC_101,4.0,95,100,14.5,Completed
INT_0234,SEC_202,3.5,93,89,30.8,Completed
INT_0234,SEC_301,2.0,74,79,14.1,In-Progress
INT_0234,AIML_201,4.5,65,67,16.8,In-Progress
INT_0234,SEC_302,3.0,71,77,18.9,In-Progress
INT_0234,AIML_302,3.5,48,47,16.9,In-Progress
INT_0234,SEC_201,4.5,97,100,26.8,Completed
INT_0235,CLD_202,3.5,91,92,27.8,Completed
INT_0235,WEB_101,4.0,62,68,11.1,In-Progress
INT_0235,CLD_101,4.5,80,70,13.9,In-Progress
INT_0235,WEB_301,2.5,68,69,22.2,In-Progress
INT_0235,MOB_201,3.5,77,74,22.3,In-Progress
INT_0235,AIML_102,3.0,79,75,13.4,In-Progress
INT_0235,DS_302,3.5,72,64,13.0,In-Progress
INT_0235,MOB_302,3.0,34,40,8.8,Dropped
INT_0235,AIML_302,2.5,48,40,18.0,In-Progress
INT_0235,CLD_302,4.0,51,55,14.3,In-Progress
INT_0235,CLD_301,3.5,64,64,23.8,In-Progress
INT_0235,SEC_101,4.5,56,56,10.2,In-Progress
INT_0235,DS_101,3.5,69,74,16.6,In-Progress
INT_0235,CLD_201,3.5,100,100,18.3,Completed
INT_0235,CLD_102,4.0,100,100,13.6,Completed
INT_0235,WEB_201,4.0,63,64,18.9,In-Progress
INT_0236,WEB_203,3.5,46,44,10.3,In-Progress
INT_0236,DS_202,4.0,73,75,18.6,In-Progress
INT_0236,DS_201,4.0,78,73,20.3,In-Progress
INT_0236,SEC_302,3.5,64,62,19.1,In-Progress
INT_0236,DS_101,4.5,76,68,19.4,In-Progress
INT_0236,CLD_201,4.5,77,80,15.8,In-Progress
INT_0236,SEC_101,3.5,63,68,11.6,In-Progress
INT_0236,AIML_202,4.5,61,57,9.4,In-Progress
INT_0236,CLD_101,4.5,82,84,16.1,In-Progress
INT_0236,CLD_302,5.0,100,100,26.2,Completed
INT_0236,CLD_301,4.0,78,80,27.7,In-Progress
INT_0236,DS_301,4.5,63,64,20.8,In-Progress
INT_0236,MOB_301,3.5,65,65,18.2,In-Progress
INT_0236,CLD_102,5.0,100,95,15.3,Completed
INT_0236,CLD_202,4.5,100,100,28.5,Completed
INT_0236,WEB_101,3.5,55,53,11.1,In-Progress
INT_0236,WEB_301,3.0,54,55,21.9,In-Progress
INT_0236,MOB_202,3.5,88,90,23.2,Completed
INT_0236,WEB_202,3.0,63,60,17.7,In-Progress
INT_0236,WEB_302,4.0,82,80,19.7,In-Progress
INT_0236,SEC_301,3.5,48,42,11.8,In-Progress
INT_0236,DS_102,4.5,76,68,12.5,In-Progress
INT_0236,MOB_101,4.5,53,45,10.5,In-Progress
INT_0237,WEB_101,4.5,85,91,15.4,Completed
INT_0237,WEB_301,4.0,51,55,16.1,In-Progress
INT_0237,WEB_102,4.0,90,83,21.2,Completed
INT_0237,WEB_203,3.5,99,100,25.6,Completed
INT_0237,AIML_102,4.5,57,63,10.3,In-Progress
INT_0237,DS_202,2.5,67,59,15.1,In-Progress
INT_0237,WEB_202,5.0,96,96,28.0,Completed
INT_0237,WEB_302,3.0,75,68,16.7,In-Progress
INT_0237,CLD_201,2.0,81,72,18.3,In-Progress
INT_0237,SEC_302,2.0,55,59,13.6,In-Progress
INT_0237,AIML_302,2.0,39,40,10.6,Dropped
INT_0237,SEC_201,4.0,50,49,13.9,In-Progress
INT_0237,CLD_102,3.0,57,61,10.1,In-Progress
INT_0237,DS_103,3.5,62,72,11.6,In-Progress
INT_0237,WEB_201,4.0,83,80,27.1,In-Progress
INT_0238,WEB_101,5.0,60,58,10.2,In-Progress
INT_0238,WEB_301,3.0,31,40,9.5,Dropped
INT_0238,WEB_102,4.0,90,90,27.3,Completed
INT_0238,MOB_201,3.0,62,56,21.2,In-Progress
INT_0238,AIML_202,4.0,47,40,8.3,In-Progress
INT_0238,MOB_202,3.5,71,73,21.1,In-Progress
INT_0238,SEC_302,4.0,57,60,19.0,In-Progress
INT_0238,WEB_302,2.5,39,40,9.9,Dropped
INT_0238,SEC_202,3.5,96,96,26.0,Completed
INT_0238,SEC_101,4.5,100,100,18.8,Completed
INT_0238,SEC_301,4.0,58,60,13.6,In-Progress
INT_0238,AIML_201,3.5,52,55,16.2,In-Progress
INT_0238,SEC_201,5.0,96,92,24.3,Completed
INT_0238,AIML_302,3.0,34,40,10.1,Dropped
INT_0238,AIML_101,3.5,77,77,13.2,In-Progress
INT_0239,AIML_202,4.0,56,64,9.2,In-Progress
INT_0239,WEB_101,3.5,62,61,10.1,In-Progress
INT_0239,DS_202,4.0,90,83,16.3,Completed
INT_0239,DS_302,4.5,87,81,17.1,Completed
INT_0239,SEC_302,3.0,81,82,20.6,In-Progress
INT_0239,DS_101,4.5,96,93,17.4,Completed
INT_0239,CLD_301,3.5,77,78,27.9,In-Progress
INT_0239,WEB_302,3.5,64,69,13.6,In-Progress
INT_0239,DS_301,5.0,89,87,32.3,Completed
INT_0239,DS_201,5.0,97,92,25.0,Completed
INT_0239,SEC_101,4.0,60,63,11.5,In-Progress
INT_0239,SEC_301,4.0,75,69,14.2,In-Progress
INT_0239,SEC_201,3.5,55,64,11.3,In-Progress
INT_0239,DS_102,5.0,97,92,16.0,Completed
INT_0239,DS_103,5.0,100,98,16.9,Completed
INT_0240,WEB_101,4.5,89,86,17.3,Completed
INT_0240,WEB_301,3.0,45,46,13.5,In-Progress
INT_0240,WEB_102,3.5,79,81,18.0,In-Progress
INT_0240,CLD_101,3.5,72,71,14.4,In-Progress
INT_0240,WEB_203,5.0,79,80,20.4,In-Progress
INT_0240,DS_302,3.5,63,79,11.1,In-Progress
INT_0240,AIML_302,3.5,61,60,20.5,In-Progress
INT_0240,WEB_202,4.0,74,76,18.9,In-Progress
INT_0240,WEB_302,4.0,52,57,11.6,In-Progress
INT_0240,DS_301,3.0,42,43,14.2,In-Progress
INT_0240,SEC_301,2.5,35,40,7.2,Dropped
INT_0240,AIML_303,3.0,46,43,10.2,In-Progress
INT_0240,MOB_101,3.0,43,40,7.6,In-Progress
INT_0240,AIML_301,2.0,45,47,19.2,In-Progress
INT_0240,WEB_201,4.0,89,94,34.6,Completed
INT_0241,CLD_202,3.5,83,90,27.9,In-Progress
INT_0241,WEB_101,4.0,94,90,14.3,Completed
INT_0241,WEB_301,5.0,77,70,31.7,In-Progress
INT_0241,WEB_102,5.0,100,100,25.5,Completed
INT_0241,AIML_202,3.5,56,52,10.4,In-Progress
INT_0241,WEB_203,5.0,90,90,17.6,Completed
INT_0241,AIML_102,3.5,84,94,14.3,In-Progress
INT_0241,MOB_302,4.0,48,49,9.4,In-Progress
INT_0241,WEB_202,5.0,95,95,24.3,Completed
INT_0241,WEB_302,4.0,84,80,17.1,In-Progress
INT_0241,SEC_301,4.5,66,71,13.6,In-Progress
INT_0241,SEC_302,3.0,53,42,15.4,In-Progress
INT_0241,DS_102,3.5,83,88,11.8,In-Progress
INT_0241,CLD_201,4.5,66,76,13.0,In-Progress
INT_0241,MOB_101,4.5,84,90,17.1,In-Progress
INT_0241,AIML_301,4.0,56,56,22.0,In-Progress
INT_0241,WEB_201,4.0,100,98,27.1,Completed
INT_0242,WEB_101,3.0,76,77,15.0,In-Progress
INT_0242,WEB_102,4.0,79,73,17.2,In-Progress
INT_0242,MOB_201,4.5,98,100,25.7,Completed
INT_0242,WEB_203,3.5,42,43,10.8,In-Progress
INT_0242,MOB_202,4.5,98,97,29.6,Completed
INT_0242,MOB_302,4.5,100,95,23.9,Completed
INT_0242,DS_302,3.5,52,48,10.2,In-Progress
INT_0242,WEB_202,4.0,51,52,16.1,In-Progress
INT_0242,CLD_201,3.0,56,45,14.2,In-Progress
INT_0242,SEC_101,4.5,74,79,12.4,In-Progress
INT_0242,DS_201,3.0,54,60,12.2,In-Progress
INT_0242,AIML_201,3.5,63,56,16.4,In-Progress
INT_0242,SEC_301,3.5,87,77,22.0,Completed
INT_0242,DS_101,4.0,85,83,20.3,Completed
INT_0242,AIML_303,4.0,53,59,13.9,In-Progress
INT_0242,MOB_101,5.0,100,100,18.1,Completed
INT_0242,MOB_301,4.5,87,86,22.8,Completed
INT_0242,WEB_201,3.5,60,59,16.7,In-Progress
INT_0243,CLD_202,4.0,66,67,19.0,In-Progress
INT_0243,MOB_201,5.0,60,51,16.5,In-Progress
INT_0243,WEB_203,3.5,59,56,14.1,In-Progress
INT_0243,AIML_102,4.0,78,74,14.2,In-Progress
INT_0243,DS_302,4.0,78,79,13.6,In-Progress
INT_0243,CLD_301,3.5,61,64,18.6,In-Progress
INT_0243,WEB_302,3.5,73,74,18.7,In-Progress
INT_0243,AIML_101,4.0,68,67,15.1,In-Progress
INT_0243,SEC_101,4.5,86,83,13.5,Completed
INT_0243,SEC_202,5.0,92,87,24.0,Completed
INT_0243,SEC_301,5.0,93,87,18.1,Completed
INT_0243,SEC_302,4.0,91,96,21.7,Completed
INT_0243,DS_101,4.5,73,72,18.2,In-Progress
INT_0243,SEC_201,5.0,95,98,25.6,Completed
INT_0243,CLD_102,5.0,80,70,12.6,In-Progress
INT_0243,AIML_301,4.0,60,51,21.3,In-Progress
INT_0244,WEB_203,4.0,80,78,19.2,In-Progress
INT_0244,DS_202,4.0,61,54,11.5,In-Progress
INT_0244,DS_101,4.0,53,46,11.6,In-Progress
INT_0244,AIML_303,3.0,37,40,7.4,Dropped
INT_0244,DS_302,3.5,66,66,12.9,In-Progress
INT_0244,AIML_101,3.5,86,77,14.5,Completed
INT_0244,CLD_101,3.5,72,73,11.0,In-Progress
INT_0244,WEB_102,3.5,90,89,25.0,Completed
INT_0244,CLD_302,2.0,43,40,12.8,In-Progress
INT_0244,AIML_201,3.5,88,91,31.0,Completed
INT_0244,MOB_301,3.5,67,73,15.1,In-Progress
INT_0244,CLD_102,3.5,84,79,14.9,In-Progress
INT_0244,AIML_301,2.5,52,49,16.5,In-Progress
INT_0244,WEB_201,4.0,79,78,23.2,In-Progress
INT_0244,CLD_202,3.5,78,72,26.9,In-Progress
INT_0244,WEB_101,4.5,90,95,18.2,Completed
INT_0244,WEB_301,3.5,73,70,23.6,In-Progress
INT_0244,WEB_202,4.5,72,74,20.6,In-Progress
INT_0244,WEB_302,3.5,65,66,16.6,In-Progress
INT_0245,CLD_202,3.0,73,69,19.1,In-Progress
INT_0245,AIML_202,4.0,89,86,13.7,Completed
INT_0245,MOB_101,3.0,52,55,8.7,In-Progress
INT_0245,AIML_102,5.0,83,86,13.0,In-Progress
INT_0245,MOB_302,4.0,58,57,10.7,In-Progress
INT_0245,AIML_303,4.0,71,68,15.5,In-Progress
INT_0245,CLD_301,2.0,41,42,13.4,In-Progress
INT_0245,SEC_302,3.0,42,40,10.7,In-Progress
INT_0245,SEC_202,2.5,65,67,22.9,In-Progress
INT_0245,AIML_201,4.5,85,83,28.8,Completed
INT_0245,SEC_301,3.0,44,45,9.0,In-Progress
INT_0245,SEC_201,4.5,63,60,17.2,In-Progress
INT_0245,DS_101,4.5,56,51,12.3,In-Progress
INT_0245,AIML_302,4.0,31,40,9.0,Dropped
INT_0245,AIML_101,4.5,83,89,16.5,In-Progress
INT_0245,AIML_301,4.0,67,66,29.0,In-Progress
INT_0246,MOB_201,3.5,64,65,23.1,In-Progress
INT_0246,DS_202,2.5,91,97,18.1,Completed
INT_0246,DS_201,3.0,55,47,13.6,In-Progress
INT_0246,CLD_201,4.0,68,66,12.5,In-Progress
INT_0246,AIML_303,3.5,83,84,17.9,In-Progress
INT_0246,DS_302,4.0,71,70,16.4,In-Progress
INT_0246,AIML_101,3.5,81,69,15.2,In-Progress
INT_0246,CLD_101,5.0,100,99,16.7,Completed
INT_0246,AIML_102,2.5,71,70,11.8,In-Progress
INT_0246,CLD_302,4.5,94,97,31.7,Completed
INT_0246,CLD_301,4.5,100,100,35.7,Completed
INT_0246,DS_301,3.0,85,81,27.4,Completed
INT_0246,AIML_201,4.0,59,59,21.0,In-Progress
INT_0246,SEC_201,3.0,85,78,20.3,Completed
INT_0246,CLD_102,5.0,89,86,12.3,Completed
INT_0246,WEB_201,3.5,64,70,18.0,In-Progress
INT_0246,CLD_202,5.0,83,88,21.5,In-Progress
INT_0246,WEB_301,3.0,50,60,19.2,In-Progress
INT_0246,MOB_302,4.0,55,49,11.3,In-Progress
INT_0246,WEB_202,3.0,84,82,23.3,In-Progress
INT_0246,WEB_302,2.0,63,69,14.1,In-Progress
INT_0246,SEC_202,4.0,69,77,17.8,In-Progress
INT_0246,DS_102,3.5,67,67,8.6,In-Progress
INT_0246,DS_103,3.0,85,87,13.0,Completed
INT_0247,DS_202,4.0,66,74,12.5,In-Progress
INT_0247,DS_201,4.5,84,87,20.5,In-Progress
INT_0247,SEC_302,3.5,65,66,16.0,In-Progress
INT_0247,DS_302,3.0,63,71,12.3,In-Progress
INT_0247,SEC_101,4.5,89,84,13.3,Completed
INT_0247,AIML_101,4.0,72,84,16.4,In-Progress
INT_0247,AIML_202,4.5,52,53,8.9,In-Progress
INT_0247,AIML_102,4.5,77,75,14.8,In-Progress
INT_0247,DS_301,3.0,44,48,16.8,In-Progress
INT_0247,AIML_201,2.5,67,66,22.1,In-Progress
INT_0247,SEC_201,5.0,74,79,16.2,In-Progress
INT_0247,MOB_301,4.5,57,49,15.4,In-Progress
INT_0247,CLD_102,4.0,66,64,9.9,In-Progress
INT_0247,AIML_301,3.0,41,40,13.8,In-Progress
INT_0247,CLD_202,4.5,62,68,16.1,In-Progress
INT_0247,WEB_101,3.0,77,67,14.6,In-Progress
INT_0247,WEB_202,3.5,77,80,19.7,In-Progress
INT_0247,SEC_202,3.5,89,92,23.5,Completed
INT_0247,SEC_301,3.5,71,74,14.8,In-Progress
INT_0247,DS_103,3.5,73,80,13.1,In-Progress
INT_0248,MOB_201,4.5,68,73,24.0,In-Progress
INT_0248,WEB_203,3.5,93,94,21.9,Completed
INT_0248,DS_202,4.0,46,43,10.6,In-Progress
INT_0248,SEC_302,4.5,62,63,16.1,In-Progress
INT_0248,CLD_201,4.0,69,69,17.9,In-Progress
INT_0248,DS_302,4.0,68,64,15.7,In-Progress
INT_0248,AIML_202,3.0,61,59,10.4,In-Progress
INT_0248,WEB_102,5.0,100,100,30.4,Completed
INT_0248,AIML_102,3.5,60,49,10.6,In-Progress
INT_0248,AIML_201,3.0,83,74,23.1,In-Progress
INT_0248,SEC_201,3.0,87,84,22.9,Completed
INT_0248,CLD_102,3.5,90,97,14.5,Completed
INT_0248,WEB_201,4.5,100,98,37.9,Completed
INT_0248,WEB_101,5.0,100,97,16.8,Completed
INT_0248,WEB_301,4.5,100,100,34.4,Completed
INT_0248,MOB_202,3.5,83,90,20.3,In-Progress
INT_0248,WEB_202,4.5,90,85,26.0,Completed
INT_0248,WEB_302,4.5,82,82,20.0,In-Progress
INT_0248,SEC_202,3.5,60,54,19.1,In-Progress
INT_0248,SEC_301,4.0,81,78,19.3,In-Progress
INT_0248,DS_102,5.0,72,71,9.7,In-Progress
INT_0248,MOB_101,3.5,83,87,15.1,In-Progress
INT_0249,SEC_302,4.5,81,76,26.7,In-Progress
INT_0249,AIML_302,4.5,46,40,13.7,In-Progress
INT_0249,CLD_201,3.0,78,82,15.8,In-Progress
INT_0249,SEC_101,5.0,100,100,15.7,Completed
INT_0249,AIML_202,3.5,54,45,9.3,In-Progress
INT_0249,CLD_101,3.5,86,87,15.3,Completed
INT_0249,CLD_302,4.0,51,47,15.2,In-Progress
INT_0249,CLD_301,4.0,63,78,21.5,In-Progress
INT_0249,DS_301,2.5,60,66,19.3,In-Progress
INT_0249,AIML_201,4.0,77,85,25.6,In-Progress
INT_0249,SEC_201,5.0,86,87,22.5,Completed
INT_0249,MOB_301,3.5,56,56,14.3,In-Progress
INT_0249,CLD_102,3.5,69,63,12.3,In-Progress
INT_0249,WEB_101,4.5,71,69,14.6,In-Progress
INT_0249,SEC_202,5.0,95,96,24.1,Completed
INT_0249,SEC_301,4.5,91,78,22.5,Completed
INT_0249,DS_102,4.0,73,68,10.7,In-Progress
INT_0249,MOB_101,3.0,62,59,11.5,In-Progress
INT_0249,DS_103,3.5,75,79,12.2,In-Progress
INT_0250,DS_202,4.0,61,60,12.4,In-Progress
INT_0250,DS_201,3.5,81,83,19.3,In-Progress
INT_0250,AIML_302,5.0,100,100,32.8,Completed
INT_0250,AIML_303,5.0,79,86,16.5,In-Progress
INT_0250,CLD_201,5.0,46,43,8.9,In-Progress
INT_0250,DS_302,3.0,42,43,8.3,In-Progress
INT_0250,AIML_101,5.0,100,98,22.4,Completed
INT_0250,AIML_202,4.5,64,62,12.3,In-Progress
INT_0250,CLD_101,3.5,75,67,15.2,In-Progress
INT_0250,AIML_102,3.0,77,81,11.2,In-Progress
INT_0250,DS_301,3.0,54,57,16.4,In-Progress
INT_0250,AIML_201,3.5,100,93,28.5,Completed
INT_0250,SEC_201,3.5,67,59,16.7,In-Progress
INT_0250,CLD_102,3.0,39,51,5.6,Dropped
INT_0250,AIML_301,4.5,82,86,26.5,In-Progress
INT_0250,WEB_201,3.0,47,53,17.0,In-Progress
INT_0250,WEB_101,3.5,76,70,13.0,In-Progress
INT_0250,MOB_302,3.5,51,48,12.8,In-Progress
INT_0250,MOB_202,4.0,53,50,15.6,In-Progress
INT_0250,WEB_202,4.0,69,68,21.2,In-Progress
INT_0250,WEB_302,4.5,68,75,14.1,In-Progress
INT_0250,SEC_301,4.0,54,52,13.0,In-Progress
INT_0250,DS_102,4.0,78,80,12.7,In-Progress
INT_0251,MOB_201,4.5,61,67,16.2,In-Progress
INT_0251,WEB_203,3.5,73,76,18.6,In-Progress
INT_0251,SEC_302,3.0,20,40,6.8,Dropped
INT_0251,AIML_303,3.0,85,74,23.5,Completed
INT_0251,AIML_302,4.5,80,79,29.7,In-Progress
INT_0251,SEC_101,4.0,74,72,11.2,In-Progress
INT_0251,AIML_101,5.0,89,95,15.2,Completed
INT_0251,AIML_202,4.5,100,100,16.2,Completed
INT_0251,WEB_102,3.5,64,71,18.3,In-Progress
INT_0251,AIML_102,3.5,75,75,12.1,In-Progress
INT_0251,CLD_302,3.0,29,40,8.3,Dropped
INT_0251,DS_301,2.5,60,54,20.9,In-Progress
INT_0251,AIML_201,4.5,100,100,31.5,Completed
INT_0251,SEC_201,3.5,94,92,22.0,Completed
INT_0251,AIML_301,3.5,61,65,22.6,In-Progress
INT_0251,WEB_201,5.0,58,57,17.6,In-Progress
INT_0251,WEB_101,3.0,60,61,12.2,In-Progress
INT_0251,SEC_202,3.5,68,62,24.7,In-Progress
INT_0251,SEC_301,2.5,50,41,12.1,In-Progress
INT_0251,DS_102,3.5,67,65,10.7,In-Progress
INT_0252,CLD_202,5.0,58,58,20.6,In-Progress
INT_0252,WEB_101,5.0,89,90,13.2,Completed
INT_0252,WEB_301,3.5,71,69,28.6,In-Progress
INT_0252,WEB_102,3.0,70,66,19.6,In-Progress
INT_0252,WEB_203,4.0,47,54,9.1,In-Progress
INT_0252,WEB_202,2.5,88,88,22.0,Completed
INT_0252,WEB_302,3.5,65,61,14.2,In-Progress
INT_0252,CLD_201,3.0,55,58,10.2,In-Progress
INT_0252,SEC_202,5.0,82,82,21.4,In-Progress
INT_0252,SEC_302,3.0,51,54,12.1,In-Progress
INT_0252,AIML_302,4.5,42,44,11.8,In-Progress
INT_0252,SEC_201,4.5,82,72,20.1,In-Progress
INT_0252,AIML_301,3.0,35,40,12.4,Dropped
INT_0252,WEB_201,4.5,85,79,25.2,Completed
INT_0253,CLD_101,5.0,70,71,11.1,In-Progress
INT_0253,MOB_201,4.5,79,75,23.3,In-Progress
INT_0253,AIML_102,2.5,70,72,11.9,In-Progress
INT_0253,MOB_302,4.5,88,88,19.9,Completed
INT_0253,MOB_202,4.5,95,97,23.6,Completed
INT_0253,DS_202,4.5,48,55,12.0,In-Progress
INT_0253,AIML_303,4.0,79,80,17.8,In-Progress
INT_0253,WEB_202,3.5,47,42,14.3,In-Progress
INT_0253,CLD_102,4.0,80,77,10.2,In-Progress
INT_0253,SEC_201,4.5,81,81,21.7,In-Progress
INT_0253,DS_102,4.0,68,71,9.7,In-Progress
INT_0253,AIML_302,4.0,71,79,26.6,In-Progress
INT_0253,MOB_101,4.0,80,71,12.1,In-Progress
INT_0253,MOB_301,4.5,86,92,22.1,Completed
INT_0254,CLD_202,2.5,57,59,16.3,In-Progress
INT_0254,WEB_101,2.5,55,60,9.1,In-Progress
INT_0254,WEB_102,3.5,57,60,16.5,In-Progress
INT_0254,MOB_302,2.0,38,40,9.1,Dropped
INT_0254,MOB_202,2.5,67,64,19.1,In-Progress
INT_0254,SEC_302,4.0,73,74,24.2,In-Progress
INT_0254,AIML_101,3.0,83,90,17.8,In-Progress
INT_0254,SEC_202,5.0,77,75,23.3,In-Progress
INT_0254,SEC_101,4.5,93,94,18.7,Completed
INT_0254,DS_301,3.0,48,42,16.0,In-Progress
INT_0254,SEC_301,4.5,84,81,18.5,In-Progress
INT_0254,DS_201,4.0,74,74,17.5,In-Progress
INT_0254,SEC_201,4.0,100,99,24.6,Completed
INT_0254,CLD_201,4.0,72,79,13.2,In-Progress
INT_0254,MOB_101,4.0,46,44,9.5,In-Progress
INT_0254,MOB_301,5.0,71,66,16.2,In-Progress
INT_0254,AIML_301,2.0,36,45,13.9,Dropped
INT_0255,MOB_201,4.5,70,70,22.1,In-Progress
INT_0255,DS_202,3.5,50,55,10.6,In-Progress
INT_0255,DS_201,3.5,64,56,15.5,In-Progress
INT_0255,DS_101,3.5,71,75,16.2,In-Progress
INT_0255,AIML_302,4.0,56,57,20.7,In-Progress
INT_0255,AIML_303,3.5,65,57,16.9,In-Progress
INT_0255,SEC_101,2.5,65,58,10.8,In-Progress
INT_0255,AIML_101,4.5,100,100,18.6,Completed
INT_0255,AIML_202,4.0,92,93,19.1,Completed
INT_0255,CLD_101,4.0,62,64,10.5,In-Progress
INT_0255,AIML_102,4.0,94,90,15.3,Completed
INT_0255,CLD_301,2.5,22,40,6.4,Dropped
INT_0255,AIML_201,3.5,100,99,31.0,Completed
INT_0255,MOB_301,3.0,70,73,14.3,In-Progress
INT_0255,AIML_301,3.0,52,51,23.5,In-Progress
INT_0255,WEB_201,3.0,85,85,29.9,Completed
INT_0255,CLD_202,3.5,70,72,19.0,In-Progress
INT_0255,WEB_301,3.0,42,41,16.3,In-Progress
INT_0255,MOB_302,3.0,20,40,4.2,Dropped
INT_0255,WEB_202,2.0,76,70,23.9,In-Progress
INT_0255,SEC_202,3.5,73,77,22.1,In-Progress
INT_0255,DS_102,3.5,59,56,9.0,In-Progress
INT_0255,MOB_101,4.0,68,70,10.1,In-Progress
INT_0256,MOB_101,4.0,63,66,12.8,In-Progress
INT_0256,WEB_102,3.5,60,57,16.2,In-Progress
INT_0256,DS_202,5.0,75,72,15.0,In-Progress
INT_0256,DS_302,4.5,72,67,12.2,In-Progress
INT_0256,DS_102,4.0,100,91,15.8,Completed
INT_0256,CLD_302,2.5,71,75,19.2,In-Progress
INT_0256,DS_301,4.5,87,84,26.6,Completed
INT_0256,DS_201,3.5,88,80,23.1,Completed
INT_0256,SEC_101,3.5,65,62,10.1,In-Progress
INT_0256,AIML_201,3.0,68,73,20.7,In-Progress
INT_0256,DS_101,5.0,100,99,20.0,Completed
INT_0256,AIML_303,2.5,53,53,14.5,In-Progress
INT_0256,AIML_101,3.5,77,81,17.9,In-Progress
INT_0256,MOB_301,4.0,67,67,13.3,In-Progress
INT_0256,DS_103,5.0,90,88,15.5,Completed
INT_0257,MOB_201,2.5,52,50,18.1,In-Progress
INT_0257,WEB_203,4.0,64,68,13.8,In-Progress
INT_0257,DS_202,4.0,76,72,15.3,In-Progress
INT_0257,SEC_302,3.5,60,56,15.7,In-Progress
INT_0257,CLD_201,4.5,91,93,22.1,Completed
INT_0257,DS_302,3.5,57,64,10.6,In-Progress
INT_0257,AIML_101,3.5,74,70,12.0,In-Progress
INT_0257,CLD_101,5.0,100,100,18.8,Completed
INT_0257,AIML_102,4.0,85,75,13.0,Completed
INT_0257,CLD_302,4.5,87,94,21.8,Completed
INT_0257,CLD_301,4.5,79,89,27.5,In-Progress
INT_0257,DS_301,3.5,65,59,26.3,In-Progress
INT_0257,MOB_301,4.0,54,61,11.4,In-Progress
INT_0257,CLD_102,5.0,100,100,17.3,Completed
INT_0257,AIML_301,4.0,54,51,19.9,In-Progress
INT_0257,WEB_201,4.5,56,57,20.1,In-Progress
INT_0257,CLD_202,4.0,93,98,32.7,Completed
INT_0257,WEB_301,4.0,73,70,22.8,In-Progress
INT_0257,MOB_302,4.5,40,43,8.3,In-Progress
INT_0257,WEB_302,2.5,72,77,15.7,In-Progress
INT_0257,MOB_101,4.0,63,56,10.4,In-Progress
INT_0257,DS_103,3.5,67,65,12.0,In-Progress
INT_0258,AIML_202,4.0,82,81,14.1,In-Progress
INT_0258,DS_103,3.5,84,88,15.8,In-Progress
INT_0258,MOB_201,5.0,100,100,33.3,Completed
INT_0258,MOB_202,4.0,91,100,27.2,Completed
INT_0258,MOB_302,4.0,92,96,22.3,Completed
INT_0258,AIML_303,4.0,69,64,15.5,In-Progress
INT_0258,DS_202,3.0,74,68,13.4,In-Progress
INT_0258,CLD_301,4.0,54,55,20.1,In-Progress
INT_0258,WEB_302,4.0,57,60,15.2,In-Progress
INT_0258,DS_301,3.5,63,59,20.9,In-Progress
INT_0258,SEC_202,3.5,81,85,29.3,In-Progress
INT_0258,SEC_101,4.5,63,66,12.0,In-Progress
INT_0258,AIML_302,3.5,60,56,17.4,In-Progress
INT_0258,MOB_101,3.5,100,99,17.6,Completed
INT_0258,MOB_301,4.0,92,96,19.3,Completed
INT_0258,AIML_301,4.0,61,62,22.7,In-Progress
INT_0258,WEB_201,4.0,44,48,13.8,In-Progress
INT_0259,WEB_101,3.0,69,73,10.9,In-Progress
INT_0259,DS_302,4.0,59,62,12.3,In-Progress
INT_0259,AIML_302,2.0,49,44,16.0,In-Progress
INT_0259,WEB_202,3.0,53,52,14.2,In-Progress
INT_0259,WEB_302,3.5,66,68,17.6,In-Progress
INT_0259,AIML_101,4.0,78,76,15.7,In-Progress
INT_0259,SEC_202,3.5,100,100,36.2,Completed
INT_0259,SEC_101,4.0,100,100,19.1,Completed
INT_0259,SEC_301,5.0,82,85,15.1,In-Progress
INT_0259,AIML_201,4.5,60,61,15.1,In-Progress
INT_0259,SEC_302,4.0,86,82,20.9,Completed
INT_0259,DS_102,3.0,74,67,10.5,In-Progress
INT_0259,CLD_201,3.5,85,85,15.9,Completed
INT_0259,SEC_201,4.5,87,90,24.8,Completed
INT_0259,MOB_301,3.5,43,44,11.5,In-Progress
INT_0260,MOB_201,3.5,56,54,15.4,In-Progress
INT_0260,DS_202,5.0,100,100,19.0,Completed
INT_0260,DS_201,3.5,81,87,21.1,In-Progress
INT_0260,DS_101,4.0,85,82,17.1,Completed
INT_0260,DS_302,4.0,76,76,16.6,In-Progress
INT_0260,AIML_101,3.5,54,54,12.2,In-Progress
INT_0260,CLD_101,4.0,70,60,12.2,In-Progress
INT_0260,WEB_102,4.0,34,40,10.4,Dropped
INT_0260,AIML_102,3.0,74,82,10.6,In-Progress
INT_0260,CLD_302,3.5,48,46,14.1,In-Progress
INT_0260,DS_301,3.0,61,75,20.2,In-Progress
INT_0260,SEC_201,4.0,57,57,12.0,In-Progress
INT_0260,MOB_301,3.0,65,59,15.2,In-Progress
INT_0260,AIML_301,4.0,39,46,16.2,Dropped
INT_0260,WEB_201,5.0,66,68,22.7,In-Progress
INT_0260,WEB_101,4.5,79,69,11.8,In-Progress
INT_0260,MOB_302,2.0,20,40,4.8,Dropped
INT_0260,WEB_202,4.5,64,62,21.0,In-Progress
INT_0260,SEC_202,4.5,58,48,19.0,In-Progress
INT_0260,SEC_301,1.5,50,45,9.6,In-Progress
INT_0260,DS_102,5.0,76,78,12.6,In-Progress
INT_0260,MOB_101,4.0,54,52,8.5,In-Progress
INT_0260,DS_103,5.0,96,100,18.6,Completed
INT_0261,MOB_201,4.5,51,48,14.0,In-Progress
INT_0261,WEB_203,3.5,57,61,14.1,In-Progress
INT_0261,DS_201,4.0,57,55,12.3,In-Progress
INT_0261,SEC_302,3.5,70,71,19.3,In-Progress
INT_0261,DS_101,3.5,61,63,12.9,In-Progress
INT_0261,CLD_201,5.0,90,91,17.8,Completed
INT_0261,DS_302,4.0,69,68,14.2,In-Progress
INT_0261,SEC_101,3.5,82,69,15.5,In-Progress
INT_0261,CLD_101,5.0,90,95,15.7,Completed
INT_0261,WEB_102,3.0,58,57,17.0,In-Progress
INT_0261,CLD_302,4.5,100,100,33.1,Completed
INT_0261,CLD_301,5.0,93,95,36.0,Completed
INT_0261,DS_301,3.0,76,71,29.5,In-Progress
INT_0261,AIML_201,3.5,75,69,25.1,In-Progress
INT_0261,CLD_102,5.0,100,95,14.9,Completed
INT_0261,CLD_202,4.0,85,85,29.5,Completed
INT_0261,MOB_302,3.0,85,83,16.4,Completed
INT_0261,WEB_202,3.0,55,48,14.9,In-Progress
INT_0261,WEB_302,3.5,73,80,15.0,In-Progress
INT_0261,SEC_301,3.5,91,90,21.7,Completed
INT_0261,DS_102,4.0,54,57,9.5,In-Progress
INT_0261,MOB_101,5.0,63,60,11.4,In-Progress
INT_0262,WEB_203,3.0,64,53,13.4,In-Progress
INT_0262,DS_202,3.5,91,81,17.1,Completed
INT_0262,DS_101,3.5,66,62,16.8,In-Progress
INT_0262,AIML_302,3.5,64,57,21.1,In-Progress
INT_0262,CLD_201,4.5,100,97,20.6,Completed
INT_0262,DS_302,4.5,61,67,12.8,In-Progress
INT_0262,CLD_101,4.5,100,86,20.6,Completed
INT_0262,WEB_102,4.0,78,77,23.7,In-Progress
INT_0262,AIML_102,3.0,65,64,12.2,In-Progress
INT_0262,CLD_302,4.5,79,72,24.6,In-Progress
INT_0262,CLD_301,4.5,86,83,26.9,Completed
INT_0262,SEC_201,4.0,66,62,16.3,In-Progress
INT_0262,CLD_102,4.5,95,96,12.4,Completed
INT_0262,AIML_301,4.0,55,60,19.2,In-Progress
INT_0262,CLD_202,5.0,92,91,25.7,Completed
INT_0262,WEB_202,3.5,75,74,24.9,In-Progress
INT_0262,WEB_302,3.0,77,75,17.0,In-Progress
INT_0262,DS_102,4.5,77,76,12.5,In-Progress
INT_0262,MOB_101,4.5,69,67,11.2,In-Progress
INT_0263,MOB_201,3.0,86,96,22.2,Completed
INT_0263,DS_202,4.0,83,84,15.9,In-Progress
INT_0263,DS_201,5.0,100,91,25.3,Completed
INT_0263,DS_101,4.5,76,74,17.9,In-Progress
INT_0263,AIML_302,2.5,36,40,12.4,Dropped
INT_0263,AIML_303,3.5,20,40,5.2,Dropped
INT_0263,DS_302,4.0,100,100,20.1,Completed
INT_0263,SEC_101,3.5,56,56,10.1,In-Progress
INT_0263,AIML_101,3.5,67,64,12.6,In-Progress
INT_0263,AIML_102,4.0,56,50,9.5,In-Progress
INT_0263,CLD_302,3.5,20,40,4.9,Dropped
INT_0263,DS_301,3.0,46,47,13.3,In-Progress
INT_0263,AIML_201,3.5,62,64,16.7,In-Progress
INT_0263,MOB_301,3.0,55,55,14.6,In-Progress
INT_0263,WEB_301,2.5,41,41,16.6,In-Progress
INT_0263,MOB_202,4.5,64,65,15.3,In-Progress
INT_0263,MOB_302,2.5,50,53,12.1,In-Progress
INT_0263,WEB_202,4.0,56,48,15.5,In-Progress
INT_0263,SEC_202,3.0,64,67,19.9,In-Progress
INT_0263,SEC_301,1.0,40,46,7.9,In-Progress
INT_0263,DS_102,5.0,97,100,13.0,Completed
INT_0263,DS_103,3.5,98,96,19.8,Completed
INT_0264,AIML_301,4.0,47,61,17.5,In-Progress
INT_0264,AIML_202,3.5,63,59,12.3,In-Progress
INT_0264,WEB_101,3.5,66,66,10.0,In-Progress
INT_0264,MOB_201,3.0,65,64,20.0,In-Progress
INT_0264,DS_302,5.0,79,77,13.2,In-Progress
INT_0264,DS_202,3.5,92,92,22.6,Completed
INT_0264,AIML_303,3.0,53,40,14.3,In-Progress
INT_0264,CLD_302,3.0,54,48,17.2,In-Progress
INT_0264,WEB_202,4.0,56,52,13.3,In-Progress
INT_0264,DS_101,4.5,82,79,15.2,In-Progress
INT_0264,WEB_302,2.5,57,55,13.6,In-Progress
INT_0264,MOB_202,4.0,75,76,20.0,In-Progress
INT_0264,DS_301,4.0,61,58,21.0,In-Progress
INT_0264,DS_201,4.0,100,100,28.0,Completed
INT_0264,DS_102,3.5,78,68,13.0,In-Progress
INT_0264,AIML_302,2.5,55,58,20.3,In-Progress
INT_0264,DS_103,4.0,99,100,19.4,Completed
INT_0265,AIML_202,5.0,100,99,20.4,Completed
INT_0265,CLD_101,4.0,73,62,10.7,In-Progress
INT_0265,AIML_102,5.0,89,77,13.1,Completed
INT_0265,WEB_203,3.5,49,41,11.1,In-Progress
INT_0265,DS_202,4.0,64,68,15.9,In-Progress
INT_0265,AIML_302,4.5,78,70,24.1,In-Progress
INT_0265,CLD_302,4.5,55,51,18.6,In-Progress
INT_0265,CLD_301,4.0,74,76,29.8,In-Progress
INT_0265,AIML_201,4.5,100,91,36.0,Completed
INT_0265,SEC_301,3.5,69,66,14.5,In-Progress
INT_0265,AIML_303,5.0,84,81,21.5,In-Progress
INT_0265,AIML_101,3.5,90,81,21.0,Completed
INT_0265,CLD_102,3.0,61,66,10.8,In-Progress
INT_0265,AIML_301,5.0,75,74,30.8,In-Progress
INT_0265,WEB_201,4.0,52,47,17.6,In-Progress
INT_0266,MOB_201,4.5,94,91,30.5,Completed
INT_0266,SEC_302,2.5,53,53,17.9,In-Progress
INT_0266,DS_101,3.5,83,79,18.2,In-Progress
INT_0266,AIML_303,3.5,69,58,17.9,In-Progress
INT_0266,DS_302,3.5,62,74,10.1,In-Progress
INT_0266,SEC_101,3.5,64,63,10.6,In-Progress
INT_0266,CLD_302,2.5,69,72,17.2,In-Progress
INT_0266,CLD_301,3.5,72,71,26.5,In-Progress
INT_0266,AIML_201,3.5,85,80,25.8,Completed
INT_0266,SEC_201,4.0,39,40,10.5,Dropped
INT_0266,CLD_102,4.0,73,69,10.6,In-Progress
INT_0266,MOB_301,4.5,100,100,28.3,Completed
INT_0266,AIML_301,5.0,56,50,21.3,In-Progress
INT_0266,MOB_302,4.5,97,97,20.3,Completed
INT_0266,MOB_202,4.5,94,90,21.6,Completed
INT_0266,SEC_202,3.0,60,59,18.1,In-Progress
INT_0266,SEC_301,3.5,68,58,17.1,In-Progress
INT_0266,MOB_101,4.5,87,80,15.8,Completed
INT_0266,DS_103,4.5,65,61,12.7,In-Progress
INT_0267,MOB_201,3.0,35,40,8.9,Dropped
INT_0267,DS_201,4.0,69,61,13.7,In-Progress
INT_0267,DS_101,3.5,63,73,15.3,In-Progress
INT_0267,AIML_303,3.0,94,93,25.8,Completed
INT_0267,AIML_302,3.5,76,72,23.0,In-Progress
INT_0267,CLD_201,3.5,57,57,12.0,In-Progress
INT_0267,DS_302,3.5,67,60,15.6,In-Progress
INT_0267,SEC_101,3.5,88,91,17.7,Completed
INT_0267,AIML_101,5.0,95,93,17.4,Completed
INT_0267,AIML_202,4.5,92,92,16.1,Completed
INT_0267,WEB_102,3.5,87,89,26.9,Completed
INT_0267,AIML_102,4.0,98,95,17.0,Completed
INT_0267,AIML_201,4.0,83,79,29.2,In-Progress
INT_0267,AIML_301,5.0,67,63,24.5,In-Progress
INT_0267,WEB_201,3.5,75,73,23.2,In-Progress
INT_0267,CLD_202,4.5,58,61,20.8,In-Progress
INT_0267,WEB_301,4.0,60,66,23.6,In-Progress
INT_0267,MOB_202,2.5,65,59,14.9,In-Progress
INT_0267,MOB_302,3.0,78,79,15.2,In-Progress
INT_0267,SEC_202,3.5,76,75,21.8,In-Progress
INT_0267,SEC_301,3.5,55,51,12.9,In-Progress
INT_0267,DS_102,3.5,77,75,10.6,In-Progress
INT_0267,DS_103,4.0,77,68,12.9,In-Progress
INT_0268,MOB_201,3.0,73,68,22.1,In-Progress
INT_0268,WEB_203,4.5,87,89,17.3,Completed
INT_0268,MOB_202,4.0,74,71,17.1,In-Progress
INT_0268,SEC_302,5.0,74,74,20.6,In-Progress
INT_0268,SEC_101,5.0,82,84,13.5,In-Progress
INT_0268,SEC_202,4.0,100,98,32.2,Completed
INT_0268,SEC_301,4.0,71,75,14.7,In-Progress
INT_0268,AIML_201,2.5,71,79,19.1,In-Progress
INT_0268,SEC_201,4.0,81,82,19.7,In-Progress
INT_0268,DS_102,2.0,56,58,10.0,In-Progress
INT_0268,AIML_101,3.0,52,56,9.8,In-Progress
INT_0268,CLD_102,4.0,71,72,12.0,In-Progress
INT_0268,AIML_301,4.0,78,74,29.6,In-Progress
INT_0269,CLD_202,3.5,64,63,20.3,In-Progress
INT_0269,MOB_201,5.0,76,74,26.8,In-Progress
INT_0269,WEB_203,4.5,58,62,11.8,In-Progress
INT_0269,MOB_202,5.0,82,79,22.4,In-Progress
INT_0269,MOB_302,4.0,63,57,16.4,In-Progress
INT_0269,AIML_302,2.5,33,40,12.0,Dropped
INT_0269,CLD_302,3.0,31,40,8.6,Dropped
INT_0269,CLD_301,2.5,35,40,13.6,Dropped
INT_0269,WEB_202,3.5,85,82,24.9,Completed
INT_0269,AIML_101,4.5,54,58,11.2,In-Progress
INT_0269,CLD_102,4.5,53,60,9.3,In-Progress
INT_0269,SEC_302,2.5,35,40,11.2,Dropped
INT_0269,AIML_303,3.5,62,58,14.0,In-Progress
INT_0269,MOB_101,4.0,74,82,13.4,In-Progress
INT_0269,MOB_301,5.0,87,85,18.3,Completed
INT_0269,DS_103,5.0,97,100,20.0,Completed
INT_0269,WEB_201,4.0,50,45,14.6,In-Progress
INT_0270,WEB_101,5.0,86,89,16.4,Completed
INT_0270,CLD_101,3.0,64,62,12.9,In-Progress
INT_0270,AIML_202,2.5,68,63,10.2,In-Progress
INT_0270,MOB_201,3.5,89,88,30.2,Completed
INT_0270,MOB_202,4.0,89,79,21.6,Completed
INT_0270,MOB_302,4.5,75,71,19.3,In-Progress
INT_0270,DS_202,3.5,63,70,14.9,In-Progress
INT_0270,CLD_302,3.0,38,45,10.1,Dropped
INT_0270,SEC_302,3.5,87,80,26.3,Completed
INT_0270,AIML_302,3.0,66,62,19.7,In-Progress
INT_0270,MOB_101,3.5,86,85,13.6,Completed
INT_0270,MOB_301,5.0,91,89,19.7,Completed
INT_0271,CLD_202,3.5,68,72,19.2,In-Progress
INT_0271,AIML_202,3.5,83,87,17.2,In-Progress
INT_0271,MOB_101,4.5,69,67,13.2,In-Progress
INT_0271,MOB_201,3.0,51,53,14.9,In-Progress
INT_0271,AIML_102,5.0,72,65,10.6,In-Progress
INT_0271,WEB_203,3.0,49,47,12.6,In-Progress
INT_0271,MOB_202,2.5,51,54,14.4,In-Progress
INT_0271,DS_202,3.0,56,55,14.2,In-Progress
INT_0271,AIML_303,4.5,94,89,21.3,Completed
INT_0271,DS_201,5.0,63,58,17.0,In-Progress
INT_0271,AIML_201,4.5,86,84,23.4,Completed
INT_0271,SEC_302,4.0,56,60,14.2,In-Progress
INT_0271,DS_102,3.0,45,46,6.7,In-Progress
INT_0271,AIML_302,5.0,97,97,27.5,Completed
INT_0271,AIML_101,4.5,76,76,12.7,In-Progress
INT_0271,MOB_301,3.5,64,60,18.1,In-Progress
INT_0271,AIML_301,3.5,78,78,28.7,In-Progress
INT_0271,WEB_201,3.5,50,47,16.6,In-Progress
INT_0272,AIML_202,3.5,84,81,14.8,In-Progress
INT_0272,AIML_102,4.0,90,93,12.5,Completed
INT_0272,DS_302,3.5,67,71,14.0,In-Progress
INT_0272,AIML_303,5.0,85,86,22.3,Completed
INT_0272,WEB_302,3.5,54,54,15.3,In-Progress
INT_0272,SEC_202,4.0,64,59,16.6,In-Progress
INT_0272,AIML_201,4.0,92,89,30.9,Completed
INT_0272,SEC_301,3.0,68,66,13.0,In-Progress
INT_0272,SEC_201,3.5,59,60,13.3,In-Progress
INT_0272,AIML_302,4.0,79,82,25.7,In-Progress
INT_0272,AIML_101,4.0,69,72,13.7,In-Progress
INT_0272,AIML_301,5.0,88,89,30.7,Completed
INT_0272,WEB_201,4.5,82,82,25.8,In-Progress
INT_0273,WEB_101,3.5,74,77,13.3,In-Progress
INT_0273,AIML_202,3.0,74,76,12.1,In-Progress
INT_0273,SEC_302,4.5,81,77,23.7,In-Progress
INT_0273,SEC_101,4.5,96,100,17.7,Completed
INT_0273,SEC_202,3.5,76,77,24.6,In-Progress
INT_0273,DS_301,3.5,64,65,21.3,In-Progress
INT_0273,SEC_301,4.5,83,84,16.8,In-Progress
INT_0273,AIML_201,5.0,82,84,26.1,In-Progress
INT_0273,SEC_201,5.0,88,92,19.2,Completed
INT_0273,AIML_303,3.5,51,43,10.8,In-Progress
INT_0273,MOB_101,4.0,82,84,13.6,In-Progress
INT_0273,CLD_102,3.0,67,66,12.2,In-Progress
INT_0273,WEB_201,4.0,65,63,18.2,In-Progress
INT_0274,AIML_202,3.5,67,67,11.9,In-Progress
INT_0274,WEB_301,4.0,36,40,12.5,Dropped
INT_0274,MOB_201,5.0,92,97,32.1,Completed
INT_0274,MOB_302,4.5,64,65,14.8,In-Progress
INT_0274,MOB_202,4.0,88,88,26.1,Completed
INT_0274,DS_202,3.5,75,84,17.7,In-Progress
INT_0274,SEC_202,3.0,63,62,20.6,In-Progress
INT_0274,DS_201,4.0,56,56,15.8,In-Progress
INT_0274,DS_301,3.5,69,80,20.8,In-Progress
INT_0274,DS_101,3.5,65,65,14.5,In-Progress
INT_0274,AIML_303,4.0,66,61,18.2,In-Progress
INT_0274,MOB_101,5.0,100,100,15.5,Completed
INT_0274,MOB_301,5.0,84,77,21.6,In-Progress
INT_0274,AIML_301,3.5,51,55,16.3,In-Progress
INT_0275,CLD_202,3.5,49,46,14.5,In-Progress
INT_0275,WEB_101,3.5,68,67,12.6,In-Progress
INT_0275,MOB_101,2.5,35,40,5.9,Dropped
INT_0275,WEB_102,3.5,92,100,26.6,Completed
INT_0275,MOB_201,4.5,54,56,15.9,In-Progress
INT_0275,WEB_301,3.0,56,62,16.7,In-Progress
INT_0275,AIML_202,2.5,73,82,14.8,In-Progress
INT_0275,CLD_301,2.0,43,42,15.6,In-Progress
INT_0275,SEC_202,4.0,84,83,25.7,In-Progress
INT_0275,SEC_101,4.0,87,81,16.7,Completed
INT_0275,DS_301,2.0,38,40,11.3,Dropped
INT_0275,SEC_301,2.5,86,93,15.9,Completed
INT_0275,SEC_302,2.5,44,47,11.9,In-Progress
INT_0275,DS_102,2.5,81,79,10.9,In-Progress
INT_0275,SEC_201,4.5,100,100,24.7,Completed
INT_0275,MOB_301,3.0,89,87,23.9,Completed
INT_0275,AIML_301,3.0,43,40,14.1,In-Progress
INT_0275,WEB_201,3.5,84,85,26.8,In-Progress
INT_0276,MOB_201,4.0,100,91,29.5,Completed
INT_0276,DS_201,3.5,80,73,16.7,In-Progress
INT_0276,AIML_302,3.0,31,40,8.9,Dropped
INT_0276,AIML_303,3.5,56,53,15.5,In-Progress
INT_0276,CLD_201,3.5,66,60,13.5,In-Progress
INT_0276,AIML_101,4.0,72,68,15.0,In-Progress
INT_0276,CLD_101,4.5,77,75,14.2,In-Progress
INT_0276,WEB_102,2.5,79,81,19.2,In-Progress
INT_0276,AIML_102,3.5,83,80,15.9,In-Progress
INT_0276,CLD_302,4.0,46,41,13.5,In-Progress
INT_0276,DS_301,2.5,44,40,16.0,In-Progress
INT_0276,AIML_201,4.0,79,79,26.4,In-Progress
INT_0276,MOB_301,4.0,96,94,19.6,Completed
INT_0276,AIML_301,3.0,53,54,19.5,In-Progress
INT_0276,WEB_301,3.0,44,40,12.8,In-Progress
INT_0276,MOB_202,4.5,77,80,23.0,In-Progress
INT_0276,MOB_302,4.5,37,40,8.6,Dropped
INT_0276,MOB_101,4.5,100,100,15.1,Completed
INT_0276,DS_103,3.5,51,54,10.0,In-Progress
INT_0277,MOB_201,4.0,89,90,24.9,Completed
INT_0277,DS_201,3.0,77,77,20.6,In-Progress
INT_0277,SEC_302,4.5,65,56,19.0,In-Progress
INT_0277,DS_302,4.0,73,65,12.8,In-Progress
INT_0277,AIML_101,4.0,69,72,12.2,In-Progress
INT_0277,AIML_202,3.0,90,90,14.6,Completed
INT_0277,CLD_101,3.0,64,59,11.6,In-Progress
INT_0277,WEB_102,3.5,58,60,15.0,In-Progress
INT_0277,AIML_102,3.5,76,72,11.9,In-Progress
INT_0277,DS_301,3.5,51,48,18.8,In-Progress
INT_0277,SEC_201,3.5,79,83,20.0,In-Progress
INT_0277,CLD_102,4.0,39,46,6.2,Dropped
INT_0277,MOB_301,4.0,92,88,23.8,Completed
INT_0277,WEB_201,4.0,61,59,23.1,In-Progress
INT_0277,CLD_202,4.0,85,82,29.2,Completed
INT_0277,MOB_302,3.0,91,90,18.3,Completed
INT_0277,MOB_202,4.5,100,98,30.6,Completed
INT_0277,WEB_202,4.0,60,62,15.4,In-Progress
INT_0277,DS_102,3.0,66,67,10.9,In-Progress
INT_0277,MOB_101,4.5,87,91,17.9,Completed
INT_0277,DS_103,4.0,69,70,12.5,In-Progress
INT_0278,MOB_201,5.0,74,68,22.7,In-Progress
INT_0278,AIML_302,3.0,63,55,24.2,In-Progress
INT_0278,DS_302,3.5,78,78,13.8,In-Progress
INT_0278,SEC_101,4.0,64,66,12.7,In-Progress
INT_0278,CLD_101,5.0,59,68,9.1,In-Progress
INT_0278,WEB_102,3.0,57,63,16.8,In-Progress
INT_0278,CLD_301,4.0,57,61,19.4,In-Progress
INT_0278,DS_301,3.0,71,71,20.6,In-Progress
INT_0278,AIML_201,3.0,76,73,20.8,In-Progress
INT_0278,CLD_102,3.5,79,77,12.1,In-Progress
INT_0278,AIML_301,4.0,67,72,29.2,In-Progress
INT_0278,MOB_301,4.0,83,77,23.6,In-Progress
INT_0278,CLD_202,3.5,62,55,19.9,In-Progress
INT_0278,MOB_202,3.0,86,89,25.6,Completed
INT_0278,MOB_302,4.0,90,94,17.9,Completed
INT_0278,WEB_202,3.5,52,57,12.4,In-Progress
INT_0278,SEC_301,4.5,67,75,16.9,In-Progress
INT_0278,MOB_101,3.5,82,84,15.7,In-Progress
INT_0278,DS_103,4.5,65,59,11.7,In-Progress
INT_0279,WEB_203,3.5,100,92,25.0,Completed
INT_0279,DS_202,3.5,76,80,16.8,In-Progress
INT_0279,DS_201,2.0,66,68,14.7,In-Progress
INT_0279,SEC_302,5.0,96,100,24.2,Completed
INT_0279,CLD_201,4.5,64,62,13.7,In-Progress
INT_0279,SEC_101,5.0,87,80,17.7,Completed
INT_0279,WEB_102,3.5,64,63,19.5,In-Progress
INT_0279,AIML_102,3.0,62,61,9.1,In-Progress
INT_0279,CLD_302,2.5,79,78,25.7,In-Progress
INT_0279,DS_301,4.0,46,51,17.5,In-Progress
INT_0279,SEC_201,4.0,93,88,19.3,Completed
INT_0279,WEB_201,3.0,58,60,19.6,In-Progress
INT_0279,CLD_202,3.0,54,53,14.3,In-Progress
INT_0279,WEB_301,4.0,65,68,22.4,In-Progress
INT_0279,SEC_202,4.5,90,75,29.7,Completed
INT_0279,SEC_301,5.0,85,84,18.8,Completed
INT_0279,DS_102,3.5,46,49,6.9,In-Progress
INT_0279,MOB_101,5.0,63,66,10.4,In-Progress
INT_0279,DS_103,4.0,55,51,9.0,In-Progress
INT_0280,AIML_202,5.0,88,90,14.2,Completed
INT_0280,WEB_301,4.0,45,48,13.6,In-Progress
INT_0280,AIML_102,4.0,95,100,17.4,Completed
INT_0280,WEB_203,4.5,69,66,17.9,In-Progress
INT_0280,AIML_302,4.5,97,92,34.7,Completed
INT_0280,WEB_302,4.5,74,80,19.8,In-Progress
INT_0280,DS_201,3.0,63,54,14.6,In-Progress
INT_0280,AIML_201,4.5,89,88,30.5,Completed
INT_0280,DS_102,3.5,65,55,9.9,In-Progress
INT_0280,AIML_303,4.0,98,97,19.8,Completed
INT_0280,AIML_101,5.0,95,92,18.8,Completed
INT_0280,AIML_301,4.5,90,84,34.9,Completed
INT_0281,DS_202,4.5,91,86,17.3,Completed
INT_0281,DS_201,4.0,99,100,24.9,Completed
INT_0281,DS_101,4.5,91,82,19.2,Completed
INT_0281,AIML_302,4.0,71,66,25.2,In-Progress
INT_0281,DS_302,4.0,85,81,15.5,Completed
INT_0281,AIML_101,3.0,84,80,18.9,In-Progress
INT_0281,AIML_202,4.0,53,47,7.8,In-Progress
INT_0281,CLD_101,3.5,77,81,13.4,In-Progress
INT_0281,WEB_102,4.0,88,94,24.6,Completed
INT_0281,AIML_102,4.5,57,52,9.2,In-Progress
INT_0281,DS_301,5.0,86,80,27.5,Completed
INT_0281,SEC_201,3.5,73,68,17.5,In-Progress
INT_0281,MOB_301,3.0,84,88,20.4,In-Progress
INT_0281,WEB_201,4.0,67,74,20.2,In-Progress
INT_0281,MOB_302,4.0,61,61,12.8,In-Progress
INT_0281,MOB_202,3.0,75,73,22.3,In-Progress
INT_0281,WEB_202,2.5,73,60,19.8,In-Progress
INT_0281,WEB_302,3.0,66,61,14.8,In-Progress
INT_0281,SEC_202,3.0,78,74,28.3,In-Progress
INT_0281,DS_102,4.5,84,84,13.1,In-Progress
INT_0281,MOB_101,4.0,70,66,13.0,In-Progress
INT_0281,DS_103,4.5,94,100,18.9,Completed
INT_0282,WEB_101,3.5,80,81,11.5,In-Progress
INT_0282,WEB_301,4.0,76,74,22.2,In-Progress
INT_0282,WEB_102,5.0,100,94,29.4,Completed
INT_0282,AIML_202,3.0,64,59,11.8,In-Progress
INT_0282,WEB_203,4.0,78,85,15.5,In-Progress
INT_0282,MOB_201,4.0,71,62,25.7,In-Progress
INT_0282,MOB_302,3.5,46,44,8.5,In-Progress
INT_0282,WEB_202,4.0,91,90,22.3,Completed
INT_0282,WEB_302,3.5,65,60,13.6,In-Progress
INT_0282,SEC_101,4.0,78,74,11.8,In-Progress
INT_0282,DS_201,3.5,70,74,14.7,In-Progress
INT_0282,WEB_201,5.0,77,78,24.5,In-Progress
INT_0283,WEB_301,4.0,63,66,18.8,In-Progress
INT_0283,MOB_201,4.0,64,55,17.8,In-Progress
INT_0283,WEB_203,3.0,68,67,15.6,In-Progress
INT_0283,DS_302,5.0,69,71,13.5,In-Progress
INT_0283,SEC_302,3.5,68,68,18.1,In-Progress
INT_0283,SEC_202,4.0,100,100,27.9,Completed
INT_0283,SEC_101,5.0,94,90,15.1,Completed
INT_0283,SEC_301,2.5,71,75,17.7,In-Progress
INT_0283,AIML_201,4.0,65,66,16.7,In-Progress
INT_0283,SEC_201,4.0,88,78,20.4,Completed
INT_0283,AIML_303,3.5,48,49,11.4,In-Progress
INT_0283,CLD_102,3.0,61,65,10.0,In-Progress
INT_0283,WEB_201,3.0,54,46,16.2,In-Progress
INT_0284,MOB_201,3.0,66,80,20.3,In-Progress
INT_0284,DS_201,2.5,72,72,16.4,In-Progress
INT_0284,AIML_303,4.5,71,74,16.5,In-Progress
INT_0284,AIML_302,2.5,67,66,23.9,In-Progress
INT_0284,SEC_101,3.5,67,70,13.7,In-Progress
INT_0284,AIML_101,4.5,91,87,16.2,Completed
INT_0284,AIML_202,4.0,80,74,11.7,In-Progress
INT_0284,CLD_101,3.5,75,72,11.1,In-Progress
INT_0284,WEB_102,3.5,76,77,20.3,In-Progress
INT_0284,AIML_102,4.5,92,88,14.0,Completed
INT_0284,CLD_301,4.0,22,40,8.9,Dropped
INT_0284,AIML_201,4.0,83,92,26.8,In-Progress
INT_0284,AIML_301,3.5,47,48,17.8,In-Progress
INT_0284,CLD_202,4.0,70,70,21.8,In-Progress
INT_0284,MOB_302,3.0,20,40,4.6,Dropped
INT_0284,MOB_202,5.0,75,66,23.1,In-Progress
INT_0284,WEB_202,3.5,66,56,16.2,In-Progress
INT_0284,SEC_202,3.5,56,51,17.6,In-Progress
INT_0284,SEC_301,3.5,30,40,7.6,Dropped
INT_0284,DS_103,3.5,78,74,16.0,In-Progress
INT_0285,WEB_301,3.0,71,68,23.8,In-Progress
INT_0285,WEB_102,4.5,48,53,13.0,In-Progress
INT_0285,CLD_101,4.0,71,73,12.4,In-Progress
INT_0285,DS_102,5.0,100,100,14.6,Completed
INT_0285,DS_302,4.5,87,79,15.4,Completed
INT_0285,DS_202,5.0,89,94,17.2,Completed
INT_0285,WEB_202,4.0,67,71,15.9,In-Progress
INT_0285,AIML_303,4.0,66,66,18.4,In-Progress
INT_0285,WEB_302,3.0,39,40,9.9,Dropped
INT_0285,MOB_202,2.0,65,69,19.9,In-Progress
INT_0285,DS_301,4.0,90,95,36.1,Completed
INT_0285,DS_201,4.5,99,96,23.8,Completed
INT_0285,SEC_301,3.5,66,69,15.4,In-Progress
INT_0285,DS_101,5.0,89,93,16.9,Completed
INT_0285,CLD_201,3.5,81,89,20.2,In-Progress
INT_0285,MOB_101,5.0,93,96,17.7,Completed
INT_0285,MOB_301,3.5,68,67,17.5,In-Progress
INT_0285,DS_103,5.0,80,75,15.2,In-Progress
INT_0286,CLD_202,3.5,71,74,19.7,In-Progress
INT_0286,WEB_101,3.5,79,78,14.5,In-Progress
INT_0286,WEB_301,3.0,63,69,24.0,In-Progress
INT_0286,WEB_102,4.0,100,99,25.3,Completed
INT_0286,WEB_203,5.0,100,100,23.8,Completed
INT_0286,MOB_202,4.0,42,40,11.8,In-Progress
INT_0286,MOB_302,2.5,35,40,7.3,Dropped
INT_0286,DS_302,4.0,71,54,14.5,In-Progress
INT_0286,WEB_202,4.0,91,83,21.4,Completed
INT_0286,CLD_302,1.5,36,41,9.8,Dropped
INT_0286,WEB_302,4.0,57,57,11.8,In-Progress
INT_0286,SEC_302,3.5,48,47,16.0,In-Progress
INT_0286,MOB_301,2.5,63,64,17.0,In-Progress
INT_0286,WEB_201,4.5,90,97,32.6,Completed
INT_0287,DS_201,3.5,82,81,18.1,In-Progress
INT_0287,DS_101,3.5,52,52,12.0,In-Progress
INT_0287,AIML_303,3.0,28,40,6.5,Dropped
INT_0287,CLD_201,4.0,75,73,15.8,In-Progress
INT_0287,DS_302,3.5,46,47,8.2,In-Progress
INT_0287,SEC_101,4.5,51,52,9.5,In-Progress
INT_0287,CLD_101,4.0,98,100,15.9,Completed
INT_0287,CLD_302,3.5,46,40,11.4,In-Progress
INT_0287,CLD_301,3.5,47,51,16.2,In-Progress
INT_0287,AIML_201,4.5,49,51,14.3,In-Progress
INT_0287,MOB_301,3.5,54,58,13.1,In-Progress
INT_0287,CLD_102,3.0,97,88,12.3,Completed
INT_0287,AIML_301,2.5,48,43,20.3,In-Progress
INT_0287,CLD_202,4.0,70,72,19.3,In-Progress
INT_0287,MOB_202,4.5,74,71,17.5,In-Progress
INT_0287,MOB_302,3.5,25,40,6.3,Dropped
INT_0287,WEB_302,4.0,48,43,10.2,In-Progress
INT_0287,SEC_202,4.0,68,76,23.4,In-Progress
INT_0287,DS_102,3.5,69,65,12.2,In-Progress
INT_0287,MOB_101,3.0,68,66,10.2,In-Progress
INT_0287,DS_103,3.5,55,55,8.7,In-Progress
INT_0288,MOB_201,3.0,33,41,8.5,Dropped
INT_0288,DS_202,4.0,58,57,13.9,In-Progress
INT_0288,DS_101,2.0,56,59,12.8,In-Progress
INT_0288,AIML_302,4.0,63,66,23.1,In-Progress
INT_0288,AIML_303,4.0,60,55,15.5,In-Progress
INT_0288,DS_302,3.0,56,52,10.3,In-Progress
INT_0288,SEC_101,4.0,68,72,12.2,In-Progress
INT_0288,AIML_101,4.5,66,69,11.7,In-Progress
INT_0288,AIML_202,5.0,85,91,16.3,Completed
INT_0288,WEB_102,3.5,76,69,22.7,In-Progress
INT_0288,AIML_102,5.0,94,100,13.0,Completed
INT_0288,DS_301,2.0,44,47,13.7,In-Progress
INT_0288,AIML_201,3.5,82,72,26.6,In-Progress
INT_0288,CLD_102,4.5,88,87,15.3,Completed
INT_0288,MOB_301,3.0,52,54,12.0,In-Progress
INT_0288,AIML_301,3.5,83,77,31.0,In-Progress
INT_0288,WEB_201,5.0,67,67,23.8,In-Progress
INT_0288,WEB_101,3.5,50,46,10.1,In-Progress
INT_0288,WEB_302,4.0,29,40,7.8,Dropped
INT_0288,SEC_301,2.5,57,48,11.2,In-Progress
INT_0288,DS_102,4.0,63,67,11.1,In-Progress
INT_0288,MOB_101,3.5,63,60,11.6,In-Progress
INT_0289,AIML_202,4.0,89,75,17.1,Completed
INT_0289,MOB_101,3.0,54,50,8.7,In-Progress
INT_0289,DS_103,4.0,45,40,7.6,In-Progress
INT_0289,AIML_102,4.0,93,92,13.9,Completed
INT_0289,MOB_302,3.0,50,53,10.6,In-Progress
INT_0289,AIML_303,4.0,45,46,9.1,In-Progress
INT_0289,WEB_202,4.0,58,54,16.1,In-Progress
INT_0289,CLD_302,3.0,57,54,18.3,In-Progress
INT_0289,AIML_201,4.5,79,82,21.2,In-Progress
INT_0289,AIML_302,4.0,78,78,24.0,In-Progress
INT_0289,AIML_101,5.0,86,84,14.5,Completed
INT_0289,MOB_301,3.5,52,55,14.6,In-Progress
INT_0289,AIML_301,1.5,79,87,29.9,In-Progress
INT_0289,WEB_201,3.0,55,54,18.3,In-Progress
INT_0290,AIML_202,3.0,75,77,13.9,In-Progress
INT_0290,WEB_102,4.0,71,70,17.2,In-Progress
INT_0290,MOB_201,2.5,73,63,23.4,In-Progress
INT_0290,DS_302,4.0,78,81,13.7,In-Progress
INT_0290,DS_202,4.5,96,100,21.3,Completed
INT_0290,DS_102,4.0,81,77,12.0,In-Progress
INT_0290,MOB_302,4.0,62,63,12.2,In-Progress
INT_0290,CLD_301,3.0,45,52,13.5,In-Progress
INT_0290,MOB_202,4.5,74,79,19.5,In-Progress
INT_0290,CLD_302,4.5,92,93,28.1,Completed
INT_0290,DS_301,5.0,100,97,32.1,Completed
INT_0290,DS_201,4.0,91,91,22.4,Completed
INT_0290,SEC_301,3.5,61,61,13.2,In-Progress
INT_0290,SEC_302,3.5,78,73,23.2,In-Progress
INT_0290,DS_101,3.5,76,76,15.4,In-Progress
INT_0290,CLD_201,2.5,40,40,9.6,In-Progress
INT_0290,SEC_201,4.5,78,74,15.6,In-Progress
INT_0290,DS_103,4.0,86,83,12.7,Completed
INT_0291,AIML_202,4.5,80,83,12.1,In-Progress
INT_0291,WEB_301,3.0,32,40,10.9,Dropped
INT_0291,AIML_102,4.0,91,92,17.1,Completed
INT_0291,AIML_302,4.5,51,50,18.9,In-Progress
INT_0291,WEB_202,3.5,64,65,19.0,In-Progress
INT_0291,WEB_302,2.0,50,45,13.3,In-Progress
INT_0291,DS_301,3.0,49,52,15.7,In-Progress
INT_0291,DS_201,4.0,62,52,12.4,In-Progress
INT_0291,AIML_201,4.0,67,75,23.1,In-Progress
INT_0291,DS_102,3.5,47,60,6.9,In-Progress
INT_0291,AIML_303,3.0,60,59,16.1,In-Progress
INT_0291,AIML_101,5.0,78,81,15.5,In-Progress
INT_0291,AIML_301,2.0,46,47,19.7,In-Progress
INT_0292,AIML_301,3.0,35,40,14.2,Dropped
INT_0292,WEB_101,4.0,65,64,11.2,In-Progress
INT_0292,WEB_102,4.5,63,63,18.9,In-Progress
INT_0292,MOB_201,4.0,69,69,18.1,In-Progress
INT_0292,WEB_203,3.5,59,54,11.1,In-Progress
INT_0292,DS_302,4.0,100,99,19.6,Completed
INT_0292,DS_102,3.5,100,96,12.8,Completed
INT_0292,DS_202,4.0,100,100,19.8,Completed
INT_0292,WEB_202,4.0,65,64,21.8,In-Progress
INT_0292,WEB_302,2.0,35,40,7.9,Dropped
INT_0292,DS_301,3.0,87,82,28.1,Completed
INT_0292,DS_201,4.0,83,82,23.5,In-Progress
INT_0292,DS_101,5.0,68,68,13.3,In-Progress
INT_0292,CLD_201,4.0,87,94,20.7,Completed
INT_0292,MOB_301,4.0,36,40,8.8,Dropped
INT_0292,DS_103,3.5,94,85,15.6,Completed
INT_0293,WEB_203,4.0,85,79,21.4,Completed
INT_0293,DS_202,3.5,48,53,8.8,In-Progress
INT_0293,DS_101,3.0,58,54,15.0,In-Progress
INT_0293,CLD_201,3.0,67,63,12.7,In-Progress
INT_0293,SEC_101,3.5,64,71,11.8,In-Progress
INT_0293,AIML_202,4.0,41,40,7.6,In-Progress
INT_0293,WEB_102,3.5,94,88,28.0,Completed
INT_0293,CLD_302,3.5,57,62,13.9,In-Progress
INT_0293,DS_301,5.0,73,73,22.7,In-Progress
INT_0293,CLD_102,4.0,74,68,12.7,In-Progress
INT_0293,MOB_301,3.5,45,51,10.7,In-Progress
INT_0293,WEB_201,4.0,100,92,29.5,Completed
INT_0293,CLD_202,3.0,62,63,20.0,In-Progress
INT_0293,WEB_101,4.0,100,94,18.9,Completed
INT_0293,WEB_301,5.0,85,86,28.7,Completed
INT_0293,WEB_202,4.0,96,95,26.1,Completed
INT_0293,WEB_302,5.0,75,81,17.1,In-Progress
INT_0293,DS_102,3.0,78,80,13.3,In-Progress
INT_0293,DS_103,3.5,100,98,18.9,Completed
INT_0294,CLD_202,2.5,93,97,30.6,Completed
INT_0294,CLD_101,4.5,85,88,13.7,Completed
INT_0294,MOB_101,3.5,77,73,14.8,In-Progress
INT_0294,AIML_102,4.0,44,45,7.2,In-Progress
INT_0294,AIML_302,3.0,65,68,19.9,In-Progress
INT_0294,CLD_302,3.0,62,53,18.9,In-Progress
INT_0294,CLD_301,3.0,63,61,23.8,In-Progress
INT_0294,WEB_202,4.5,75,72,21.7,In-Progress
INT_0294,WEB_302,3.5,41,40,11.6,In-Progress
INT_0294,DS_301,3.0,27,40,9.5,Dropped
INT_0294,AIML_201,4.5,67,61,20.9,In-Progress
INT_0294,SEC_201,2.5,74,73,20.2,In-Progress
INT_0294,CLD_201,4.0,84,86,19.0,In-Progress
INT_0294,AIML_101,3.5,70,69,15.5,In-Progress
INT_0294,CLD_102,3.5,97,93,15.1,Completed
INT_0295,MOB_201,4.5,83,90,27.7,In-Progress
INT_0295,WEB_203,3.5,67,77,13.6,In-Progress
INT_0295,DS_201,3.5,55,53,12.9,In-Progress
INT_0295,SEC_302,4.0,42,46,10.0,In-Progress
INT_0295,DS_101,3.5,59,54,12.3,In-Progress
INT_0295,AIML_302,3.0,69,71,22.8,In-Progress
INT_0295,AIML_303,4.0,71,64,15.0,In-Progress
INT_0295,AIML_101,4.5,75,79,17.5,In-Progress
INT_0295,AIML_202,5.0,63,69,12.7,In-Progress
INT_0295,WEB_102,3.5,62,58,15.6,In-Progress
INT_0295,AIML_102,4.5,100,88,19.4,Completed
INT_0295,DS_301,2.5,24,40,9.1,Dropped
INT_0295,AIML_201,3.5,70,69,22.5,In-Progress
INT_0295,SEC_201,3.0,66,59,18.8,In-Progress
INT_0295,MOB_301,2.5,70,73,19.3,In-Progress
INT_0295,AIML_301,3.5,68,67,28.5,In-Progress
INT_0295,CLD_202,3.0,50,51,14.5,In-Progress
INT_0295,WEB_301,2.0,29,40,11.5,Dropped
INT_0295,MOB_202,2.5,73,75,22.0,In-Progress
INT_0295,WEB_202,2.5,53,53,14.5,In-Progress
INT_0295,WEB_302,2.5,38,40,10.3,Dropped
INT_0295,SEC_301,2.0,27,40,6.6,Dropped
INT_0295,MOB_101,3.5,61,67,10.3,In-Progress
INT_0295,DS_103,3.0,55,52,9.4,In-Progress
INT_0296,MOB_201,5.0,95,94,31.4,Completed
INT_0296,WEB_203,4.0,74,62,15.8,In-Progress
INT_0296,DS_201,3.5,63,59,17.1,In-Progress
INT_0296,DS_101,3.5,51,45,11.3,In-Progress
INT_0296,AIML_302,3.0,40,44,11.6,In-Progress
INT_0296,AIML_303,3.5,60,58,13.8,In-Progress
INT_0296,DS_302,2.5,68,72,15.3,In-Progress
INT_0296,SEC_101,3.0,65,71,10.2,In-Progress
INT_0296,AIML_202,3.5,61,57,10.3,In-Progress
INT_0296,WEB_102,3.0,60,64,15.2,In-Progress
INT_0296,CLD_301,2.0,47,57,16.8,In-Progress
INT_0296,AIML_201,3.5,45,44,14.2,In-Progress
INT_0296,MOB_301,4.0,83,79,18.0,In-Progress
INT_0296,AIML_301,2.5,33,43,13.4,Dropped
INT_0296,WEB_201,3.5,71,64,26.7,In-Progress
INT_0296,WEB_101,3.5,65,64,13.4,In-Progress
INT_0296,MOB_202,3.5,100,96,21.9,Completed
INT_0296,MOB_302,3.5,67,65,12.2,In-Progress
INT_0296,WEB_302,3.0,43,45,8.9,In-Progress
INT_0296,SEC_202,3.5,67,72,20.8,In-Progress
INT_0296,MOB_101,4.0,89,91,16.7,Completed
INT_0296,DS_103,4.0,65,58,10.7,In-Progress
INT_0297,MOB_201,3.5,64,69,18.7,In-Progress
INT_0297,WEB_203,3.0,66,73,16.2,In-Progress
INT_0297,SEC_302,4.0,63,66,19.6,In-Progress
INT_0297,DS_101,3.5,52,48,12.1,In-Progress
INT_0297,CLD_201,4.0,99,88,21.1,Completed
INT_0297,AIML_303,4.5,70,64,18.9,In-Progress
INT_0297,SEC_101,2.5,60,58,10.6,In-Progress
INT_0297,AIML_101,4.5,85,83,16.4,Completed
INT_0297,CLD_101,4.5,99,95,19.8,Completed
INT_0297,CLD_302,4.0,86,83,23.0,Completed
INT_0297,CLD_301,4.0,95,95,32.2,Completed
INT_0297,DS_301,3.5,59,56,22.7,In-Progress
INT_0297,AIML_201,3.5,97,100,28.3,Completed
INT_0297,SEC_201,3.5,88,82,24.6,Completed
INT_0297,MOB_301,3.0,58,49,13.3,In-Progress
INT_0297,CLD_102,5.0,78,84,12.9,In-Progress
INT_0297,AIML_301,3.5,68,61,28.5,In-Progress
INT_0297,CLD_202,5.0,100,95,31.6,Completed
INT_0297,WEB_101,4.0,72,69,12.6,In-Progress
INT_0297,MOB_302,4.5,71,72,13.6,In-Progress
INT_0297,MOB_202,4.0,69,74,18.9,In-Progress
INT_0297,WEB_202,3.5,67,67,20.9,In-Progress
INT_0297,MOB_101,2.5,89,84,15.4,Completed
INT_0298,MOB_201,5.0,94,96,32.0,Completed
INT_0298,WEB_203,3.0,42,40,7.6,In-Progress
INT_0298,DS_202,3.0,77,70,16.9,In-Progress
INT_0298,DS_101,3.0,76,79,16.1,In-Progress
INT_0298,AIML_302,3.5,51,48,19.2,In-Progress
INT_0298,AIML_303,2.5,53,59,10.8,In-Progress
INT_0298,DS_302,4.0,80,83,13.2,In-Progress
INT_0298,AIML_101,2.5,60,61,11.5,In-Progress
INT_0298,AIML_202,4.0,76,76,15.7,In-Progress
INT_0298,WEB_102,3.5,50,53,12.5,In-Progress
INT_0298,CLD_302,1.5,55,57,14.8,In-Progress
INT_0298,AIML_201,4.0,72,81,20.4,In-Progress
INT_0298,CLD_102,4.0,44,45,5.7,In-Progress
INT_0298,MOB_301,4.0,86,82,17.9,Completed
INT_0298,WEB_201,2.0,57,53,21.8,In-Progress
INT_0298,AIML_301,3.0,33,40,12.3,Dropped
INT_0298,WEB_101,4.0,61,65,9.7,In-Progress
INT_0298,MOB_302,2.5,72,75,14.7,In-Progress
INT_0298,MOB_202,5.0,100,100,27.1,Completed
INT_0298,WEB_202,4.5,67,64,19.0,In-Progress
INT_0298,DS_102,4.5,62,66,8.2,In-Progress
INT_0298,MOB_101,3.5,92,92,15.0,Completed
INT_0298,DS_103,2.5,74,78,11.5,In-Progress
INT_0299,MOB_201,4.5,66,63,18.7,In-Progress
INT_0299,WEB_203,3.5,77,82,15.2,In-Progress
INT_0299,DS_202,2.5,66,58,14.0,In-Progress
INT_0299,SEC_302,3.5,63,69,20.3,In-Progress
INT_0299,DS_101,3.5,71,63,17.6,In-Progress
INT_0299,AIML_303,4.0,63,62,13.9,In-Progress
INT_0299,AIML_302,3.5,59,56,22.4,In-Progress
INT_0299,CLD_201,4.5,89,96,22.8,Completed
INT_0299,DS_302,3.0,63,61,11.7,In-Progress
INT_0299,AIML_101,3.5,31,40,5.8,Dropped
INT_0299,CLD_101,4.5,68,69,10.8,In-Progress
INT_0299,CLD_302,4.0,58,56,16.3,In-Progress
INT_0299,CLD_301,3.5,59,56,20.2,In-Progress
INT_0299,MOB_301,5.0,95,98,23.3,Completed
INT_0299,AIML_301,3.0,52,48,18.4,In-Progress
INT_0299,WEB_101,3.0,61,68,11.4,In-Progress
INT_0299,MOB_302,4.0,82,76,18.1,In-Progress
INT_0299,MOB_202,5.0,100,86,26.4,Completed
INT_0299,WEB_302,3.0,82,70,22.6,In-Progress
INT_0299,SEC_202,4.5,74,82,23.4,In-Progress
INT_0299,DS_102,4.5,63,60,8.3,In-Progress
INT_0299,MOB_101,4.5,88,94,14.2,Completed
INT_0299,DS_103,3.5,54,49,9.9,In-Progress
INT_0300,WEB_203,4.0,100,100,18.9,Completed
INT_0300,SEC_302,3.0,20,40,4.9,Dropped
INT_0300,AIML_303,3.0,51,51,12.8,In-Progress
INT_0300,CLD_201,4.5,71,72,13.3,In-Progress
INT_0300,DS_302,4.5,53,47,9.0,In-Progress
INT_0300,SEC_101,4.0,63,66,9.9,In-Progress
INT_0300,AIML_202,4.0,81,79,12.4,In-Progress
INT_0300,CLD_101,3.0,58,70,8.4,In-Progress
INT_0300,WEB_102,4.0,91,86,21.0,Completed
INT_0300,AIML_102,3.0,76,74,13.2,In-Progress
INT_0300,DS_301,3.5,36,40,13.3,Dropped
INT_0300,AIML_201,4.0,64,68,21.4,In-Progress
INT_0300,MOB_301,3.5,60,52,16.9,In-Progress
INT_0300,WEB_201,4.5,77,65,27.3,In-Progress
INT_0300,CLD_202,2.0,70,70,24.4,In-Progress
INT_0300,WEB_101,4.0,78,85,11.9,In-Progress
INT_0300,WEB_301,4.5,56,56,22.1,In-Progress
INT_0300,MOB_202,2.0,65,60,15.4,In-Progress
INT_0300,WEB_202,5.0,73,73,19.2,In-Progress
INT_0300,WEB_302,3.0,54,56,14.2,In-Progress
INT_0300,SEC_301,3.0,40,40,7.3,In-Progress
INT_0300,DS_102,4.0,78,86,9.9,In-Progress
INT_0301,AIML_301,3.0,28,40,9.0,Dropped
INT_0301,WEB_101,3.5,100,99,19.5,Completed
INT_0301,WEB_301,3.0,64,67,20.3,In-Progress
INT_0301,WEB_102,4.0,100,95,28.6,Completed
INT_0301,WEB_203,4.0,99,84,25.2,Completed
INT_0301,AIML_102,4.5,72,74,10.3,In-Progress
INT_0301,DS_202,3.5,81,75,20.2,In-Progress
INT_0301,MOB_302,3.5,28,40,6.0,Dropped
INT_0301,AIML_302,3.5,43,49,15.7,In-Progress
INT_0301,WEB_202,4.0,90,76,27.6,Completed
INT_0301,WEB_302,3.0,74,72,19.6,In-Progress
INT_0301,DS_301,3.0,60,58,18.5,In-Progress
INT_0301,DS_102,3.5,61,58,10.1,In-Progress
INT_0301,CLD_201,4.0,72,67,17.2,In-Progress
INT_0301,MOB_301,2.0,61,59,17.1,In-Progress
INT_0301,DS_103,4.0,71,70,13.6,In-Progress
INT_0301,WEB_201,3.5,93,97,33.2,Completed
INT_0302,AIML_202,2.5,65,62,11.7,In-Progress
INT_0302,WEB_102,3.5,55,54,15.9,In-Progress
INT_0302,AIML_102,3.5,79,80,11.7,In-Progress
INT_0302,DS_202,3.5,85,86,15.5,Completed
INT_0302,DS_302,4.5,94,89,19.7,Completed
INT_0302,DS_102,4.5,63,75,11.3,In-Progress
INT_0302,WEB_202,3.5,73,70,23.3,In-Progress
INT_0302,DS_301,4.0,53,51,16.6,In-Progress
INT_0302,DS_201,5.0,93,96,19.8,Completed
INT_0302,SEC_101,4.0,75,73,15.5,In-Progress
INT_0302,SEC_301,3.0,43,40,10.0,In-Progress
INT_0302,SEC_302,2.5,20,40,5.7,Dropped
INT_0302,DS_101,4.5,90,89,16.5,Completed
INT_0302,DS_103,4.0,100,100,16.2,Completed
INT_0303,CLD_202,3.5,100,100,33.1,Completed
INT_0303,CLD_101,5.0,88,85,17.4,Completed
INT_0303,WEB_301,3.0,20,40,6.1,Dropped
INT_0303,DS_302,3.0,73,72,13.5,In-Progress
INT_0303,AIML_302,2.5,33,40,11.6,Dropped
INT_0303,CLD_302,4.0,66,52,16.9,In-Progress
INT_0303,CLD_301,4.5,58,60,20.4,In-Progress
INT_0303,SEC_101,4.5,54,51,10.6,In-Progress
INT_0303,DS_201,3.0,31,40,8.1,Dropped
INT_0303,MOB_301,4.0,65,60,16.0,In-Progress
INT_0303,DS_102,5.0,70,76,11.4,In-Progress
INT_0303,CLD_201,4.0,93,100,21.6,Completed
INT_0303,CLD_102,3.5,89,87,14.9,Completed
INT_0303,WEB_201,4.5,64,65,19.5,In-Progress
INT_0304,MOB_101,3.5,63,58,11.3,In-Progress
INT_0304,WEB_102,3.0,56,50,15.5,In-Progress
INT_0304,MOB_201,4.5,73,76,21.5,In-Progress
INT_0304,AIML_102,2.5,90,86,13.1,Completed
INT_0304,AIML_302,3.5,76,66,26.5,In-Progress
INT_0304,CLD_302,4.5,50,50,12.5,In-Progress
INT_0304,SEC_302,4.5,100,100,32.5,Completed
INT_0304,WEB_302,3.0,42,45,11.0,In-Progress
INT_0304,SEC_202,5.0,90,87,23.9,Completed
INT_0304,SEC_101,5.0,74,71,14.0,In-Progress
INT_0304,DS_301,3.0,56,57,20.3,In-Progress
INT_0304,SEC_301,4.0,82,77,21.3,In-Progress
INT_0304,DS_201,3.5,70,67,19.0,In-Progress
INT_0304,SEC_201,4.5,90,89,18.3,Completed
INT_0304,DS_102,3.0,79,88,10.9,In-Progress
INT_0304,AIML_303,3.0,67,71,14.9,In-Progress
INT_0304,AIML_101,3.0,75,75,12.4,In-Progress
INT_0305,WEB_203,5.0,73,70,14.1,In-Progress
INT_0305,DS_202,4.5,82,80,19.9,In-Progress
INT_0305,SEC_302,3.0,58,55,16.5,In-Progress
INT_0305,AIML_302,3.5,56,47,19.6,In-Progress
INT_0305,AIML_303,3.0,50,53,11.3,In-Progress
INT_0305,AIML_202,4.5,79,82,14.4,In-Progress
INT_0305,WEB_102,4.5,95,92,25.9,Completed
INT_0305,CLD_301,3.5,60,65,18.8,In-Progress
INT_0305,AIML_201,4.5,68,68,22.0,In-Progress
INT_0305,CLD_102,3.5,84,89,13.6,In-Progress
INT_0305,AIML_301,3.5,58,57,23.4,In-Progress
INT_0305,WEB_201,4.5,75,78,25.6,In-Progress
INT_0305,WEB_101,3.5,92,96,15.8,Completed
INT_0305,WEB_301,4.5,85,85,25.3,Completed
INT_0305,MOB_202,3.0,57,53,13.7,In-Progress
INT_0305,WEB_202,4.5,67,63,19.8,In-Progress
INT_0305,WEB_302,4.0,70,71,17.4,In-Progress
INT_0305,SEC_202,3.5,74,84,25.2,In-Progress
INT_0305,DS_103,3.0,66,68,13.0,In-Progress
INT_0306,WEB_101,5.0,92,87,15.0,Completed
INT_0306,WEB_301,3.5,90,84,29.0,Completed
INT_0306,WEB_102,4.5,100,100,21.8,Completed
INT_0306,AIML_202,3.5,65,66,12.4,In-Progress
INT_0306,WEB_203,4.0,88,94,21.9,Completed
INT_0306,AIML_102,3.5,66,67,9.8,In-Progress
INT_0306,MOB_202,3.5,69,63,15.4,In-Progress
INT_0306,WEB_202,3.5,93,96,26.6,Completed
INT_0306,WEB_302,4.0,84,93,18.4,In-Progress
INT_0306,DS_201,3.5,70,68,15.9,In-Progress
INT_0306,SEC_301,3.0,62,63,12.9,In-Progress
INT_0306,DS_101,3.5,82,90,19.1,In-Progress
INT_0306,AIML_303,4.0,77,82,21.8,In-Progress
INT_0306,AIML_101,4.5,70,70,11.8,In-Progress
INT_0306,MOB_301,3.5,70,74,14.0,In-Progress
INT_0306,WEB_201,5.0,95,94,35.4,Completed
INT_0307,MOB_201,4.0,81,88,23.4,In-Progress
INT_0307,WEB_203,4.5,64,61,15.9,In-Progress
INT_0307,DS_201,3.5,65,55,13.6,In-Progress
INT_0307,CLD_201,3.5,69,70,13.4,In-Progress
INT_0307,AIML_101,4.0,63,53,13.0,In-Progress
INT_0307,CLD_101,3.5,73,80,11.9,In-Progress
INT_0307,WEB_102,3.5,77,78,17.1,In-Progress
INT_0307,AIML_102,4.5,52,51,8.4,In-Progress
INT_0307,CLD_302,2.0,31,40,10.4,Dropped
INT_0307,AIML_201,3.0,56,66,18.7,In-Progress
INT_0307,SEC_201,4.0,81,78,22.5,In-Progress
INT_0307,CLD_102,3.5,66,62,11.1,In-Progress
INT_0307,MOB_301,4.0,77,65,18.0,In-Progress
INT_0307,WEB_101,4.5,61,64,10.0,In-Progress
INT_0307,WEB_301,1.5,54,46,18.9,In-Progress
INT_0307,MOB_302,3.5,85,83,18.6,Completed
INT_0307,MOB_202,5.0,76,79,19.2,In-Progress
INT_0307,WEB_302,2.5,40,50,11.3,In-Progress
INT_0307,SEC_301,2.0,35,40,7.7,Dropped
INT_0307,DS_102,3.5,68,70,11.9,In-Progress
INT_0307,MOB_101,4.5,83,84,14.7,In-Progress
INT_0307,DS_103,2.5,58,57,8.6,In-Progress
INT_0308,MOB_201,4.5,54,50,19.0,In-Progress
INT_0308,SEC_302,3.5,63,73,19.7,In-Progress
INT_0308,DS_101,3.5,73,73,18.8,In-Progress
INT_0308,AIML_303,3.5,73,67,16.6,In-Progress
INT_0308,AIML_302,3.0,56,59,18.3,In-Progress
INT_0308,DS_302,5.0,80,80,17.5,In-Progress
INT_0308,SEC_101,4.0,79,80,12.7,In-Progress
INT_0308,AIML_101,5.0,100,88,20.2,Completed
INT_0308,AIML_202,4.0,88,82,15.2,Completed
INT_0308,WEB_102,5.0,72,72,21.7,In-Progress
INT_0308,AIML_102,4.5,100,100,13.9,Completed
INT_0308,CLD_302,3.0,27,40,7.8,Dropped
INT_0308,DS_301,2.5,36,40,13.4,Dropped
INT_0308,AIML_201,3.5,79,79,23.8,In-Progress
INT_0308,SEC_201,4.5,40,50,9.7,In-Progress
INT_0308,CLD_102,4.0,78,77,10.2,In-Progress
INT_0308,AIML_301,3.5,57,57,24.2,In-Progress
INT_0308,CLD_202,3.5,55,57,16.6,In-Progress
INT_0308,WEB_101,3.5,61,64,10.3,In-Progress
INT_0308,WEB_301,1.5,55,52,18.9,In-Progress
INT_0308,SEC_202,4.0,55,63,14.2,In-Progress
INT_0308,SEC_301,3.0,62,69,11.5,In-Progress
INT_0308,DS_103,4.0,64,61,12.5,In-Progress
INT_0309,AIML_301,4.0,61,54,23.6,In-Progress
INT_0309,AIML_202,4.5,93,92,14.2,Completed
INT_0309,CLD_101,3.5,62,61,9.0,In-Progress
INT_0309,WEB_301,3.0,60,55,20.3,In-Progress
INT_0309,MOB_201,4.5,97,88,24.4,Completed
INT_0309,CLD_202,3.5,62,56,21.0,In-Progress
INT_0309,MOB_202,4.5,88,79,22.4,Completed
INT_0309,MOB_302,5.0,94,91,21.4,Completed
INT_0309,DS_202,3.0,59,65,12.1,In-Progress
INT_0309,AIML_303,4.0,62,59,14.5,In-Progress
INT_0309,CLD_301,3.5,81,81,23.7,In-Progress
INT_0309,SEC_101,4.5,76,77,11.3,In-Progress
INT_0309,SEC_302,4.5,67,71,20.6,In-Progress
INT_0309,CLD_201,3.0,74,76,13.8,In-Progress
INT_0309,MOB_101,4.5,80,79,16.4,In-Progress
INT_0309,MOB_301,5.0,96,100,19.2,Completed
INT_0309,DS_103,3.5,72,77,12.6,In-Progress
INT_0309,WEB_201,3.0,80,74,24.4,In-Progress
INT_0310,WEB_203,5.0,90,90,22.8,Completed
INT_0310,DS_202,3.0,70,66,12.8,In-Progress
INT_0310,AIML_302,3.5,39,40,12.8,Dropped
INT_0310,DS_302,4.0,67,70,14.3,In-Progress
INT_0310,SEC_101,3.0,58,59,9.4,In-Progress
INT_0310,CLD_101,2.5,86,87,16.4,Completed
INT_0310,WEB_102,4.5,81,81,20.5,In-Progress
INT_0310,AIML_102,3.5,67,75,12.8,In-Progress
INT_0310,CLD_302,3.5,49,52,12.2,In-Progress
INT_0310,CLD_301,2.0,34,40,10.7,Dropped
INT_0310,AIML_201,3.5,56,54,19.3,In-Progress
INT_0310,CLD_102,4.0,66,76,9.2,In-Progress
INT_0310,WEB_201,5.0,100,92,32.2,Completed
INT_0310,WEB_101,4.0,88,89,14.9,Completed
INT_0310,WEB_301,3.0,44,44,15.9,In-Progress
INT_0310,MOB_202,4.0,64,57,19.5,In-Progress
INT_0310,WEB_202,3.0,94,93,27.6,Completed
INT_0310,WEB_302,3.5,66,63,16.1,In-Progress
INT_0310,SEC_301,3.0,58,59,11.2,In-Progress
INT_0311,CLD_202,4.0,66,68,20.5,In-Progress
INT_0311,WEB_101,3.0,66,71,12.8,In-Progress
INT_0311,CLD_101,5.0,86,83,16.0,Completed
INT_0311,WEB_102,4.0,55,54,16.4,In-Progress
INT_0311,AIML_301,2.5,47,53,20.5,In-Progress
INT_0311,SEC_201,3.5,87,79,24.1,Completed
INT_0311,DS_302,4.5,62,61,11.5,In-Progress
INT_0311,MOB_302,3.0,52,54,11.5,In-Progress
INT_0311,CLD_302,3.0,37,40,12.0,Dropped
INT_0311,CLD_301,3.0,61,66,22.7,In-Progress
INT_0311,AIML_201,3.0,63,62,20.5,In-Progress
INT_0311,MOB_301,3.0,82,83,16.3,In-Progress
INT_0311,DS_101,3.0,57,65,11.1,In-Progress
INT_0311,CLD_201,4.5,97,100,23.6,Completed
INT_0311,MOB_101,2.5,92,98,18.0,Completed
INT_0311,CLD_102,5.0,97,100,13.5,Completed
INT_0311,DS_103,3.5,57,55,11.2,In-Progress
INT_0312,MOB_201,2.5,52,50,13.2,In-Progress
INT_0312,WEB_203,4.0,67,54,12.6,In-Progress
INT_0312,DS_202,5.0,91,83,18.8,Completed
INT_0312,DS_201,3.5,70,68,19.4,In-Progress
INT_0312,DS_101,4.0,79,83,15.6,In-Progress
INT_0312,DS_302,4.0,79,80,18.2,In-Progress
INT_0312,SEC_101,4.5,80,70,12.6,In-Progress
INT_0312,AIML_202,3.0,71,71,11.9,In-Progress
INT_0312,CLD_101,3.5,71,67,13.5,In-Progress
INT_0312,WEB_102,2.5,62,71,16.5,In-Progress
INT_0312,CLD_301,3.5,20,40,7.6,Dropped
INT_0312,DS_301,3.5,74,70,21.5,In-Progress
INT_0312,AIML_201,3.5,68,69,20.5,In-Progress
INT_0312,SEC_201,4.5,71,64,19.4,In-Progress
INT_0312,MOB_301,3.0,56,67,13.2,In-Progress
INT_0312,MOB_302,3.0,40,45,7.3,In-Progress
INT_0312,MOB_202,3.5,47,41,14.6,In-Progress
INT_0312,DS_102,4.5,94,84,11.9,Completed
INT_0312,MOB_101,3.5,68,73,13.4,In-Progress
INT_0312,DS_103,3.5,93,93,18.5,Completed
INT_0313,DS_202,5.0,73,74,13.6,In-Progress
INT_0313,DS_201,5.0,73,70,14.6,In-Progress
INT_0313,SEC_302,3.5,27,40,7.1,Dropped
INT_0313,DS_101,4.5,100,100,24.7,Completed
INT_0313,CLD_201,4.5,61,56,11.9,In-Progress
INT_0313,AIML_302,2.5,36,40,10.9,Dropped
INT_0313,AIML_303,3.5,55,54,13.6,In-Progress
INT_0313,DS_302,4.0,80,71,17.1,In-Progress
INT_0313,CLD_101,3.5,70,78,10.3,In-Progress
INT_0313,WEB_102,3.5,72,69,21.5,In-Progress
INT_0313,AIML_102,2.5,47,42,6.7,In-Progress
INT_0313,CLD_302,3.5,31,40,7.4,Dropped
INT_0313,DS_301,4.5,63,59,21.7,In-Progress
INT_0313,AIML_201,3.5,61,61,15.8,In-Progress
INT_0313,SEC_201,3.0,58,58,13.0,In-Progress
INT_0313,WEB_201,4.0,54,61,15.4,In-Progress
INT_0313,CLD_202,4.0,49,45,16.1,In-Progress
INT_0313,MOB_302,2.5,46,50,10.7,In-Progress
INT_0313,WEB_202,3.5,50,44,12.8,In-Progress
INT_0313,WEB_302,1.5,40,40,11.2,In-Progress
INT_0313,SEC_301,2.5,38,40,7.6,Dropped
INT_0313,DS_102,5.0,100,95,17.2,Completed
INT_0313,MOB_101,2.5,75,71,15.3,In-Progress
INT_0313,DS_103,4.0,87,87,16.2,Completed
INT_0314,MOB_201,4.0,64,61,21.3,In-Progress
INT_0314,WEB_203,4.0,48,47,11.3,In-Progress
INT_0314,DS_202,3.5,65,71,12.4,In-Progress
INT_0314,SEC_302,5.0,100,91,24.8,Completed
INT_0314,AIML_302,5.0,71,63,26.1,In-Progress
INT_0314,SEC_101,4.0,98,96,14.4,Completed
INT_0314,AIML_101,3.5,65,63,14.2,In-Progress
INT_0314,AIML_202,4.0,50,55,8.9,In-Progress
INT_0314,WEB_102,3.0,73,73,21.9,In-Progress
INT_0314,AIML_102,4.5,69,67,12.8,In-Progress
INT_0314,CLD_302,3.5,78,77,25.0,In-Progress
INT_0314,CLD_301,3.5,91,90,31.0,Completed
INT_0314,DS_301,3.0,57,60,19.0,In-Progress
INT_0314,SEC_201,5.0,92,88,22.4,Completed
INT_0314,MOB_301,4.5,62,49,13.2,In-Progress
INT_0314,CLD_202,3.5,68,74,17.8,In-Progress
INT_0314,WEB_101,3.0,97,100,14.3,Completed
INT_0314,WEB_301,4.0,83,84,29.2,In-Progress
INT_0314,WEB_302,4.0,67,71,18.3,In-Progress
INT_0314,SEC_202,4.5,100,100,33.0,Completed
INT_0314,SEC_301,4.5,86,83,18.2,Completed
INT_0314,MOB_101,3.5,61,55,9.4,In-Progress
INT_0314,DS_103,4.5,73,74,12.5,In-Progress
INT_0315,WEB_102,4.0,53,58,11.7,In-Progress
INT_0315,MOB_201,5.0,100,100,27.0,Completed
INT_0315,MOB_202,5.0,94,99,27.6,Completed
INT_0315,MOB_302,4.0,100,98,21.7,Completed
INT_0315,CLD_302,3.5,80,74,19.8,In-Progress
INT_0315,WEB_302,4.5,53,55,10.6,In-Progress
INT_0315,AIML_101,3.0,70,66,14.9,In-Progress
INT_0315,DS_301,3.5,91,96,37.5,Completed
INT_0315,SEC_101,4.0,67,68,12.6,In-Progress
INT_0315,DS_101,3.0,67,68,16.4,In-Progress
INT_0315,AIML_303,3.5,51,61,10.2,In-Progress
INT_0315,MOB_101,4.0,68,71,10.3,In-Progress
INT_0315,MOB_301,4.5,62,63,17.7,In-Progress
INT_0315,AIML_301,3.5,78,78,26.4,In-Progress
INT_0316,CLD_202,3.5,47,48,15.2,In-Progress
INT_0316,WEB_101,4.0,77,76,11.5,In-Progress
INT_0316,WEB_301,4.0,100,99,38.4,Completed
INT_0316,WEB_102,4.5,84,81,21.1,In-Progress
INT_0316,MOB_201,3.5,76,68,26.7,In-Progress
INT_0316,WEB_203,5.0,86,84,16.2,Completed
INT_0316,AIML_202,3.5,71,61,14.7,In-Progress
INT_0316,MOB_101,3.5,80,89,15.7,In-Progress
INT_0316,DS_302,4.5,70,78,14.7,In-Progress
INT_0316,WEB_202,4.0,94,97,30.3,Completed
INT_0316,WEB_302,4.0,93,92,20.2,Completed
INT_0316,SEC_301,2.5,49,48,10.7,In-Progress
INT_0316,SEC_302,4.0,66,59,21.3,In-Progress
INT_0316,AIML_302,4.0,57,52,16.6,In-Progress
INT_0316,AIML_101,4.0,84,87,16.0,In-Progress
INT_0316,CLD_102,3.0,76,73,11.0,In-Progress
INT_0316,AIML_301,3.5,89,100,30.6,Completed
INT_0316,WEB_201,4.0,100,91,32.1,Completed
INT_0317,AIML_202,4.0,71,64,12.2,In-Progress
INT_0317,CLD_101,3.0,63,54,11.7,In-Progress
INT_0317,MOB_201,5.0,90,93,30.6,Completed
INT_0317,MOB_302,3.5,66,68,16.7,In-Progress
INT_0317,MOB_202,4.0,70,65,21.5,In-Progress
INT_0317,DS_302,3.0,82,78,14.3,In-Progress
INT_0317,CLD_302,3.5,67,74,21.4,In-Progress
INT_0317,WEB_302,3.5,37,40,8.0,Dropped
INT_0317,SEC_201,2.5,77,75,16.7,In-Progress
INT_0317,CLD_201,3.0,75,70,17.4,In-Progress
INT_0317,MOB_101,4.5,77,83,13.4,In-Progress
INT_0317,MOB_301,4.5,88,83,20.3,Completed
INT_0318,CLD_202,4.0,100,100,35.5,Completed
INT_0318,CLD_101,4.0,97,100,19.7,Completed
INT_0318,WEB_203,3.5,56,46,14.1,In-Progress
INT_0318,DS_302,3.5,38,40,7.1,Dropped
INT_0318,CLD_302,2.5,63,70,14.8,In-Progress
INT_0318,CLD_301,3.0,83,89,29.0,In-Progress
INT_0318,WEB_202,4.5,56,64,17.3,In-Progress
INT_0318,SEC_101,3.0,57,59,9.1,In-Progress
INT_0318,SEC_202,3.0,45,44,14.3,In-Progress
INT_0318,DS_201,3.0,79,84,16.3,In-Progress
INT_0318,SEC_301,3.0,28,40,5.3,Dropped
INT_0318,AIML_201,2.5,68,68,21.6,In-Progress
INT_0318,SEC_302,2.0,28,40,9.0,Dropped
INT_0318,DS_102,3.5,72,72,9.4,In-Progress
INT_0318,CLD_201,5.0,82,80,21.2,In-Progress
INT_0318,AIML_101,4.0,49,53,8.7,In-Progress
INT_0318,CLD_102,3.5,86,87,15.1,Completed
INT_0318,WEB_201,4.0,75,75,22.7,In-Progress
INT_0319,MOB_201,3.5,94,86,27.6,Completed
INT_0319,WEB_203,3.5,51,58,9.6,In-Progress
INT_0319,DS_202,3.0,52,62,11.0,In-Progress
INT_0319,DS_201,3.5,75,76,18.6,In-Progress
INT_0319,SEC_302,3.0,21,40,7.0,Dropped
INT_0319,DS_101,4.5,79,84,18.7,In-Progress
INT_0319,AIML_303,2.5,48,40,11.3,In-Progress
INT_0319,CLD_201,3.5,52,45,11.3,In-Progress
INT_0319,CLD_101,3.0,70,64,11.1,In-Progress
INT_0319,CLD_302,3.0,35,40,11.0,Dropped
INT_0319,CLD_301,2.5,35,40,14.4,Dropped
INT_0319,CLD_102,3.5,42,46,6.4,In-Progress
INT_0319,MOB_301,3.5,78,81,16.4,In-Progress
INT_0319,WEB_101,4.5,64,59,12.6,In-Progress
INT_0319,WEB_301,2.0,44,40,18.1,In-Progress
INT_0319,MOB_302,3.0,59,62,14.6,In-Progress
INT_0319,MOB_202,3.5,81,78,17.6,In-Progress
INT_0319,WEB_202,4.0,62,59,19.5,In-Progress
INT_0319,WEB_302,2.0,43,55,10.8,In-Progress
INT_0319,SEC_301,3.0,28,40,6.2,Dropped
INT_0319,MOB_101,4.5,100,100,19.9,Completed
INT_0319,DS_103,4.0,35,40,5.6,Dropped
INT_0320,MOB_201,3.5,64,63,19.8,In-Progress
INT_0320,DS_202,3.5,47,45,10.7,In-Progress
INT_0320,AIML_302,2.0,38,40,11.6,Dropped
INT_0320,AIML_303,3.0,23,40,4.9,Dropped
INT_0320,CLD_201,5.0,78,74,17.4,In-Progress
INT_0320,SEC_101,2.5,59,58,12.2,In-Progress
INT_0320,CLD_101,4.5,93,91,15.6,Completed
INT_0320,WEB_102,2.5,51,53,13.6,In-Progress
INT_0320,CLD_302,2.5,61,59,20.5,In-Progress
INT_0320,CLD_301,3.0,63,59,22.3,In-Progress
INT_0320,AIML_201,3.0,58,47,15.7,In-Progress
INT_0320,SEC_201,3.5,62,61,16.4,In-Progress
INT_0320,MOB_301,3.5,60,49,13.4,In-Progress
INT_0320,CLD_102,4.5,95,90,15.6,Completed
INT_0320,AIML_301,2.5,46,40,15.1,In-Progress
INT_0320,CLD_202,4.5,100,100,30.2,Completed
INT_0320,WEB_301,2.5,32,40,11.2,Dropped
INT_0320,MOB_202,3.0,68,65,18.6,In-Progress
INT_0320,MOB_302,3.5,51,46,12.1,In-Progress
INT_0320,WEB_302,2.0,43,40,9.1,In-Progress
INT_0320,SEC_301,2.0,55,49,13.6,In-Progress
INT_0320,MOB_101,3.0,56,54,10.6,In-Progress
INT_0320,DS_103,3.5,83,91,14.0,In-Progress
INT_0321,MOB_201,3.5,83,83,23.2,In-Progress
INT_0321,DS_202,5.0,82,85,21.1,In-Progress
INT_0321,DS_201,3.0,62,57,16.8,In-Progress
INT_0321,AIML_303,2.5,40,45,8.6,In-Progress
INT_0321,AIML_302,3.0,27,40,8.3,Dropped
INT_0321,CLD_201,4.0,86,85,19.7,Completed
INT_0321,DS_302,4.0,63,57,11.4,In-Progress
INT_0321,SEC_101,4.5,69,68,12.8,In-Progress
INT_0321,AIML_101,2.5,66,63,11.9,In-Progress
INT_0321,CLD_101,4.5,84,82,17.2,In-Progress
INT_0321,AIML_102,4.5,79,62,11.0,In-Progress
INT_0321,CLD_302,4.0,43,41,11.3,In-Progress
INT_0321,CLD_301,3.0,51,44,21.1,In-Progress
INT_0321,AIML_201,3.0,66,69,23.9,In-Progress
INT_0321,CLD_102,4.5,89,82,14.6,Completed
INT_0321,WEB_201,4.0,57,51,16.9,In-Progress
INT_0321,CLD_202,4.0,98,98,26.3,Completed
INT_0321,WEB_202,3.5,63,58,18.4,In-Progress
INT_0321,SEC_202,3.0,52,43,18.4,In-Progress
INT_0321,DS_102,3.0,70,72,9.3,In-Progress
INT_0321,MOB_101,3.5,44,40,7.2,In-Progress
INT_0322,CLD_202,3.5,79,80,23.1,In-Progress
INT_0322,MOB_201,4.0,64,70,18.5,In-Progress
INT_0322,AIML_102,4.0,43,49,7.7,In-Progress
INT_0322,MOB_302,4.0,81,85,18.3,In-Progress
INT_0322,MOB_202,4.5,61,55,16.7,In-Progress
INT_0322,DS_202,4.0,69,74,17.7,In-Progress
INT_0322,WEB_202,4.5,78,76,25.7,In-Progress
INT_0322,CLD_301,4.5,64,58,23.2,In-Progress
INT_0322,SEC_101,3.5,62,55,12.4,In-Progress
INT_0322,DS_201,2.5,77,68,15.8,In-Progress
INT_0322,MOB_101,3.5,85,77,17.5,Completed
INT_0322,MOB_301,5.0,90,95,21.4,Completed
INT_0322,WEB_201,4.0,63,56,21.9,In-Progress
INT_0323,WEB_101,4.0,92,89,17.8,Completed
INT_0323,WEB_301,4.0,75,73,26.1,In-Progress
INT_0323,WEB_102,3.5,100,98,27.9,Completed
INT_0323,AIML_202,4.0,62,57,11.9,In-Progress
INT_0323,WEB_203,4.5,73,83,13.8,In-Progress
INT_0323,CLD_101,4.0,64,64,9.7,In-Progress
INT_0323,WEB_202,4.0,84,71,28.0,In-Progress
INT_0323,CLD_302,3.5,52,49,13.7,In-Progress
INT_0323,WEB_302,4.5,70,70,18.0,In-Progress
INT_0323,SEC_302,2.5,73,77,18.6,In-Progress
INT_0323,CLD_301,3.5,52,41,20.0,In-Progress
INT_0323,SEC_101,4.0,99,100,18.7,Completed
INT_0323,SEC_202,1.5,59,52,21.1,In-Progress
INT_0323,SEC_201,3.0,59,58,12.6,In-Progress
INT_0323,MOB_101,4.0,77,80,15.1,In-Progress
INT_0323,WEB_201,4.5,74,75,21.3,In-Progress
INT_0324,MOB_201,3.0,100,99,31.9,Completed
INT_0324,WEB_203,5.0,54,57,12.5,In-Progress
INT_0324,DS_202,4.0,65,63,14.9,In-Progress
INT_0324,DS_201,4.5,61,56,16.0,In-Progress
INT_0324,AIML_303,2.5,68,70,15.1,In-Progress
INT_0324,SEC_101,3.5,69,74,11.6,In-Progress
INT_0324,AIML_202,3.0,94,91,17.4,Completed
INT_0324,WEB_102,5.0,75,72,21.3,In-Progress
INT_0324,SEC_201,4.0,59,52,12.1,In-Progress
INT_0324,CLD_102,3.5,74,76,12.7,In-Progress
INT_0324,MOB_301,3.5,94,92,25.7,Completed
INT_0324,AIML_301,2.5,45,52,14.4,In-Progress
INT_0324,WEB_201,4.5,67,69,20.0,In-Progress
INT_0324,MOB_302,3.0,61,66,14.9,In-Progress
INT_0324,MOB_202,3.0,100,98,29.3,Completed
INT_0324,WEB_202,4.5,68,64,20.9,In-Progress
INT_0324,WEB_302,2.5,43,40,10.0,In-Progress
INT_0324,SEC_202,5.0,70,73,20.6,In-Progress
INT_0324,SEC_301,3.5,43,41,10.3,In-Progress
INT_0324,MOB_101,5.0,100,98,17.8,Completed
INT_0325,WEB_203,3.5,65,71,14.9,In-Progress
INT_0325,DS_202,5.0,71,72,17.2,In-Progress
INT_0325,SEC_302,5.0,83,84,27.0,In-Progress
INT_0325,DS_101,3.5,75,82,15.4,In-Progress
INT_0325,CLD_201,4.0,63,64,11.8,In-Progress
INT_0325,SEC_101,4.0,100,96,16.3,Completed
INT_0325,CLD_101,4.0,79,76,16.2,In-Progress
INT_0325,WEB_102,4.0,76,69,19.3,In-Progress
INT_0325,CLD_301,4.5,52,47,18.3,In-Progress
INT_0325,SEC_201,4.5,86,93,18.3,Completed
INT_0325,AIML_301,3.0,56,54,21.9,In-Progress
INT_0325,CLD_202,3.0,67,63,24.3,In-Progress
INT_0325,WEB_101,4.0,57,58,11.0,In-Progress
INT_0325,MOB_202,3.5,73,75,17.3,In-Progress
INT_0325,WEB_302,3.0,80,76,20.8,In-Progress
INT_0325,SEC_202,4.5,69,66,23.6,In-Progress
INT_0325,SEC_301,3.5,55,50,11.5,In-Progress
INT_0325,DS_102,4.5,84,87,10.7,In-Progress
INT_0325,DS_103,3.5,69,62,12.9,In-Progress
INT_0326,CLD_202,4.0,84,86,26.5,In-Progress
INT_0326,WEB_101,3.5,37,41,5.8,Dropped
INT_0326,CLD_101,4.5,92,88,15.6,Completed
INT_0326,MOB_201,2.5,71,73,19.8,In-Progress
INT_0326,MOB_302,3.0,23,40,5.0,Dropped
INT_0326,CLD_302,4.0,97,97,26.1,Completed
INT_0326,CLD_301,4.5,83,78,27.4,In-Progress
INT_0326,AIML_201,3.0,65,62,18.2,In-Progress
INT_0326,MOB_301,3.5,69,74,15.0,In-Progress
INT_0326,CLD_201,4.5,93,96,21.4,Completed
INT_0326,AIML_101,4.0,36,40,6.4,Dropped
INT_0326,CLD_102,5.0,91,94,13.3,Completed
INT_0326,AIML_301,3.5,77,83,31.5,In-Progress
INT_0326,WEB_201,3.0,72,71,23.1,In-Progress
INT_0327,WEB_101,4.0,100,96,19.2,Completed
INT_0327,WEB_301,4.5,99,100,41.1,Completed
INT_0327,WEB_102,4.5,94,95,27.0,Completed
INT_0327,WEB_203,5.0,73,70,15.4,In-Progress
INT_0327,AIML_102,2.5,63,64,10.7,In-Progress
INT_0327,MOB_302,4.5,50,53,9.4,In-Progress
INT_0327,WEB_202,4.5,98,94,26.7,Completed
INT_0327,CLD_302,3.5,49,47,13.0,In-Progress
INT_0327,WEB_302,4.5,91,97,18.3,Completed
INT_0327,CLD_201,4.0,48,50,11.2,In-Progress
INT_0327,CLD_102,3.5,75,74,11.1,In-Progress
INT_0327,AIML_301,4.0,50,40,18.2,In-Progress
INT_0327,WEB_201,5.0,71,67,25.2,In-Progress
INT_0328,AIML_202,4.0,100,91,16.2,Completed
INT_0328,AIML_102,3.5,87,85,13.4,Completed
INT_0328,WEB_203,4.5,68,70,16.7,In-Progress
INT_0328,AIML_303,4.5,100,100,20.9,Completed
INT_0328,WEB_202,4.0,83,92,23.3,In-Progress
INT_0328,CLD_301,3.5,35,40,13.3,Dropped
INT_0328,AIML_201,4.5,95,94,28.6,Completed
INT_0328,SEC_302,3.5,73,79,20.2,In-Progress
INT_0328,DS_101,4.0,88,92,17.3,Completed
INT_0328,AIML_302,3.5,63,68,19.3,In-Progress
INT_0328,AIML_101,5.0,92,91,17.5,Completed
INT_0328,AIML_301,5.0,88,86,38.2,Completed
INT_0329,CLD_202,3.0,37,40,9.6,Dropped
INT_0329,WEB_101,3.5,78,88,14.3,In-Progress
INT_0329,WEB_301,4.0,67,71,23.6,In-Progress
INT_0329,WEB_102,4.5,96,95,21.2,Completed
INT_0329,CLD_101,3.5,51,53,8.9,In-Progress
INT_0329,WEB_203,5.0,98,84,18.9,Completed
INT_0329,AIML_102,3.5,57,60,9.3,In-Progress
INT_0329,WEB_202,5.0,100,100,26.6,Completed
INT_0329,CLD_302,4.0,49,57,14.4,In-Progress
INT_0329,WEB_302,3.5,55,52,11.3,In-Progress
INT_0329,DS_201,4.0,77,79,17.6,In-Progress
INT_0329,AIML_201,3.5,89,94,32.2,Completed
INT_0329,CLD_201,3.5,63,65,14.5,In-Progress
INT_0329,MOB_301,3.5,85,92,23.6,Completed
INT_0329,DS_103,3.0,64,67,13.3,In-Progress
INT_0329,WEB_201,4.5,86,85,25.6,Completed
INT_0330,WEB_101,4.0,66,71,10.6,In-Progress
INT_0330,WEB_102,4.5,61,62,18.6,In-Progress
INT_0330,DS_302,3.5,83,92,16.4,In-Progress
INT_0330,DS_102,4.5,75,82,9.6,In-Progress
INT_0330,DS_202,4.0,80,74,18.1,In-Progress
INT_0330,MOB_202,4.0,47,47,10.8,In-Progress
INT_0330,WEB_202,3.0,78,82,24.2,In-Progress
INT_0330,CLD_302,2.5,47,45,14.4,In-Progress
INT_0330,MOB_302,2.5,20,40,4.4,Dropped
INT_0330,DS_301,4.0,71,81,26.0,In-Progress
INT_0330,DS_201,3.5,92,96,24.5,Completed
INT_0330,SEC_202,2.0,54,63,19.5,In-Progress
INT_0330,MOB_301,3.5,62,56,15.7,In-Progress
INT_0330,DS_101,4.0,100,94,25.0,Completed
INT_0330,AIML_302,2.5,46,43,14.1,In-Progress
INT_0330,AIML_101,3.5,62,68,10.7,In-Progress
INT_0330,CLD_102,3.0,61,59,8.9,In-Progress
INT_0330,DS_103,2.5,91,94,18.0,Completed
INT_0331,WEB_203,4.5,100,99,22.9,Completed
INT_0331,DS_202,3.5,54,52,11.6,In-Progress
INT_0331,DS_201,4.0,38,40,8.0,Dropped
INT_0331,DS_101,4.0,71,69,13.7,In-Progress
INT_0331,CLD_201,3.5,40,43,7.7,In-Progress
INT_0331,SEC_101,3.5,48,48,8.4,In-Progress
INT_0331,AIML_101,4.0,70,71,15.7,In-Progress
INT_0331,AIML_202,4.0,94,95,18.1,Completed
INT_0331,WEB_102,4.0,88,94,20.6,Completed
INT_0331,AIML_102,2.5,59,55,8.1,In-Progress
INT_0331,DS_301,2.5,50,51,19.8,In-Progress
INT_0331,SEC_201,3.0,63,65,17.7,In-Progress
INT_0331,CLD_102,3.0,56,58,9.6,In-Progress
INT_0331,WEB_201,5.0,84,77,29.1,In-Progress
INT_0331,WEB_101,4.5,99,98,18.8,Completed
INT_0331,WEB_301,4.0,65,68,24.1,In-Progress
INT_0331,MOB_202,3.5,76,80,16.6,In-Progress
INT_0331,MOB_302,1.5,20,40,5.1,Dropped
INT_0331,WEB_202,4.0,79,82,20.8,In-Progress
INT_0331,WEB_302,4.5,56,54,15.0,In-Progress
INT_0331,SEC_301,3.5,25,40,5.6,Dropped
INT_0331,DS_102,2.5,57,60,8.5,In-Progress
INT_0331,MOB_101,3.0,69,63,10.2,In-Progress
INT_0331,DS_103,3.5,64,58,12.0,In-Progress
INT_0332,DS_202,4.0,94,87,20.4,Completed
INT_0332,DS_201,5.0,82,87,17.3,In-Progress
INT_0332,SEC_302,3.5,69,74,21.1,In-Progress
INT_0332,DS_101,4.0,83,85,17.3,In-Progress
INT_0332,CLD_201,3.5,52,57,9.4,In-Progress
INT_0332,DS_302,3.5,88,84,20.3,Completed
INT_0332,SEC_101,3.5,63,68,9.6,In-Progress
INT_0332,AIML_202,3.0,61,60,10.6,In-Progress
INT_0332,DS_301,3.5,77,85,23.3,In-Progress
INT_0332,SEC_201,3.5,90,83,25.4,Completed
INT_0332,CLD_102,3.0,68,55,10.4,In-Progress
INT_0332,AIML_301,4.0,65,57,21.8,In-Progress
INT_0332,CLD_202,4.0,83,75,21.3,In-Progress
INT_0332,WEB_101,4.0,48,55,9.7,In-Progress
INT_0332,WEB_301,4.0,53,49,18.6,In-Progress
INT_0332,MOB_302,4.0,64,71,13.7,In-Progress
INT_0332,MOB_202,3.5,62,63,14.9,In-Progress
INT_0332,WEB_202,3.5,78,84,23.3,In-Progress
INT_0332,SEC_202,3.0,54,56,18.5,In-Progress
INT_0332,DS_102,3.5,100,93,15.7,Completed
INT_0332,DS_103,4.5,82,82,14.0,In-Progress
INT_0333,MOB_201,4.0,86,81,24.2,Completed
INT_0333,WEB_203,3.5,37,40,7.4,Dropped
INT_0333,DS_202,2.5,76,77,15.0,In-Progress
INT_0333,SEC_302,4.0,41,40,12.3,In-Progress
INT_0333,AIML_303,3.5,39,40,9.5,Dropped
INT_0333,DS_302,3.5,60,66,10.2,In-Progress
INT_0333,SEC_101,4.0,49,45,8.9,In-Progress
INT_0333,WEB_102,3.5,77,70,19.5,In-Progress
INT_0333,AIML_102,4.5,77,71,12.1,In-Progress
INT_0333,CLD_302,2.5,26,40,7.0,Dropped
INT_0333,DS_301,3.0,52,60,19.3,In-Progress
INT_0333,AIML_201,4.0,74,76,23.5,In-Progress
INT_0333,SEC_201,3.0,67,64,17.6,In-Progress
INT_0333,MOB_301,4.5,69,68,14.3,In-Progress
INT_0333,AIML_301,2.5,45,46,15.8,In-Progress
INT_0333,WEB_201,3.5,66,58,19.6,In-Progress
INT_0333,WEB_101,3.0,54,55,10.8,In-Progress
INT_0333,MOB_202,5.0,100,98,24.8,Completed
INT_0333,MOB_302,5.0,68,76,17.3,In-Progress
INT_0333,SEC_202,3.0,52,56,13.7,In-Progress
INT_0333,MOB_101,4.0,62,55,9.2,In-Progress
INT_0334,MOB_201,4.0,33,40,11.9,Dropped
INT_0334,WEB_203,3.0,65,67,14.4,In-Progress
INT_0334,SEC_302,3.0,44,44,12.9,In-Progress
INT_0334,DS_101,3.5,44,46,10.8,In-Progress
INT_0334,AIML_302,3.0,43,44,14.4,In-Progress
INT_0334,CLD_201,2.5,49,47,8.9,In-Progress
INT_0334,AIML_303,2.5,43,40,10.0,In-Progress
INT_0334,DS_302,4.0,40,40,8.4,In-Progress
INT_0334,SEC_101,4.0,100,100,16.2,Completed
INT_0334,AIML_202,2.5,75,69,13.7,In-Progress
INT_0334,WEB_102,3.0,81,77,21.1,In-Progress
INT_0334,CLD_302,3.0,28,40,8.4,Dropped
INT_0334,CLD_301,2.5,45,51,17.8,In-Progress
INT_0334,SEC_201,4.0,78,82,20.4,In-Progress
INT_0334,CLD_102,3.0,56,65,7.2,In-Progress
INT_0334,MOB_301,4.0,68,73,16.0,In-Progress
INT_0334,AIML_301,3.0,48,40,16.5,In-Progress
INT_0334,WEB_201,4.0,45,41,14.0,In-Progress
INT_0334,CLD_202,3.0,65,63,19.9,In-Progress
INT_0334,WEB_101,4.0,63,71,10.5,In-Progress
INT_0334,MOB_202,4.5,63,70,16.7,In-Progress
INT_0334,WEB_302,3.0,49,46,12.3,In-Progress
INT_0334,SEC_202,5.0,100,100,27.6,Completed
INT_0334,SEC_301,4.0,69,68,15.5,In-Progress
INT_0335,AIML_202,3.5,100,100,17.2,Completed
INT_0335,AIML_102,3.5,97,100,14.9,Completed
INT_0335,WEB_203,3.5,87,82,21.9,Completed
INT_0335,MOB_302,2.0,23,40,4.8,Dropped
INT_0335,AIML_303,3.5,47,48,10.2,In-Progress
INT_0335,DS_201,3.5,53,54,15.1,In-Progress
INT_0335,AIML_201,5.0,87,90,30.0,Completed
INT_0335,DS_102,4.0,68,64,9.6,In-Progress
INT_0335,AIML_302,2.5,48,57,15.7,In-Progress
INT_0335,AIML_101,5.0,93,93,19.0,Completed
INT_0335,AIML_301,3.5,56,51,18.7,In-Progress
INT_0335,WEB_201,3.5,60,63,18.4,In-Progress
INT_0336,MOB_201,4.0,63,67,22.9,In-Progress
INT_0336,DS_202,3.5,54,52,10.3,In-Progress
INT_0336,SEC_302,2.5,45,40,12.2,In-Progress
INT_0336,DS_101,3.0,61,66,14.0,In-Progress
INT_0336,AIML_302,4.0,73,80,25.2,In-Progress
INT_0336,CLD_201,5.0,53,59,10.9,In-Progress
INT_0336,AIML_303,3.5,44,47,10.3,In-Progress
INT_0336,DS_302,2.5,86,94,16.3,Completed
INT_0336,SEC_101,4.5,60,63,12.1,In-Progress
INT_0336,AIML_101,4.0,100,100,20.6,Completed
INT_0336,AIML_202,4.5,90,86,14.6,Completed
INT_0336,AIML_102,4.0,75,77,14.2,In-Progress
INT_0336,DS_301,3.5,36,40,10.6,Dropped
INT_0336,AIML_201,3.5,89,80,31.9,Completed
INT_0336,SEC_201,4.5,49,46,11.9,In-Progress
INT_0336,AIML_301,3.5,57,63,23.1,In-Progress
INT_0336,WEB_201,4.0,57,59,17.3,In-Progress
INT_0336,MOB_302,3.0,41,40,10.6,In-Progress
INT_0336,WEB_302,2.5,47,50,10.4,In-Progress
INT_0336,DS_102,3.5,51,48,7.9,In-Progress
INT_0337,CLD_101,3.5,79,77,14.2,In-Progress
INT_0337,WEB_301,3.5,84,92,25.0,In-Progress
INT_0337,MOB_201,4.5,92,100,32.6,Completed
INT_0337,MOB_202,4.5,100,100,28.5,Completed
INT_0337,MOB_302,4.5,71,68,17.9,In-Progress
INT_0337,DS_202,4.0,50,59,11.5,In-Progress
INT_0337,WEB_202,4.5,61,65,17.5,In-Progress
INT_0337,CLD_301,3.5,70,66,21.4,In-Progress
INT_0337,DS_201,4.0,78,80,16.6,In-Progress
INT_0337,MOB_101,5.0,92,86,13.5,Completed
INT_0337,MOB_301,4.5,93,93,26.6,Completed
INT_0337,DS_103,3.0,49,42,7.5,In-Progress
INT_0338,DS_202,4.5,81,80,18.9,In-Progress
INT_0338,SEC_302,3.0,89,88,28.4,Completed
INT_0338,AIML_302,5.0,100,94,36.8,Completed
INT_0338,AIML_303,4.0,100,100,23.3,Completed
INT_0338,CLD_201,3.5,73,78,18.2,In-Progress
INT_0338,AIML_101,5.0,98,100,20.9,Completed
INT_0338,AIML_202,4.0,96,95,17.6,Completed
INT_0338,CLD_101,2.0,63,64,12.1,In-Progress
INT_0338,AIML_102,3.5,92,93,13.1,Completed
INT_0338,CLD_301,3.5,57,57,18.8,In-Progress
INT_0338,AIML_201,5.0,94,92,33.3,Completed
INT_0338,SEC_201,4.5,77,72,18.5,In-Progress
INT_0338,AIML_301,4.5,91,90,37.2,Completed
INT_0338,WEB_101,3.5,75,79,13.2,In-Progress
INT_0338,WEB_301,4.0,59,52,23.5,In-Progress
INT_0338,WEB_202,3.5,56,62,17.1,In-Progress
INT_0338,WEB_302,3.5,50,43,13.8,In-Progress
INT_0338,MOB_101,3.0,50,54,8.0,In-Progress
INT_0338,DS_103,2.5,67,63,11.0,In-Progress
INT_0339,CLD_202,4.5,64,64,19.0,In-Progress
INT_0339,AIML_202,3.5,82,78,16.3,In-Progress
INT_0339,MOB_301,3.0,73,78,17.4,In-Progress
INT_0339,AIML_102,3.0,90,88,14.8,Completed
INT_0339,MOB_302,2.5,30,40,6.3,Dropped
INT_0339,AIML_302,3.0,60,59,18.5,In-Progress
INT_0339,CLD_302,2.5,42,40,11.5,In-Progress
INT_0339,SEC_202,3.0,60,56,21.7,In-Progress
INT_0339,DS_301,2.5,23,40,6.9,Dropped
INT_0339,DS_201,3.0,69,79,17.0,In-Progress
INT_0339,AIML_201,3.5,82,88,20.7,In-Progress
INT_0339,SEC_302,3.0,39,40,9.8,Dropped
INT_0339,DS_101,3.0,82,81,17.0,In-Progress
INT_0339,AIML_303,3.5,75,82,15.5,In-Progress
INT_0339,AIML_101,4.0,81,84,14.8,In-Progress
INT_0339,CLD_102,4.0,67,76,11.4,In-Progress
INT_0339,AIML_301,4.0,73,70,27.3,In-Progress
INT_0339,WEB_201,3.5,52,48,15.8,In-Progress
INT_0340,MOB_201,4.0,96,90,30.4,Completed
INT_0340,DS_202,3.0,80,77,18.1,In-Progress
INT_0340,DS_201,4.0,67,58,15.2,In-Progress
INT_0340,DS_101,4.0,67,63,13.5,In-Progress
INT_0340,AIML_303,3.0,38,42,10.7,Dropped
INT_0340,AIML_302,3.0,38,40,10.3,Dropped
INT_0340,DS_302,4.0,74,73,16.7,In-Progress
INT_0340,AIML_101,3.5,50,51,11.2,In-Progress
INT_0340,CLD_101,4.5,56,55,9.2,In-Progress
INT_0340,WEB_102,4.5,58,62,12.6,In-Progress
INT_0340,CLD_302,3.5,39,40,11.7,Dropped
INT_0340,DS_301,3.0,37,40,12.0,Dropped
INT_0340,AIML_201,3.5,60,52,20.8,In-Progress
INT_0340,SEC_201,3.0,46,47,10.1,In-Progress
INT_0340,MOB_301,3.5,74,76,17.2,In-Progress
INT_0340,WEB_201,4.0,72,73,24.9,In-Progress
INT_0340,CLD_202,3.0,64,59,18.0,In-Progress
INT_0340,WEB_101,4.5,62,54,11.5,In-Progress
INT_0340,MOB_302,3.0,71,70,14.0,In-Progress
INT_0340,MOB_202,5.0,98,96,27.6,Completed
INT_0340,WEB_202,4.5,57,48,18.6,In-Progress
INT_0340,MOB_101,5.0,84,77,17.2,In-Progress
INT_0341,WEB_301,3.5,20,40,7.5,Dropped
INT_0341,WEB_102,3.5,83,86,20.5,In-Progress
INT_0341,DS_302,4.0,95,89,16.0,Completed
INT_0341,DS_102,4.0,93,88,14.4,Completed
INT_0341,DS_202,4.0,75,68,17.3,In-Progress
INT_0341,MOB_202,4.0,57,61,14.3,In-Progress
INT_0341,WEB_202,3.5,65,66,21.8,In-Progress
INT_0341,DS_301,4.0,69,65,26.0,In-Progress
INT_0341,DS_201,4.5,99,92,28.1,Completed
INT_0341,SEC_202,4.0,60,50,18.9,In-Progress
INT_0341,DS_101,4.0,82,74,16.9,In-Progress
INT_0341,DS_103,4.0,100,94,19.2,Completed
INT_0342,AIML_301,3.0,50,51,17.2,In-Progress
INT_0342,DS_302,4.0,78,82,17.8,In-Progress
INT_0342,CLD_302,2.0,42,44,10.0,In-Progress
INT_0342,SEC_101,4.5,100,95,15.1,Completed
INT_0342,SEC_202,4.0,84,71,22.8,In-Progress
INT_0342,SEC_301,3.0,67,61,13.1,In-Progress
INT_0342,AIML_201,3.5,54,52,14.7,In-Progress
INT_0342,SEC_302,2.5,50,48,16.2,In-Progress
INT_0342,DS_102,3.5,71,74,10.2,In-Progress
INT_0342,AIML_302,2.5,45,44,17.1,In-Progress
INT_0342,SEC_201,4.5,95,93,26.4,Completed
INT_0342,MOB_301,3.5,74,69,19.3,In-Progress
INT_0342,DS_103,2.5,77,72,11.5,In-Progress
INT_0343,MOB_201,3.0,65,59,22.5,In-Progress
INT_0343,DS_201,3.0,71,68,19.0,In-Progress
INT_0343,SEC_302,2.5,64,63,15.0,In-Progress
INT_0343,DS_101,2.5,72,72,13.9,In-Progress
INT_0343,AIML_303,3.0,40,40,11.1,In-Progress
INT_0343,DS_302,4.0,64,67,12.0,In-Progress
INT_0343,SEC_101,3.0,79,81,14.2,In-Progress
INT_0343,AIML_202,3.0,54,53,10.5,In-Progress
INT_0343,CLD_101,3.0,84,83,16.2,In-Progress
INT_0343,AIML_102,3.5,46,52,6.7,In-Progress
INT_0343,CLD_302,3.5,43,48,12.4,In-Progress
INT_0343,DS_301,3.0,46,47,17.8,In-Progress
INT_0343,SEC_201,4.0,100,100,27.5,Completed
INT_0343,CLD_102,4.0,66,64,11.5,In-Progress
INT_0343,AIML_301,3.0,27,40,10.0,Dropped
INT_0343,WEB_201,4.0,73,86,20.1,In-Progress
INT_0343,CLD_202,3.0,55,57,18.6,In-Progress
INT_0343,MOB_302,3.5,39,40,8.0,Dropped
INT_0343,SEC_202,4.5,99,100,34.1,Completed
INT_0343,SEC_301,4.5,100,100,18.4,Completed
INT_0343,DS_102,3.0,75,74,13.1,In-Progress
INT_0343,DS_103,4.0,55,52,10.2,In-Progress
INT_0344,MOB_201,3.0,64,67,22.3,In-Progress
INT_0344,WEB_203,5.0,100,100,21.5,Completed
INT_0344,DS_101,4.0,64,63,14.9,In-Progress
INT_0344,DS_302,3.0,44,41,8.0,In-Progress
INT_0344,AIML_101,3.0,50,50,9.0,In-Progress
INT_0344,WEB_102,5.0,79,77,23.9,In-Progress
INT_0344,CLD_302,3.0,39,44,10.2,Dropped
INT_0344,AIML_201,3.5,45,49,13.6,In-Progress
INT_0344,CLD_102,3.5,73,77,11.2,In-Progress
INT_0344,MOB_301,3.5,59,64,13.8,In-Progress
INT_0344,WEB_201,5.0,85,78,31.4,Completed
INT_0344,WEB_101,3.0,83,79,13.6,In-Progress
INT_0344,WEB_301,3.0,79,72,29.1,In-Progress
INT_0344,WEB_202,4.0,85,85,24.5,Completed
INT_0344,WEB_302,3.0,52,55,13.5,In-Progress
INT_0344,SEC_202,3.5,67,69,16.9,In-Progress
INT_0344,SEC_301,3.0,36,40,7.5,Dropped
INT_0344,DS_102,3.0,51,46,7.7,In-Progress
INT_0344,MOB_101,3.0,77,78,13.4,In-Progress
INT_0345,WEB_203,4.0,69,79,17.3,In-Progress
INT_0345,DS_202,4.0,66,56,13.8,In-Progress
INT_0345,DS_101,3.5,96,100,22.6,Completed
INT_0345,AIML_302,3.0,26,40,8.5,Dropped
INT_0345,AIML_303,3.5,48,43,10.3,In-Progress
INT_0345,DS_302,3.0,61,64,13.3,In-Progress
INT_0345,CLD_101,3.0,69,70,11.8,In-Progress
INT_0345,WEB_102,4.0,100,100,23.7,Completed
INT_0345,AIML_201,3.5,60,66,16.0,In-Progress
INT_0345,MOB_301,3.0,53,55,11.5,In-Progress
INT_0345,CLD_102,3.5,67,69,11.8,In-Progress
INT_0345,AIML_301,4.0,46,51,19.9,In-Progress
INT_0345,WEB_201,4.5,100,100,38.1,Completed
INT_0345,CLD_202,3.5,71,67,22.7,In-Progress
INT_0345,WEB_101,4.0,69,72,10.9,In-Progress
INT_0345,WEB_301,4.0,71,74,28.5,In-Progress
INT_0345,MOB_202,4.0,61,59,16.8,In-Progress
INT_0345,WEB_202,4.5,100,98,24.5,Completed
INT_0345,WEB_302,3.5,57,59,11.4,In-Progress
INT_0345,SEC_202,4.0,56,62,14.2,In-Progress
INT_0345,MOB_101,4.0,51,47,10.6,In-Progress
INT_0346,WEB_101,4.0,100,100,18.5,Completed
INT_0346,WEB_301,4.0,83,87,34.3,In-Progress
INT_0346,WEB_102,3.5,83,84,25.4,In-Progress
INT_0346,MOB_201,2.5,71,78,19.2,In-Progress
INT_0346,WEB_203,4.5,75,79,14.9,In-Progress
INT_0346,AIML_102,4.0,62,57,11.8,In-Progress
INT_0346,CLD_101,2.5,70,65,12.2,In-Progress
INT_0346,WEB_202,4.0,74,74,22.6,In-Progress
INT_0346,WEB_302,4.5,90,91,21.6,Completed
INT_0346,SEC_302,4.0,85,87,25.9,Completed
INT_0346,DS_102,4.0,57,65,9.6,In-Progress
INT_0346,WEB_201,3.0,100,96,32.3,Completed
INT_0347,WEB_301,2.5,51,48,15.2,In-Progress
INT_0347,AIML_102,4.0,76,68,13.1,In-Progress
INT_0347,DS_302,4.0,69,58,13.9,In-Progress
INT_0347,DS_202,4.5,100,98,22.6,Completed
INT_0347,DS_102,3.0,89,84,14.3,Completed
INT_0347,MOB_302,2.5,70,66,15.8,In-Progress
INT_0347,CLD_301,3.5,43,41,15.9,In-Progress
INT_0347,CLD_302,3.0,75,76,20.1,In-Progress
INT_0347,DS_301,4.0,100,100,30.0,Completed
INT_0347,DS_201,4.5,89,92,25.4,Completed
INT_0347,AIML_201,4.5,67,66,22.4,In-Progress
INT_0347,DS_101,4.5,83,85,17.7,In-Progress
INT_0347,AIML_302,3.0,62,68,19.0,In-Progress
INT_0347,MOB_301,3.5,71,70,14.3,In-Progress
INT_0347,DS_103,5.0,96,99,18.3,Completed
INT_0347,WEB_201,4.0,65,61,23.7,In-Progress
INT_0348,DS_101,4.0,75,78,18.1,In-Progress
INT_0348,AIML_303,3.5,84,83,21.6,In-Progress
INT_0348,AIML_302,3.5,72,69,21.7,In-Progress
INT_0348,CLD_201,3.5,70,72,15.4,In-Progress
INT_0348,DS_302,4.5,68,66,13.4,In-Progress
INT_0348,SEC_101,3.5,57,56,10.5,In-Progress
INT_0348,AIML_101,4.5,100,94,22.8,Completed
INT_0348,AIML_202,4.0,79,75,15.5,In-Progress
INT_0348,CLD_101,2.5,77,71,15.4,In-Progress
INT_0348,WEB_102,4.0,66,59,17.5,In-Progress
INT_0348,AIML_102,3.0,100,99,17.7,Completed
INT_0348,CLD_302,3.5,29,40,8.7,Dropped
INT_0348,CLD_301,3.5,41,40,17.0,In-Progress
INT_0348,AIML_201,4.0,100,100,27.6,Completed
INT_0348,CLD_102,3.5,47,47,7.0,In-Progress
INT_0348,AIML_301,3.0,52,46,17.9,In-Progress
INT_0348,CLD_202,3.0,60,56,21.5,In-Progress
INT_0348,WEB_101,4.0,71,75,14.4,In-Progress
INT_0348,MOB_302,2.5,36,40,7.4,Dropped
INT_0348,WEB_202,3.0,59,59,16.2,In-Progress
INT_0348,SEC_202,4.0,47,47,14.1,In-Progress
INT_0348,SEC_301,3.0,54,51,10.0,In-Progress
INT_0348,MOB_101,3.5,71,71,10.3,In-Progress
INT_0349,MOB_201,4.0,55,60,16.3,In-Progress
INT_0349,SEC_302,3.5,50,45,16.6,In-Progress
INT_0349,AIML_302,3.5,51,53,19.6,In-Progress
INT_0349,DS_302,3.0,72,73,14.5,In-Progress
INT_0349,SEC_101,3.5,93,92,13.7,Completed
INT_0349,AIML_101,3.0,71,78,12.8,In-Progress
INT_0349,AIML_202,3.5,71,70,13.7,In-Progress
INT_0349,CLD_101,2.5,69,76,13.6,In-Progress
INT_0349,WEB_102,3.5,74,68,16.7,In-Progress
INT_0349,CLD_302,3.0,35,40,11.1,Dropped
INT_0349,CLD_301,4.0,54,58,17.7,In-Progress
INT_0349,DS_301,3.0,22,40,7.8,Dropped
INT_0349,AIML_201,3.5,72,65,25.8,In-Progress
INT_0349,SEC_201,4.0,86,98,20.9,Completed
INT_0349,CLD_102,3.0,66,67,12.0,In-Progress
INT_0349,CLD_202,3.0,64,57,17.7,In-Progress
INT_0349,WEB_101,3.0,49,48,9.2,In-Progress
INT_0349,MOB_302,2.0,27,40,5.2,Dropped
INT_0349,WEB_202,2.5,72,73,18.9,In-Progress
INT_0349,WEB_302,3.0,31,40,6.6,Dropped
INT_0349,SEC_202,4.5,90,96,23.5,Completed
INT_0349,SEC_301,3.5,68,70,14.7,In-Progress
INT_0349,MOB_101,3.0,74,78,10.8,In-Progress
INT_0350,WEB_101,3.5,49,48,9.0,In-Progress
INT_0350,WEB_102,4.0,83,86,25.1,In-Progress
INT_0350,WEB_203,3.5,57,61,13.4,In-Progress
INT_0350,DS_302,5.0,81,77,17.0,In-Progress
INT_0350,DS_202,4.5,77,64,15.7,In-Progress
INT_0350,DS_102,4.5,90,93,14.2,Completed
INT_0350,CLD_302,3.5,70,67,22.3,In-Progress
INT_0350,DS_301,5.0,84,87,28.6,In-Progress
INT_0350,DS_201,4.0,93,90,25.9,Completed
INT_0350,SEC_202,4.0,71,62,18.8,In-Progress
INT_0350,SEC_301,3.0,46,45,10.2,In-Progress
INT_0350,SEC_101,4.5,70,63,12.5,In-Progress
INT_0350,AIML_201,3.5,57,51,16.6,In-Progress
INT_0350,SEC_201,4.5,67,61,15.3,In-Progress
INT_0350,DS_101,5.0,100,91,22.1,Completed
INT_0350,AIML_303,4.0,69,67,18.3,In-Progress
INT_0350,AIML_101,4.0,64,54,10.8,In-Progress
INT_0350,DS_103,4.5,100,100,19.9,Completed
INT_0351,MOB_201,2.5,83,89,24.7,In-Progress
INT_0351,DS_201,4.0,88,86,24.2,Completed
INT_0351,SEC_302,2.5,53,57,17.4,In-Progress
INT_0351,DS_101,3.5,57,60,13.6,In-Progress
INT_0351,AIML_303,3.5,53,59,13.1,In-Progress
INT_0351,AIML_302,3.5,66,64,20.9,In-Progress
INT_0351,DS_302,4.5,73,80,15.8,In-Progress
INT_0351,AIML_101,4.5,100,98,21.9,Completed
INT_0351,AIML_202,3.5,63,62,9.1,In-Progress
INT_0351,CLD_101,2.5,61,63,9.8,In-Progress
INT_0351,WEB_102,3.5,74,79,21.6,In-Progress
INT_0351,AIML_102,4.5,88,88,12.3,Completed
INT_0351,CLD_302,1.5,40,40,11.4,In-Progress
INT_0351,AIML_201,4.5,77,74,25.0,In-Progress
INT_0351,CLD_102,4.0,71,72,11.7,In-Progress
INT_0351,AIML_301,4.0,58,61,21.2,In-Progress
INT_0351,CLD_202,3.5,60,56,18.1,In-Progress
INT_0351,WEB_301,3.5,45,40,17.2,In-Progress
INT_0351,MOB_202,4.5,57,60,16.3,In-Progress
INT_0351,SEC_202,3.0,62,59,16.5,In-Progress
INT_0351,SEC_301,2.5,28,40,5.5,Dropped
INT_0352,WEB_101,4.5,99,100,17.0,Completed
INT_0352,WEB_301,5.0,90,87,34.7,Completed
INT_0352,WEB_102,4.5,100,100,22.3,Completed
INT_0352,WEB_203,3.5,97,100,18.5,Completed
INT_0352,MOB_302,2.5,48,46,11.9,In-Progress
INT_0352,MOB_202,3.5,60,63,18.0,In-Progress
INT_0352,WEB_202,4.5,95,97,31.1,Completed
INT_0352,CLD_301,4.0,61,69,20.9,In-Progress
INT_0352,WEB_302,3.5,100,88,22.9,Completed
INT_0352,DS_101,4.0,79,73,20.3,In-Progress
INT_0352,SEC_301,4.0,51,53,12.2,In-Progress
INT_0352,DS_102,5.0,80,77,14.3,In-Progress
INT_0352,AIML_301,3.0,55,52,25.0,In-Progress
INT_0352,WEB_201,5.0,75,76,23.7,In-Progress
INT_0353,CLD_202,3.5,89,91,28.3,Completed
INT_0353,CLD_101,5.0,69,62,10.6,In-Progress
INT_0353,AIML_102,2.5,82,93,12.0,In-Progress
INT_0353,DS_302,4.0,65,64,14.8,In-Progress
INT_0353,MOB_202,4.5,52,53,14.0,In-Progress
INT_0353,CLD_302,4.5,82,81,22.9,In-Progress
INT_0353,CLD_301,4.5,70,66,27.3,In-Progress
INT_0353,WEB_302,3.0,66,64,18.8,In-Progress
INT_0353,SEC_202,4.0,82,74,21.4,In-Progress
INT_0353,DS_201,4.5,58,62,14.4,In-Progress
INT_0353,SEC_301,3.5,91,83,22.5,Completed
INT_0353,SEC_302,4.0,60,67,14.5,In-Progress
INT_0353,CLD_201,5.0,80,85,19.6,In-Progress
INT_0353,MOB_101,2.5,65,70,12.2,In-Progress
INT_0353,CLD_102,5.0,88,92,15.8,Completed
INT_0354,WEB_101,4.0,73,77,13.1,In-Progress
INT_0354,AIML_102,3.5,57,58,9.9,In-Progress
INT_0354,DS_102,4.0,91,87,14.8,Completed
INT_0354,DS_202,4.0,89,86,18.0,Completed
INT_0354,DS_302,4.0,89,94,15.9,Completed
INT_0354,CLD_302,4.0,49,50,12.9,In-Progress
INT_0354,DS_301,3.5,76,75,26.8,In-Progress
INT_0354,DS_201,4.0,78,83,22.2,In-Progress
INT_0354,AIML_201,3.0,82,74,27.7,In-Progress
INT_0354,MOB_301,1.5,54,57,13.5,In-Progress
INT_0354,DS_101,4.0,86,83,21.2,Completed
INT_0354,AIML_302,3.5,40,41,11.5,In-Progress
INT_0354,AIML_101,4.5,69,75,15.2,In-Progress
INT_0354,CLD_102,4.0,59,62,10.3,In-Progress
INT_0354,DS_103,3.5,100,100,16.1,Completed
INT_0354,CLD_201,4.0,49,47,10.9,In-Progress
INT_0355,AIML_202,2.5,64,60,9.5,In-Progress
INT_0355,MOB_201,4.0,48,40,13.8,In-Progress
INT_0355,DS_102,3.5,75,73,13.2,In-Progress
INT_0355,DS_202,3.5,98,92,18.8,Completed
INT_0355,DS_302,3.5,76,75,16.1,In-Progress
INT_0355,MOB_302,3.0,27,40,6.9,Dropped
INT_0355,MOB_202,3.5,63,57,14.2,In-Progress
INT_0355,WEB_202,3.0,46,51,13.8,In-Progress
INT_0355,AIML_101,4.0,52,47,8.8,In-Progress
INT_0355,DS_301,3.5,59,55,18.3,In-Progress
INT_0355,DS_201,3.5,100,96,27.4,Completed
INT_0355,SEC_101,3.5,59,53,8.8,In-Progress
INT_0355,AIML_201,4.0,54,59,16.9,In-Progress
INT_0355,SEC_201,4.5,65,68,15.4,In-Progress
INT_0355,DS_101,4.0,87,77,19.3,Completed
INT_0355,MOB_101,4.0,71,68,14.8,In-Progress
INT_0355,DS_103,4.5,84,90,13.3,In-Progress
INT_0355,WEB_201,3.0,82,86,29.4,In-Progress
INT_0356,DS_201,4.0,60,52,14.7,In-Progress
INT_0356,SEC_302,4.0,87,82,23.4,Completed
INT_0356,DS_101,4.5,70,63,14.4,In-Progress
INT_0356,CLD_201,2.5,89,83,19.5,Completed
INT_0356,SEC_101,3.5,87,93,13.0,Completed
INT_0356,AIML_202,4.0,61,55,9.4,In-Progress
INT_0356,CLD_101,3.5,78,74,14.2,In-Progress
INT_0356,WEB_102,3.5,68,65,19.9,In-Progress
INT_0356,AIML_102,3.0,66,62,9.8,In-Progress
INT_0356,CLD_302,4.0,74,73,19.6,In-Progress
INT_0356,AIML_201,3.5,58,55,15.5,In-Progress
INT_0356,SEC_201,4.0,75,70,19.7,In-Progress
INT_0356,CLD_102,3.5,65,69,10.7,In-Progress
INT_0356,WEB_201,4.5,60,63,18.4,In-Progress
INT_0356,WEB_101,3.0,74,74,12.1,In-Progress
INT_0356,WEB_301,4.0,56,61,23.0,In-Progress
INT_0356,WEB_302,3.5,58,63,12.4,In-Progress
INT_0356,SEC_202,4.5,100,100,25.7,Completed
INT_0356,SEC_301,5.0,77,79,18.7,In-Progress
INT_0357,MOB_201,4.0,61,56,22.1,In-Progress
INT_0357,WEB_203,3.5,65,65,14.0,In-Progress
INT_0357,DS_202,3.5,69,64,17.7,In-Progress
INT_0357,DS_201,4.0,72,67,15.3,In-Progress
INT_0357,DS_101,3.5,64,65,11.6,In-Progress
INT_0357,AIML_303,3.5,72,72,14.9,In-Progress
INT_0357,CLD_201,4.5,58,51,12.2,In-Progress
INT_0357,AIML_302,3.5,76,82,21.0,In-Progress
INT_0357,DS_302,3.5,68,77,15.3,In-Progress
INT_0357,AIML_101,3.5,89,85,20.4,Completed
INT_0357,AIML_202,5.0,81,78,14.2,In-Progress
INT_0357,WEB_102,2.5,64,51,14.7,In-Progress
INT_0357,AIML_102,4.0,100,100,17.6,Completed
INT_0357,AIML_201,3.5,86,90,26.2,Completed
INT_0357,SEC_201,3.5,51,45,14.1,In-Progress
INT_0357,CLD_102,3.5,49,45,6.3,In-Progress
INT_0357,AIML_301,4.5,68,67,26.4,In-Progress
INT_0357,WEB_201,3.5,80,70,27.4,In-Progress
INT_0357,WEB_101,3.5,64,74,12.6,In-Progress
INT_0357,MOB_202,3.5,52,46,13.4,In-Progress
INT_0357,WEB_202,4.0,66,67,22.0,In-Progress
INT_0357,SEC_301,3.5,51,45,11.3,In-Progress
INT_0357,DS_102,4.0,54,50,8.7,In-Progress
INT_0357,DS_103,3.5,65,66,11.4,In-Progress
INT_0358,CLD_202,4.0,88,82,24.7,Completed
INT_0358,WEB_101,3.5,63,60,12.5,In-Progress
INT_0358,CLD_101,3.5,100,90,17.8,Completed
INT_0358,WEB_301,4.5,50,47,19.6,In-Progress
INT_0358,AIML_202,3.5,63,57,11.4,In-Progress
INT_0358,MOB_302,3.0,84,80,19.5,In-Progress
INT_0358,DS_302,4.0,44,47,7.6,In-Progress
INT_0358,CLD_302,4.5,65,72,16.9,In-Progress
INT_0358,CLD_301,4.5,60,63,18.8,In-Progress
INT_0358,WEB_302,4.0,40,43,11.0,In-Progress
INT_0358,AIML_101,3.5,50,57,10.0,In-Progress
INT_0358,DS_301,3.5,66,64,21.3,In-Progress
INT_0358,SEC_101,2.5,59,55,11.0,In-Progress
INT_0358,DS_201,3.5,66,66,18.6,In-Progress
INT_0358,SEC_301,4.5,72,71,15.6,In-Progress
INT_0358,CLD_201,5.0,91,94,19.4,Completed
INT_0358,MOB_101,4.5,65,64,13.0,In-Progress
INT_0358,CLD_102,5.0,96,97,16.0,Completed
INT_0359,MOB_201,4.0,69,61,22.9,In-Progress
INT_0359,WEB_203,3.5,61,66,15.3,In-Progress
INT_0359,DS_202,3.0,62,65,13.0,In-Progress
INT_0359,AIML_302,3.5,74,68,20.2,In-Progress
INT_0359,AIML_303,5.0,72,70,14.4,In-Progress
INT_0359,CLD_201,2.5,63,54,14.4,In-Progress
INT_0359,SEC_101,3.5,75,76,13.9,In-Progress
INT_0359,AIML_101,4.5,100,97,19.1,Completed
INT_0359,AIML_202,4.0,95,91,14.9,Completed
INT_0359,AIML_102,4.5,100,100,13.6,Completed
INT_0359,CLD_302,3.5,60,53,18.4,In-Progress
INT_0359,CLD_301,4.5,79,87,29.2,In-Progress
INT_0359,DS_301,3.5,60,59,17.7,In-Progress
INT_0359,AIML_201,4.0,80,79,21.8,In-Progress
INT_0359,CLD_102,3.0,80,81,11.8,In-Progress
INT_0359,AIML_301,5.0,90,90,30.1,Completed
INT_0359,CLD_202,3.5,64,69,16.3,In-Progress
INT_0359,WEB_101,4.0,73,75,11.4,In-Progress
INT_0359,WEB_302,3.0,74,70,17.1,In-Progress
INT_0359,MOB_101,4.0,62,64,10.0,In-Progress
INT_0360,MOB_201,4.0,71,66,23.0,In-Progress
INT_0360,DS_202,3.5,53,56,9.9,In-Progress
INT_0360,DS_201,3.5,60,61,12.3,In-Progress
INT_0360,SEC_302,3.5,63,64,15.0,In-Progress
INT_0360,CLD_201,3.5,37,40,7.7,Dropped
INT_0360,DS_302,4.0,61,57,11.7,In-Progress
INT_0360,AIML_101,3.0,58,56,9.9,In-Progress
INT_0360,AIML_202,4.0,58,60,9.4,In-Progress
INT_0360,CLD_101,3.0,62,66,9.6,In-Progress
INT_0360,WEB_102,4.5,86,88,25.5,Completed
INT_0360,AIML_102,3.5,54,53,9.8,In-Progress
INT_0360,CLD_302,3.0,59,62,14.9,In-Progress
INT_0360,CLD_301,3.5,61,66,18.6,In-Progress
INT_0360,MOB_301,4.0,76,82,15.1,In-Progress
INT_0360,AIML_301,3.5,73,68,27.1,In-Progress
INT_0360,WEB_201,4.0,60,62,21.5,In-Progress
INT_0360,CLD_202,3.5,69,63,17.6,In-Progress
INT_0360,WEB_301,4.0,75,72,27.6,In-Progress
INT_0360,MOB_302,4.5,82,83,16.0,In-Progress
INT_0360,MOB_202,4.0,100,95,27.9,Completed
INT_0360,SEC_202,4.0,67,60,24.1,In-Progress
INT_0360,DS_102,3.5,66,67,9.4,In-Progress
INT_0360,MOB_101,5.0,84,81,16.7,In-Progress
INT_0360,DS_103,3.5,77,62,13.1,In-Progress
INT_0361,CLD_101,3.0,70,58,12.8,In-Progress
INT_0361,WEB_102,4.0,64,67,15.7,In-Progress
INT_0361,MOB_201,2.5,60,61,16.4,In-Progress
INT_0361,SEC_302,3.0,71,72,20.5,In-Progress
INT_0361,SEC_101,4.5,83,78,16.3,In-Progress
INT_0361,SEC_202,5.0,79,79,26.8,In-Progress
INT_0361,DS_201,4.5,67,57,17.3,In-Progress
INT_0361,SEC_301,3.0,55,61,12.1,In-Progress
INT_0361,SEC_201,5.0,88,95,24.2,Completed
INT_0361,AIML_303,2.5,53,61,14.7,In-Progress
INT_0361,MOB_101,3.0,65,58,9.9,In-Progress
INT_0361,AIML_301,3.5,26,40,11.5,Dropped
INT_0362,MOB_201,3.0,67,67,17.6,In-Progress
INT_0362,WEB_203,5.0,88,83,19.0,Completed
INT_0362,DS_201,3.5,50,45,12.3,In-Progress
INT_0362,DS_101,2.0,36,42,8.9,Dropped
INT_0362,AIML_302,3.5,67,68,19.0,In-Progress
INT_0362,SEC_101,3.5,59,60,8.7,In-Progress
INT_0362,AIML_101,4.0,52,44,10.2,In-Progress
INT_0362,AIML_202,4.0,50,53,10.2,In-Progress
INT_0362,CLD_101,3.5,88,92,13.4,Completed
INT_0362,WEB_102,4.5,87,82,23.6,Completed
INT_0362,AIML_102,4.0,62,64,9.1,In-Progress
INT_0362,CLD_102,3.5,73,65,12.8,In-Progress
INT_0362,WEB_201,4.0,86,91,23.5,Completed
INT_0362,CLD_202,3.0,62,60,16.3,In-Progress
INT_0362,WEB_101,4.0,76,74,14.3,In-Progress
INT_0362,WEB_301,4.5,80,77,23.9,In-Progress
INT_0362,WEB_202,4.5,79,82,22.2,In-Progress
INT_0362,WEB_302,5.0,98,100,21.8,Completed
INT_0362,MOB_101,2.5,67,62,11.2,In-Progress
INT_0363,DS_202,4.5,89,83,19.2,Completed
INT_0363,AIML_303,3.0,33,40,7.8,Dropped
INT_0363,AIML_302,3.5,39,40,14.6,Dropped
INT_0363,CLD_201,4.5,96,99,20.9,Completed
INT_0363,SEC_101,3.5,84,86,16.9,In-Progress
INT_0363,AIML_101,4.0,78,77,13.2,In-Progress
INT_0363,AIML_202,3.5,53,48,9.2,In-Progress
INT_0363,CLD_101,4.5,92,87,18.3,Completed
INT_0363,CLD_302,3.0,81,83,27.3,In-Progress
INT_0363,CLD_301,4.0,65,71,21.8,In-Progress
INT_0363,DS_301,3.5,60,52,20.6,In-Progress
INT_0363,AIML_201,4.5,79,80,26.7,In-Progress
INT_0363,SEC_201,3.5,59,62,16.4,In-Progress
INT_0363,MOB_301,3.0,79,68,20.6,In-Progress
INT_0363,CLD_102,4.5,83,77,14.4,In-Progress
INT_0363,AIML_301,3.5,48,45,21.5,In-Progress
INT_0363,CLD_202,4.5,89,82,30.4,Completed
INT_0363,MOB_302,4.0,27,40,6.3,Dropped
INT_0363,WEB_202,3.0,61,56,20.0,In-Progress
INT_0364,CLD_202,5.0,100,96,35.4,Completed
INT_0364,CLD_101,4.0,100,95,18.5,Completed
INT_0364,DS_102,4.5,59,50,8.1,In-Progress
INT_0364,MOB_202,3.5,59,58,16.5,In-Progress
INT_0364,AIML_303,2.0,56,56,11.3,In-Progress
INT_0364,CLD_302,4.0,50,48,14.5,In-Progress
INT_0364,CLD_301,3.0,34,40,13.7,Dropped
INT_0364,AIML_302,3.0,31,40,9.9,Dropped
INT_0364,WEB_202,4.5,78,69,24.3,In-Progress
INT_0364,SEC_202,3.5,79,81,28.1,In-Progress
INT_0364,DS_201,3.5,76,82,18.6,In-Progress
INT_0364,SEC_201,3.5,63,56,15.7,In-Progress
INT_0364,DS_101,3.5,69,79,12.6,In-Progress
INT_0364,CLD_201,3.5,78,78,18.1,In-Progress
INT_0364,CLD_102,4.0,82,85,12.6,In-Progress
INT_0364,DS_103,2.5,58,50,10.1,In-Progress
INT_0365,CLD_202,3.5,85,87,22.4,Completed
INT_0365,AIML_202,3.0,69,68,10.9,In-Progress
INT_0365,CLD_101,4.0,84,80,12.6,In-Progress
INT_0365,MOB_302,3.5,65,64,15.3,In-Progress
INT_0365,CLD_302,4.5,82,86,25.6,In-Progress
INT_0365,CLD_301,4.0,97,100,30.3,Completed
INT_0365,WEB_302,3.0,74,76,20.9,In-Progress
INT_0365,SEC_101,4.0,74,67,13.1,In-Progress
INT_0365,DS_301,3.5,57,67,20.6,In-Progress
INT_0365,DS_201,4.0,34,40,7.5,Dropped
INT_0365,CLD_201,5.0,81,86,19.9,In-Progress
INT_0365,MOB_101,3.5,69,63,13.8,In-Progress
INT_0365,CLD_102,5.0,77,77,12.8,In-Progress
INT_0365,AIML_301,4.5,71,65,29.0,In-Progress
INT_0366,AIML_202,4.0,55,43,11.2,In-Progress
INT_0366,WEB_301,3.5,21,40,7.3,Dropped
INT_0366,MOB_201,4.0,71,79,21.0,In-Progress
INT_0366,MOB_202,4.5,82,81,24.7,In-Progress
INT_0366,MOB_302,4.0,57,53,14.1,In-Progress
INT_0366,DS_302,3.5,67,71,13.3,In-Progress
INT_0366,CLD_301,2.5,67,60,26.9,In-Progress
INT_0366,DS_201,4.0,58,60,11.6,In-Progress
INT_0366,CLD_102,4.0,71,64,10.9,In-Progress
INT_0366,SEC_301,2.0,41,40,8.7,In-Progress
INT_0366,AIML_201,4.0,82,76,21.5,In-Progress
INT_0366,MOB_101,4.0,82,81,15.0,In-Progress
INT_0366,MOB_301,4.0,100,100,24.0,Completed
INT_0366,AIML_301,3.0,28,40,9.7,Dropped
INT_0366,WEB_201,4.0,83,90,29.6,In-Progress
INT_0367,WEB_101,4.0,100,100,17.6,Completed
INT_0367,WEB_301,3.5,83,85,25.7,In-Progress
INT_0367,WEB_102,5.0,100,97,27.1,Completed
INT_0367,AIML_202,5.0,69,69,10.9,In-Progress
INT_0367,WEB_203,5.0,100,98,19.4,Completed
INT_0367,AIML_102,3.5,79,78,13.9,In-Progress
INT_0367,DS_302,3.5,64,64,14.1,In-Progress
INT_0367,WEB_202,5.0,77,81,22.3,In-Progress
INT_0367,WEB_302,3.5,100,97,22.3,Completed
INT_0367,SEC_101,3.5,88,93,15.9,Completed
INT_0367,SEC_201,4.5,55,59,15.0,In-Progress
INT_0367,DS_102,3.5,66,63,10.0,In-Progress
INT_0367,AIML_301,2.5,64,59,27.8,In-Progress
INT_0367,WEB_201,5.0,84,78,29.0,In-Progress
INT_0368,WEB_203,4.0,92,93,23.0,Completed
INT_0368,SEC_302,4.5,66,71,21.7,In-Progress
INT_0368,AIML_302,4.0,68,60,25.8,In-Progress
INT_0368,AIML_303,3.5,53,57,12.1,In-Progress
INT_0368,AIML_101,3.5,98,93,19.5,Completed
INT_0368,AIML_202,4.5,74,78,11.4,In-Progress
INT_0368,CLD_101,4.0,64,60,10.7,In-Progress
INT_0368,WEB_102,5.0,90,89,21.7,Completed
INT_0368,CLD_301,3.0,55,68,16.7,In-Progress
INT_0368,DS_301,3.5,68,72,24.8,In-Progress
INT_0368,SEC_201,3.5,69,69,16.8,In-Progress
INT_0368,AIML_301,2.5,73,67,23.3,In-Progress
INT_0368,WEB_201,4.0,100,98,38.7,Completed
INT_0368,CLD_202,5.0,67,64,20.3,In-Progress
INT_0368,WEB_101,5.0,100,97,14.6,Completed
INT_0368,WEB_301,4.5,88,80,33.7,Completed
INT_0368,MOB_302,3.5,62,70,13.9,In-Progress
INT_0368,WEB_202,5.0,62,68,20.1,In-Progress
INT_0368,WEB_302,5.0,94,81,24.0,Completed
INT_0368,DS_103,4.5,64,57,13.3,In-Progress
INT_0369,DS_202,4.5,93,95,23.0,Completed
INT_0369,DS_201,5.0,100,93,25.0,Completed
INT_0369,SEC_302,2.0,44,40,13.1,In-Progress
INT_0369,DS_101,3.5,81,75,14.8,In-Progress
INT_0369,AIML_303,3.5,35,40,7.7,Dropped
INT_0369,DS_302,4.5,82,76,18.0,In-Progress
INT_0369,AIML_102,4.5,72,64,10.7,In-Progress
INT_0369,CLD_302,3.0,45,47,10.9,In-Progress
INT_0369,DS_301,3.5,53,59,19.9,In-Progress
INT_0369,SEC_201,3.5,59,56,13.2,In-Progress
INT_0369,CLD_102,3.5,57,52,9.8,In-Progress
INT_0369,CLD_202,4.0,41,40,12.2,In-Progress
INT_0369,WEB_101,3.5,87,89,12.9,Completed
INT_0369,MOB_302,4.5,49,45,12.3,In-Progress
INT_0369,SEC_202,2.5,70,70,19.8,In-Progress
INT_0369,SEC_301,2.5,41,40,9.0,In-Progress
INT_0369,DS_102,4.0,92,89,12.0,Completed
INT_0369,MOB_101,4.0,66,74,10.8,In-Progress
INT_0369,DS_103,4.0,89,83,16.9,Completed
INT_0370,CLD_202,4.5,82,88,27.9,In-Progress
INT_0370,DS_103,3.0,87,82,16.9,Completed
INT_0370,CLD_101,3.5,55,59,11.0,In-Progress
INT_0370,DS_202,3.0,95,94,22.0,Completed
INT_0370,MOB_302,2.5,38,40,9.9,Dropped
INT_0370,WEB_202,4.0,86,83,28.7,Completed
INT_0370,SEC_302,3.5,67,69,16.4,In-Progress
INT_0370,SEC_101,4.0,83,75,15.6,In-Progress
INT_0370,SEC_202,4.5,85,85,28.5,Completed
INT_0370,DS_201,4.0,59,52,11.7,In-Progress
INT_0370,SEC_301,2.5,54,53,12.7,In-Progress
INT_0370,AIML_201,3.0,54,50,13.7,In-Progress
INT_0370,SEC_201,5.0,52,49,13.0,In-Progress
INT_0370,DS_102,3.0,80,82,11.6,In-Progress
INT_0370,AIML_301,2.5,51,47,22.7,In-Progress
INT_0371,MOB_201,3.0,65,65,23.4,In-Progress
INT_0371,WEB_203,3.5,56,57,12.3,In-Progress
INT_0371,DS_202,4.5,100,99,24.9,Completed
INT_0371,DS_201,4.0,100,100,23.1,Completed
INT_0371,DS_101,4.5,90,96,17.4,Completed
INT_0371,AIML_302,2.0,43,41,16.0,In-Progress
INT_0371,DS_302,3.5,95,96,17.4,Completed
INT_0371,AIML_101,3.5,58,62,13.3,In-Progress
INT_0371,WEB_102,3.0,71,69,19.3,In-Progress
INT_0371,CLD_302,2.0,49,40,12.3,In-Progress
INT_0371,CLD_301,3.0,35,44,13.0,Dropped
INT_0371,DS_301,3.5,63,67,18.2,In-Progress
INT_0371,CLD_102,4.5,78,87,11.2,In-Progress
INT_0371,CLD_202,3.5,70,65,19.6,In-Progress
INT_0371,WEB_301,2.5,20,40,5.8,Dropped
INT_0371,WEB_202,3.5,49,47,11.9,In-Progress
INT_0371,DS_102,3.5,100,97,15.9,Completed
INT_0371,MOB_101,3.0,78,84,15.5,In-Progress
INT_0371,DS_103,4.5,75,75,13.6,In-Progress
INT_0372,AIML_202,3.5,83,76,16.3,In-Progress
INT_0372,WEB_101,3.5,51,51,9.7,In-Progress
INT_0372,WEB_102,4.0,59,61,14.0,In-Progress
INT_0372,DS_103,4.0,74,73,12.5,In-Progress
INT_0372,AIML_102,4.0,86,92,16.4,Completed
INT_0372,WEB_203,3.0,84,84,17.6,In-Progress
INT_0372,AIML_303,3.0,81,75,19.3,In-Progress
INT_0372,SEC_101,3.0,82,81,16.8,In-Progress
INT_0372,DS_201,3.0,58,60,13.5,In-Progress
INT_0372,AIML_201,3.5,79,69,20.6,In-Progress
INT_0372,SEC_201,4.5,55,56,13.8,In-Progress
INT_0372,DS_102,2.0,100,100,15.0,Completed
INT_0372,AIML_302,3.0,85,77,29.1,Completed
INT_0372,AIML_101,4.5,76,83,16.4,In-Progress
INT_0372,AIML_301,3.5,60,65,21.8,In-Progress
INT_0373,MOB_201,3.5,72,65,25.5,In-Progress
INT_0373,SEC_302,2.5,23,40,7.0,Dropped
INT_0373,AIML_303,3.5,26,40,7.2,Dropped
INT_0373,CLD_201,4.0,95,97,17.9,Completed
INT_0373,SEC_101,3.5,73,74,11.5,In-Progress
INT_0373,AIML_101,4.0,55,56,11.7,In-Progress
INT_0373,CLD_101,3.5,86,86,16.2,Completed
INT_0373,CLD_302,3.5,55,56,18.0,In-Progress
INT_0373,CLD_301,3.5,71,71,24.5,In-Progress
INT_0373,MOB_301,4.0,64,66,16.3,In-Progress
INT_0373,AIML_301,3.5,23,40,8.9,Dropped
INT_0373,CLD_102,5.0,100,93,17.7,Completed
INT_0373,CLD_202,4.5,91,85,31.0,Completed
INT_0373,WEB_301,4.0,35,40,12.2,Dropped
INT_0373,MOB_202,3.0,47,52,11.0,In-Progress
INT_0373,MOB_302,2.5,33,40,7.4,Dropped
INT_0373,WEB_202,4.0,68,65,16.9,In-Progress
INT_0373,DS_102,4.0,61,61,8.2,In-Progress
INT_0373,MOB_101,2.5,64,65,11.7,In-Progress
INT_0373,DS_103,4.5,45,43,8.2,In-Progress
INT_0374,AIML_202,4.0,100,100,15.4,Completed
INT_0374,WEB_301,3.5,40,43,15.1,In-Progress
INT_0374,WEB_101,4.0,81,81,14.4,In-Progress
INT_0374,MOB_201,4.0,52,57,13.3,In-Progress
INT_0374,AIML_102,4.0,80,82,14.7,In-Progress
INT_0374,MOB_202,3.5,47,45,12.7,In-Progress
INT_0374,DS_202,3.5,77,71,16.5,In-Progress
INT_0374,AIML_302,4.5,71,64,26.7,In-Progress
INT_0374,CLD_302,4.5,70,72,22.8,In-Progress
INT_0374,DS_302,3.0,54,51,9.2,In-Progress
INT_0374,SEC_202,3.0,72,76,23.4,In-Progress
INT_0374,AIML_201,4.5,92,87,27.2,Completed
INT_0374,AIML_303,3.5,76,76,15.9,In-Progress
INT_0374,AIML_101,4.5,66,64,15.3,In-Progress
INT_0374,CLD_102,4.5,44,40,7.2,In-Progress
INT_0374,AIML_301,4.5,100,93,36.9,Completed
INT_0375,CLD_202,4.0,79,88,24.0,In-Progress
INT_0375,AIML_202,4.0,89,88,14.2,Completed
INT_0375,DS_103,3.5,61,57,12.0,In-Progress
INT_0375,AIML_102,4.0,84,93,12.6,In-Progress
INT_0375,DS_302,3.5,50,49,10.1,In-Progress
INT_0375,AIML_302,3.5,66,67,21.3,In-Progress
INT_0375,WEB_202,4.0,71,76,20.4,In-Progress
INT_0375,CLD_302,3.0,69,69,20.5,In-Progress
INT_0375,WEB_302,3.0,46,49,12.0,In-Progress
INT_0375,SEC_101,4.0,64,61,12.6,In-Progress
INT_0375,AIML_201,5.0,94,97,23.9,Completed
INT_0375,SEC_302,3.5,50,53,15.5,In-Progress
INT_0375,AIML_303,3.0,82,85,22.8,In-Progress
INT_0375,AIML_101,4.5,93,99,18.6,Completed
INT_0375,AIML_301,2.5,55,68,19.2,In-Progress
INT_0376,WEB_101,4.5,91,94,16.2,Completed
INT_0376,WEB_301,3.0,63,61,23.3,In-Progress
INT_0376,WEB_102,4.5,100,100,26.6,Completed
INT_0376,MOB_201,3.5,54,61,16.2,In-Progress
INT_0376,WEB_203,4.5,79,88,15.0,In-Progress
INT_0376,DS_202,3.0,72,62,18.3,In-Progress
INT_0376,WEB_202,4.5,84,76,28.0,In-Progress
INT_0376,CLD_301,3.5,23,40,8.5,Dropped
INT_0376,WEB_302,3.0,63,67,15.9,In-Progress
INT_0376,SEC_101,3.0,86,78,14.5,Completed
INT_0376,DS_201,4.0,78,77,17.8,In-Progress
INT_0376,CLD_201,3.0,71,74,17.1,In-Progress
INT_0376,AIML_101,3.0,40,40,9.1,In-Progress
INT_0376,DS_103,4.0,56,61,11.4,In-Progress
INT_0376,WEB_201,5.0,78,83,24.4,In-Progress
INT_0377,MOB_201,4.0,88,93,30.5,Completed
INT_0377,WEB_203,4.0,85,87,17.4,Completed
INT_0377,AIML_102,3.0,79,78,14.3,In-Progress
INT_0377,MOB_302,3.0,80,83,15.3,In-Progress
INT_0377,MOB_202,4.5,66,54,18.5,In-Progress
INT_0377,CLD_301,4.5,72,71,23.1,In-Progress
INT_0377,WEB_302,4.5,83,79,19.1,In-Progress
INT_0377,AIML_101,2.5,63,56,12.0,In-Progress
INT_0377,SEC_101,3.5,49,43,7.5,In-Progress
INT_0377,DS_201,3.5,81,85,22.7,In-Progress
INT_0377,SEC_301,3.5,57,50,13.9,In-Progress
INT_0377,SEC_201,4.5,62,64,15.3,In-Progress
INT_0377,MOB_101,3.5,80,77,14.7,In-Progress
INT_0377,MOB_301,4.0,90,92,22.0,Completed
INT_0377,AIML_301,3.0,66,66,23.6,In-Progress
INT_0378,MOB_201,3.5,58,56,18.5,In-Progress
INT_0378,WEB_203,4.5,87,87,16.3,Completed
INT_0378,DS_201,3.0,80,81,19.6,In-Progress
INT_0378,SEC_302,3.0,43,47,10.1,In-Progress
INT_0378,AIML_303,2.0,23,40,6.5,Dropped
INT_0378,AIML_302,4.0,27,40,9.7,Dropped
INT_0378,AIML_202,4.0,77,71,13.8,In-Progress
INT_0378,WEB_102,4.5,88,85,20.6,Completed
INT_0378,CLD_302,2.0,35,40,10.2,Dropped
INT_0378,DS_301,2.5,46,49,15.3,In-Progress
INT_0378,AIML_201,2.5,62,65,19.0,In-Progress
INT_0378,CLD_102,4.5,67,59,8.9,In-Progress
INT_0378,MOB_301,4.0,71,83,14.1,In-Progress
INT_0378,WEB_201,4.0,97,93,28.0,Completed
INT_0378,WEB_101,3.5,68,67,14.1,In-Progress
INT_0378,WEB_301,4.5,88,85,26.7,Completed
INT_0378,MOB_302,2.0,31,40,7.4,Dropped
INT_0378,WEB_202,4.5,91,87,26.4,Completed
INT_0378,WEB_302,3.5,69,66,19.1,In-Progress
INT_0378,SEC_301,3.0,29,40,7.1,Dropped
INT_0378,MOB_101,4.0,62,65,9.1,In-Progress
INT_0378,DS_103,4.5,51,54,8.1,In-Progress
INT_0379,CLD_202,3.5,65,63,21.7,In-Progress
INT_0379,DS_103,4.5,55,48,8.2,In-Progress
INT_0379,SEC_101,4.5,80,87,16.2,In-Progress
INT_0379,SEC_202,3.0,96,91,30.6,Completed
INT_0379,DS_301,3.5,80,81,25.1,In-Progress
INT_0379,SEC_301,4.0,86,82,22.1,Completed
INT_0379,SEC_302,3.5,100,100,26.8,Completed
INT_0379,DS_101,3.5,57,59,11.8,In-Progress
INT_0379,AIML_303,2.5,80,75,20.5,In-Progress
INT_0379,SEC_201,5.0,80,73,19.0,In-Progress
INT_0379,AIML_301,2.5,63,60,20.3,In-Progress
INT_0379,CLD_201,4.0,74,76,18.7,In-Progress
INT_0380,MOB_201,4.0,64,57,23.3,In-Progress
INT_0380,DS_202,4.0,69,64,12.6,In-Progress
INT_0380,DS_201,4.0,69,67,17.7,In-Progress
INT_0380,SEC_302,2.5,49,48,12.5,In-Progress
INT_0380,CLD_201,4.5,78,75,14.1,In-Progress
INT_0380,DS_302,4.0,61,72,13.9,In-Progress
INT_0380,AIML_101,4.0,79,79,14.6,In-Progress
INT_0380,AIML_202,4.0,80,77,13.1,In-Progress
INT_0380,CLD_101,3.5,92,87,19.1,Completed
INT_0380,AIML_102,4.5,91,92,17.1,Completed
INT_0380,CLD_302,3.5,71,60,20.7,In-Progress
INT_0380,CLD_301,4.0,78,82,27.3,In-Progress
INT_0380,AIML_201,3.5,55,55,16.5,In-Progress
INT_0380,SEC_201,4.0,58,59,13.6,In-Progress
INT_0380,MOB_301,3.0,48,49,12.1,In-Progress
INT_0380,CLD_102,4.0,92,93,11.9,Completed
INT_0380,AIML_301,3.0,58,66,18.4,In-Progress
INT_0380,CLD_202,4.5,89,92,29.2,Completed
INT_0380,WEB_301,3.0,45,53,13.7,In-Progress
INT_0380,WEB_302,3.5,45,40,9.9,In-Progress
INT_0380,SEC_301,3.5,51,48,9.8,In-Progress
INT_0380,DS_103,3.5,59,51,11.7,In-Progress
INT_0381,CLD_202,4.0,81,85,26.9,In-Progress
INT_0381,WEB_101,3.5,96,100,19.3,Completed
INT_0381,WEB_301,3.0,60,64,19.8,In-Progress
INT_0381,WEB_102,3.5,68,73,15.2,In-Progress
INT_0381,WEB_203,3.0,76,79,14.0,In-Progress
INT_0381,MOB_202,3.5,56,57,14.4,In-Progress
INT_0381,AIML_303,3.0,62,63,13.3,In-Progress
INT_0381,WEB_202,4.0,99,100,29.6,Completed
INT_0381,WEB_302,3.5,96,93,25.3,Completed
INT_0381,AIML_101,3.5,71,75,13.4,In-Progress
INT_0381,SEC_201,4.0,86,82,21.0,Completed
INT_0381,DS_102,3.5,62,68,8.3,In-Progress
INT_0381,CLD_201,4.0,83,84,21.5,In-Progress
INT_0381,MOB_101,4.0,59,56,8.9,In-Progress
INT_0381,AIML_301,2.5,35,40,13.8,Dropped
INT_0381,WEB_201,4.0,100,93,30.2,Completed
INT_0382,CLD_202,3.5,61,55,19.4,In-Progress
INT_0382,WEB_101,4.0,59,56,10.0,In-Progress
INT_0382,WEB_203,3.0,67,70,12.3,In-Progress
INT_0382,AIML_102,3.5,40,40,6.3,In-Progress
INT_0382,MOB_202,4.0,56,54,14.7,In-Progress
INT_0382,SEC_302,4.0,89,92,27.3,Completed
INT_0382,WEB_302,4.5,75,74,17.6,In-Progress
INT_0382,SEC_202,5.0,91,84,26.2,Completed
INT_0382,SEC_101,4.5,88,83,16.1,Completed
INT_0382,SEC_301,4.5,79,77,15.6,In-Progress
INT_0382,AIML_201,4.0,68,71,17.9,In-Progress
INT_0382,SEC_201,5.0,79,88,19.6,In-Progress
INT_0382,DS_103,4.5,57,62,10.8,In-Progress
INT_0383,WEB_203,3.0,74,75,13.5,In-Progress
INT_0383,DS_101,3.5,63,55,13.4,In-Progress
INT_0383,AIML_302,3.0,70,69,23.3,In-Progress
INT_0383,CLD_201,4.0,100,100,22.4,Completed
INT_0383,DS_302,4.0,55,50,10.9,In-Progress
INT_0383,SEC_101,4.0,65,54,10.8,In-Progress
INT_0383,AIML_202,4.0,68,72,12.3,In-Progress
INT_0383,CLD_101,5.0,100,99,14.7,Completed
INT_0383,CLD_302,4.5,100,96,30.5,Completed
INT_0383,CLD_301,5.0,77,79,27.2,In-Progress
INT_0383,DS_301,4.0,44,42,15.6,In-Progress
INT_0383,CLD_102,4.5,71,75,12.7,In-Progress
INT_0383,CLD_202,3.5,91,91,26.8,Completed
INT_0383,WEB_101,3.0,88,94,13.5,Completed
INT_0383,WEB_301,4.0,66,63,20.3,In-Progress
INT_0383,MOB_202,4.0,90,85,26.8,Completed
INT_0383,SEC_202,3.5,46,42,13.9,In-Progress
INT_0383,SEC_301,5.0,95,85,18.8,Completed
INT_0383,MOB_101,2.5,66,62,9.5,In-Progress
INT_0384,MOB_201,3.0,41,47,14.5,In-Progress
INT_0384,WEB_203,4.0,71,77,15.7,In-Progress
INT_0384,DS_201,3.0,59,61,13.7,In-Progress
INT_0384,SEC_302,4.0,53,55,16.3,In-Progress
INT_0384,AIML_303,5.0,100,100,21.9,Completed
INT_0384,AIML_302,3.5,87,95,30.7,Completed
INT_0384,DS_302,3.0,52,57,10.9,In-Progress
INT_0384,AIML_101,4.5,88,93,19.0,Completed
INT_0384,AIML_202,3.5,88,92,14.7,Completed
INT_0384,AIML_102,3.5,81,83,11.5,In-Progress
INT_0384,CLD_302,3.5,76,76,18.6,In-Progress
INT_0384,CLD_301,4.5,64,64,18.6,In-Progress
INT_0384,AIML_201,5.0,92,87,24.5,Completed
INT_0384,MOB_301,4.0,58,61,12.0,In-Progress
INT_0384,AIML_301,4.5,95,92,39.5,Completed
INT_0384,CLD_102,3.5,78,81,12.6,In-Progress
INT_0384,CLD_202,2.5,78,74,20.5,In-Progress
INT_0384,MOB_202,4.5,64,64,14.8,In-Progress
INT_0384,WEB_202,3.0,55,57,14.6,In-Progress
INT_0384,WEB_302,5.0,63,59,13.2,In-Progress
INT_0384,SEC_301,4.0,50,49,11.8,In-Progress
INT_0384,MOB_101,4.5,70,68,10.5,In-Progress
INT_0384,DS_103,3.5,66,62,13.3,In-Progress
INT_0385,CLD_202,5.0,78,80,27.9,In-Progress
INT_0385,AIML_202,3.0,81,77,13.5,In-Progress
INT_0385,AIML_102,3.0,57,54,8.7,In-Progress
INT_0385,MOB_202,4.0,67,66,16.8,In-Progress
INT_0385,SEC_302,5.0,84,78,23.4,In-Progress
INT_0385,CLD_301,3.0,63,63,21.2,In-Progress
INT_0385,SEC_101,3.5,81,74,14.8,In-Progress
INT_0385,SEC_202,5.0,71,71,20.0,In-Progress
INT_0385,DS_301,4.5,77,78,31.9,In-Progress
INT_0385,SEC_301,3.5,89,84,21.2,Completed
INT_0385,DS_201,3.5,78,77,15.9,In-Progress
INT_0385,SEC_201,3.5,85,85,22.3,Completed
INT_0385,DS_102,2.0,54,51,7.4,In-Progress
INT_0385,AIML_303,3.0,55,58,13.9,In-Progress
INT_0385,AIML_101,4.0,49,40,10.3,In-Progress
INT_0385,CLD_102,4.5,79,77,13.2,In-Progress
INT_0386,MOB_201,4.0,66,66,17.1,In-Progress
INT_0386,SEC_302,5.0,66,70,19.2,In-Progress
INT_0386,DS_101,4.5,81,86,15.3,In-Progress
INT_0386,AIML_302,4.5,70,64,22.3,In-Progress
INT_0386,SEC_101,4.0,94,95,16.5,Completed
INT_0386,AIML_101,3.0,57,49,9.4,In-Progress
INT_0386,AIML_202,4.0,67,70,10.2,In-Progress
INT_0386,WEB_102,4.0,51,49,11.5,In-Progress
INT_0386,AIML_102,4.0,66,70,9.7,In-Progress
INT_0386,CLD_301,3.5,69,65,23.2,In-Progress
INT_0386,AIML_201,4.5,50,54,14.3,In-Progress
INT_0386,SEC_201,3.5,81,86,19.9,In-Progress
INT_0386,AIML_301,3.0,70,66,27.7,In-Progress
INT_0386,CLD_202,3.0,44,45,14.5,In-Progress
INT_0386,WEB_101,4.5,46,44,7.2,In-Progress
INT_0386,WEB_301,3.5,66,62,24.5,In-Progress
INT_0386,WEB_202,3.5,53,58,13.5,In-Progress
INT_0386,WEB_302,3.5,82,83,22.2,In-Progress
INT_0386,SEC_202,3.5,100,100,33.1,Completed
INT_0386,SEC_301,5.0,93,93,22.5,Completed
INT_0386,DS_102,3.5,80,85,13.3,In-Progress
INT_0386,MOB_101,3.0,69,69,11.6,In-Progress
INT_0386,DS_103,4.0,54,52,10.6,In-Progress
INT_0387,WEB_203,4.0,78,74,14.5,In-Progress
INT_0387,DS_202,5.0,100,100,25.4,Completed
INT_0387,DS_201,4.0,100,87,22.1,Completed
INT_0387,DS_101,3.5,78,81,16.3,In-Progress
INT_0387,AIML_303,2.5,38,41,10.4,Dropped
INT_0387,AIML_302,1.5,42,40,12.6,In-Progress
INT_0387,CLD_201,2.5,54,51,11.2,In-Progress
INT_0387,DS_302,3.5,100,96,17.4,Completed
INT_0387,SEC_101,2.5,82,78,12.9,In-Progress
INT_0387,AIML_102,3.5,51,53,9.8,In-Progress
INT_0387,CLD_301,3.5,38,40,13.5,Dropped
INT_0387,DS_301,2.5,65,63,19.5,In-Progress
INT_0387,MOB_301,3.5,54,48,12.4,In-Progress
INT_0387,AIML_301,4.0,40,43,13.2,In-Progress
INT_0387,CLD_202,3.5,57,62,16.8,In-Progress
INT_0387,MOB_202,4.0,67,71,19.3,In-Progress
INT_0387,SEC_301,3.0,53,49,12.9,In-Progress
INT_0387,DS_102,5.0,100,100,14.5,Completed
INT_0387,MOB_101,4.0,71,73,11.3,In-Progress
INT_0387,DS_103,3.5,97,97,19.6,Completed
INT_0388,MOB_201,3.0,78,78,27.0,In-Progress
INT_0388,WEB_203,4.0,70,68,14.3,In-Progress
INT_0388,DS_202,4.0,74,69,14.2,In-Progress
INT_0388,SEC_302,3.0,38,41,9.4,Dropped
INT_0388,DS_101,4.0,46,42,8.3,In-Progress
INT_0388,AIML_303,2.5,22,40,5.1,Dropped
INT_0388,CLD_201,3.5,90,89,21.5,Completed
INT_0388,AIML_302,3.0,55,44,14.9,In-Progress
INT_0388,DS_302,4.5,71,79,16.3,In-Progress
INT_0388,AIML_101,3.0,59,62,10.5,In-Progress
INT_0388,CLD_101,4.5,95,100,14.3,Completed
INT_0388,CLD_302,4.0,65,72,15.4,In-Progress
INT_0388,CLD_301,3.5,39,40,14.5,Dropped
INT_0388,DS_301,2.0,36,51,14.7,Dropped
INT_0388,AIML_201,3.5,82,72,28.8,In-Progress
INT_0388,CLD_102,5.0,75,71,10.1,In-Progress
INT_0388,MOB_301,4.5,38,40,8.4,Dropped
INT_0388,CLD_202,4.0,95,93,33.9,Completed
INT_0388,WEB_101,4.0,71,73,12.0,In-Progress
INT_0388,WEB_302,4.5,35,40,7.2,Dropped
INT_0388,SEC_301,3.0,24,40,5.9,Dropped
INT_0388,DS_102,4.5,67,65,12.0,In-Progress
INT_0389,WEB_101,5.0,78,74,15.7,In-Progress
INT_0389,WEB_301,4.5,79,81,29.0,In-Progress
INT_0389,WEB_102,3.5,94,93,21.5,Completed
INT_0389,AIML_202,3.0,41,40,6.2,In-Progress
INT_0389,WEB_203,5.0,88,91,18.3,Completed
INT_0389,AIML_102,2.5,61,58,9.8,In-Progress
INT_0389,DS_302,3.5,82,89,13.3,In-Progress
INT_0389,MOB_202,3.5,69,64,20.3,In-Progress
INT_0389,WEB_202,4.5,84,79,23.9,In-Progress
INT_0389,WEB_302,5.0,100,99,27.9,Completed
INT_0389,SEC_101,3.0,67,72,12.1,In-Progress
INT_0389,DS_201,3.5,62,61,16.3,In-Progress
INT_0389,CLD_102,2.5,52,51,7.8,In-Progress
INT_0389,MOB_301,4.0,56,55,14.5,In-Progress
INT_0389,WEB_201,3.5,82,82,27.9,In-Progress
INT_0390,CLD_202,4.0,100,100,30.5,Completed
INT_0390,AIML_202,3.5,76,82,15.2,In-Progress
INT_0390,CLD_101,4.0,84,88,13.7,In-Progress
INT_0390,DS_202,3.5,60,56,13.7,In-Progress
INT_0390,AIML_303,3.5,77,76,19.9,In-Progress
INT_0390,CLD_302,4.5,79,83,18.7,In-Progress
INT_0390,CLD_301,4.0,88,92,28.1,Completed
INT_0390,AIML_302,4.0,87,90,31.6,Completed
INT_0390,WEB_302,3.0,61,59,16.5,In-Progress
INT_0390,DS_301,4.5,47,45,14.6,In-Progress
INT_0390,DS_201,4.0,83,81,20.4,In-Progress
INT_0390,SEC_201,2.0,57,50,12.8,In-Progress
INT_0390,CLD_201,4.5,60,58,12.7,In-Progress
INT_0390,AIML_101,3.0,67,63,11.7,In-Progress
INT_0390,CLD_102,5.0,85,82,12.2,Completed
INT_0391,AIML_102,3.5,62,53,9.8,In-Progress
INT_0391,DS_302,5.0,81,66,13.5,In-Progress
INT_0391,DS_202,4.0,90,84,17.9,Completed
INT_0391,DS_101,4.5,100,99,25.9,Completed
INT_0391,WEB_302,3.5,47,53,9.4,In-Progress
INT_0391,DS_301,3.5,89,94,28.7,Completed
INT_0391,DS_201,5.0,100,100,22.1,Completed
INT_0391,AIML_201,3.0,68,72,23.4,In-Progress
INT_0391,SEC_301,3.0,77,73,18.0,In-Progress
INT_0391,DS_102,5.0,95,100,14.6,Completed
INT_0391,AIML_303,3.5,79,78,17.7,In-Progress
INT_0391,DS_103,4.5,100,100,14.9,Completed
INT_0392,CLD_202,3.0,55,54,17.5,In-Progress
INT_0392,WEB_301,3.0,36,40,11.2,Dropped
INT_0392,CLD_101,5.0,61,57,10.6,In-Progress
INT_0392,MOB_201,5.0,100,90,34.6,Completed
INT_0392,MOB_302,3.0,74,72,13.8,In-Progress
INT_0392,MOB_202,3.5,61,71,14.2,In-Progress
INT_0392,WEB_302,2.0,41,46,11.4,In-Progress
INT_0392,DS_301,3.0,20,40,6.3,Dropped
INT_0392,DS_201,4.0,67,76,14.6,In-Progress
INT_0392,CLD_102,2.0,51,59,8.6,In-Progress
INT_0392,SEC_101,4.5,63,67,10.5,In-Progress
INT_0392,SEC_202,3.5,56,54,15.7,In-Progress
INT_0392,AIML_303,3.5,35,40,8.8,Dropped
INT_0392,MOB_101,3.5,81,81,12.4,In-Progress
INT_0392,MOB_301,4.0,100,93,21.6,Completed
INT_0392,AIML_301,2.5,47,41,16.5,In-Progress
INT_0393,WEB_101,4.0,87,84,17.3,Completed
INT_0393,WEB_301,4.0,69,68,21.9,In-Progress
INT_0393,WEB_102,3.5,78,72,19.8,In-Progress
INT_0393,CLD_101,4.5,59,58,10.9,In-Progress
INT_0393,WEB_203,4.0,76,77,18.9,In-Progress
INT_0393,MOB_302,2.0,22,40,4.9,Dropped
INT_0393,MOB_202,3.0,47,43,14.2,In-Progress
INT_0393,WEB_202,5.0,77,72,19.9,In-Progress
INT_0393,CLD_301,1.5,49,53,14.3,In-Progress
INT_0393,WEB_302,3.5,77,83,16.2,In-Progress
INT_0393,DS_301,3.0,35,45,13.4,Dropped
INT_0393,MOB_101,3.5,60,65,11.2,In-Progress
INT_0393,CLD_102,3.5,52,50,8.4,In-Progress
INT_0393,WEB_201,3.5,91,95,34.0,Completed
INT_0394,WEB_301,4.5,65,70,21.0,In-Progress
INT_0394,AIML_102,4.0,68,73,10.3,In-Progress
INT_0394,MOB_202,4.0,73,70,20.1,In-Progress
INT_0394,DS_302,3.5,46,40,9.6,In-Progress
INT_0394,CLD_302,4.0,64,63,19.5,In-Progress
INT_0394,CLD_301,3.5,58,59,20.4,In-Progress
INT_0394,SEC_101,5.0,82,76,14.8,In-Progress
INT_0394,SEC_202,4.5,75,71,19.8,In-Progress
INT_0394,SEC_301,3.0,89,90,21.6,Completed
INT_0394,AIML_201,3.0,68,62,21.7,In-Progress
INT_0394,SEC_302,3.5,99,99,31.3,Completed
INT_0394,DS_101,3.0,77,78,18.1,In-Progress
INT_0394,SEC_201,3.5,100,98,28.3,Completed
INT_0394,MOB_301,2.5,92,89,25.4,Completed
INT_0394,AIML_301,4.5,80,72,32.3,In-Progress
INT_0395,AIML_301,2.5,29,40,9.5,Dropped
INT_0395,WEB_101,3.0,46,51,9.0,In-Progress
INT_0395,CLD_101,2.5,81,81,15.2,In-Progress
INT_0395,WEB_102,3.5,50,45,11.5,In-Progress
INT_0395,DS_202,3.5,72,74,17.3,In-Progress
INT_0395,DS_302,4.5,100,100,21.5,Completed
INT_0395,WEB_202,2.5,61,65,20.4,In-Progress
INT_0395,CLD_301,2.0,49,49,14.2,In-Progress
INT_0395,DS_101,4.5,94,96,21.4,Completed
INT_0395,CLD_302,3.0,30,40,8.8,Dropped
INT_0395,DS_301,4.0,71,64,22.3,In-Progress
INT_0395,DS_201,3.5,85,83,21.4,Completed
INT_0395,SEC_301,3.5,52,55,13.0,In-Progress
INT_0395,DS_102,4.0,88,90,15.4,Completed
INT_0395,MOB_101,3.0,79,80,12.1,In-Progress
INT_0395,CLD_102,3.0,65,55,10.7,In-Progress
INT_0395,DS_103,4.5,98,91,18.4,Completed
INT_0396,SEC_302,4.5,78,77,21.4,In-Progress
INT_0396,AIML_302,3.0,75,73,26.6,In-Progress
INT_0396,AIML_303,3.0,89,93,18.5,Completed
INT_0396,DS_302,4.0,39,40,6.4,Dropped
INT_0396,SEC_101,3.5,77,79,15.2,In-Progress
INT_0396,AIML_101,5.0,83,83,19.2,In-Progress
INT_0396,AIML_202,4.0,91,96,17.7,Completed
INT_0396,CLD_101,3.5,85,87,13.2,Completed
INT_0396,AIML_102,4.0,100,94,18.5,Completed
INT_0396,CLD_302,4.0,59,60,17.8,In-Progress
INT_0396,CLD_301,4.5,63,60,20.3,In-Progress
INT_0396,DS_301,3.5,52,58,19.0,In-Progress
INT_0396,AIML_201,4.0,90,86,22.7,Completed
INT_0396,SEC_201,3.5,82,70,18.9,In-Progress
INT_0396,CLD_102,3.5,71,70,9.3,In-Progress
INT_0396,MOB_301,3.0,65,61,13.4,In-Progress
INT_0396,AIML_301,5.0,81,74,25.9,In-Progress
INT_0396,CLD_202,3.5,54,58,18.7,In-Progress
INT_0396,WEB_101,3.5,71,69,13.1,In-Progress
INT_0396,WEB_301,4.0,71,71,23.1,In-Progress
INT_0396,MOB_202,3.5,64,59,14.8,In-Progress
INT_0396,WEB_202,4.0,75,73,17.7,In-Progress
INT_0396,SEC_202,4.0,62,53,20.4,In-Progress
INT_0396,DS_102,4.0,47,40,7.6,In-Progress
INT_0397,WEB_203,3.5,81,79,19.1,In-Progress
INT_0397,CLD_302,3.5,52,49,16.5,In-Progress
INT_0397,CLD_301,4.0,65,57,26.5,In-Progress
INT_0397,SEC_101,3.5,100,98,16.7,Completed
INT_0397,SEC_202,5.0,87,89,27.2,Completed
INT_0397,SEC_301,5.0,100,89,25.3,Completed
INT_0397,AIML_201,3.5,82,69,26.7,In-Progress
INT_0397,SEC_302,5.0,92,94,25.3,Completed
INT_0397,AIML_302,4.0,57,60,19.9,In-Progress
INT_0397,SEC_201,4.0,82,82,18.5,In-Progress
INT_0397,CLD_102,3.5,59,52,8.7,In-Progress
INT_0397,AIML_301,4.0,53,54,19.6,In-Progress
INT_0398,DS_202,4.0,86,89,15.5,Completed
INT_0398,DS_201,5.0,100,98,26.7,Completed
INT_0398,SEC_302,2.5,39,40,11.3,Dropped
INT_0398,DS_101,4.0,90,89,22.8,Completed
INT_0398,AIML_303,2.0,39,40,10.0,Dropped
INT_0398,CLD_201,4.5,47,47,11.9,In-Progress
INT_0398,AIML_302,1.5,38,40,12.0,Dropped
INT_0398,DS_302,4.0,100,99,22.5,Completed
INT_0398,CLD_101,4.5,54,50,8.6,In-Progress
INT_0398,CLD_301,1.5,44,45,17.7,In-Progress
INT_0398,DS_301,4.0,67,69,23.7,In-Progress
INT_0398,SEC_201,3.5,76,74,18.0,In-Progress
INT_0398,WEB_201,3.0,67,69,25.1,In-Progress
INT_0398,WEB_101,3.0,77,72,13.1,In-Progress
INT_0398,MOB_302,3.0,45,51,11.1,In-Progress
INT_0398,WEB_302,3.5,29,40,6.8,Dropped
INT_0398,SEC_202,3.0,51,51,14.9,In-Progress
INT_0398,DS_102,4.5,100,100,17.9,Completed
INT_0398,MOB_101,5.0,62,64,10.3,In-Progress
INT_0398,DS_103,3.5,91,85,14.4,Completed
INT_0399,WEB_101,4.0,74,81,11.5,In-Progress
INT_0399,WEB_301,4.0,100,95,40.0,Completed
INT_0399,WEB_102,4.0,97,100,28.1,Completed
INT_0399,MOB_201,3.5,71,69,22.5,In-Progress
INT_0399,WEB_203,4.0,97,95,22.2,Completed
INT_0399,CLD_101,2.0,64,59,13.2,In-Progress
INT_0399,DS_302,4.5,79,85,18.0,In-Progress
INT_0399,MOB_202,3.5,69,64,19.0,In-Progress
INT_0399,WEB_202,4.5,100,97,30.5,Completed
INT_0399,CLD_301,2.5,75,75,26.3,In-Progress
INT_0399,WEB_302,5.0,100,100,20.9,Completed
INT_0399,SEC_202,4.5,58,57,18.7,In-Progress
INT_0399,SEC_302,2.5,79,83,25.6,In-Progress
INT_0399,MOB_101,4.5,55,50,11.3,In-Progress
INT_0399,AIML_301,4.0,60,63,24.6,In-Progress
INT_0399,WEB_201,4.0,100,100,34.9,Completed
INT_0400,WEB_301,4.0,59,52,20.3,In-Progress
INT_0400,WEB_102,4.0,82,80,21.4,In-Progress
INT_0400,DS_302,4.0,100,100,19.7,Completed
INT_0400,DS_202,4.0,82,86,15.9,In-Progress
INT_0400,DS_101,4.0,100,97,25.7,Completed
INT_0400,DS_301,5.0,100,100,41.0,Completed
INT_0400,DS_201,4.5,64,57,15.3,In-Progress
INT_0400,DS_102,5.0,98,97,14.3,Completed
INT_0400,MOB_101,4.0,73,68,11.4,In-Progress
INT_0400,MOB_301,2.5,55,56,12.7,In-Progress
INT_0400,DS_103,3.5,73,72,14.1,In-Progress
INT_0400,WEB_201,3.0,49,46,16.0,In-Progress
INT_0401,MOB_201,2.5,71,71,25.1,In-Progress
INT_0401,WEB_203,3.5,66,62,15.6,In-Progress
INT_0401,DS_202,3.5,78,76,19.9,In-Progress
INT_0401,AIML_303,2.0,20,40,5.6,Dropped
INT_0401,CLD_201,4.5,75,73,18.1,In-Progress
INT_0401,DS_302,3.5,60,69,12.2,In-Progress
INT_0401,AIML_101,4.0,55,56,10.8,In-Progress
INT_0401,CLD_101,4.5,89,88,18.2,Completed
INT_0401,WEB_102,3.5,66,62,16.8,In-Progress
INT_0401,CLD_302,3.5,48,50,15.3,In-Progress
INT_0401,CLD_301,3.0,58,66,23.2,In-Progress
INT_0401,DS_301,2.5,32,40,9.6,Dropped
INT_0401,SEC_201,3.5,72,71,20.0,In-Progress
INT_0401,MOB_301,3.0,63,60,13.6,In-Progress
INT_0401,CLD_102,3.5,92,89,14.6,Completed
INT_0401,AIML_301,3.5,31,40,10.2,Dropped
INT_0401,WEB_201,4.5,67,69,20.1,In-Progress
INT_0401,CLD_202,3.5,100,97,30.6,Completed
INT_0401,MOB_202,5.0,73,80,16.3,In-Progress
INT_0401,WEB_302,2.5,35,40,8.9,Dropped
INT_0401,SEC_301,2.5,47,42,11.4,In-Progress
INT_0402,MOB_201,4.0,54,55,17.2,In-Progress
INT_0402,WEB_203,4.0,86,85,21.0,Completed
INT_0402,AIML_303,3.5,92,91,25.2,Completed
INT_0402,AIML_302,4.5,86,81,26.7,Completed
INT_0402,AIML_101,4.5,100,97,19.5,Completed
INT_0402,AIML_202,4.0,80,82,12.2,In-Progress
INT_0402,CLD_101,3.0,81,77,15.2,In-Progress
INT_0402,WEB_102,4.0,100,100,24.2,Completed
INT_0402,AIML_102,5.0,92,94,15.9,Completed
INT_0402,CLD_301,4.5,70,77,28.4,In-Progress
INT_0402,AIML_201,4.5,79,79,23.2,In-Progress
INT_0402,CLD_102,3.5,76,75,12.8,In-Progress
INT_0402,AIML_301,3.5,78,81,32.4,In-Progress
INT_0402,CLD_202,4.0,50,53,17.4,In-Progress
INT_0402,WEB_301,3.5,84,97,33.1,In-Progress
INT_0402,MOB_202,4.0,72,74,19.1,In-Progress
INT_0402,WEB_302,4.0,69,67,17.4,In-Progress
INT_0402,SEC_202,2.5,56,52,16.2,In-Progress
INT_0402,DS_102,4.0,55,56,7.7,In-Progress
INT_0403,CLD_202,4.5,94,98,26.0,Completed
INT_0403,WEB_101,4.5,58,60,8.9,In-Progress
INT_0403,CLD_101,5.0,82,86,15.9,In-Progress
INT_0403,WEB_301,2.0,49,46,15.6,In-Progress
INT_0403,MOB_201,3.5,69,63,22.0,In-Progress
INT_0403,MOB_202,4.5,78,80,17.4,In-Progress
INT_0403,CLD_302,2.5,69,64,19.6,In-Progress
INT_0403,CLD_301,3.0,83,83,32.1,In-Progress
INT_0403,WEB_302,1.0,52,54,12.5,In-Progress
INT_0403,AIML_101,2.5,48,49,9.9,In-Progress
INT_0403,SEC_202,4.0,69,76,18.6,In-Progress
INT_0403,SEC_301,3.0,20,40,4.8,Dropped
INT_0403,SEC_302,2.5,44,49,11.1,In-Progress
INT_0403,DS_102,4.0,78,72,10.5,In-Progress
INT_0403,CLD_201,3.5,90,96,20.2,Completed
INT_0403,MOB_101,3.5,62,55,9.5,In-Progress
INT_0403,CLD_102,4.5,98,100,14.1,Completed
INT_0403,AIML_301,2.5,38,44,14.7,Dropped
INT_0404,AIML_202,5.0,79,75,14.2,In-Progress
INT_0404,MOB_101,4.0,66,66,13.1,In-Progress
INT_0404,WEB_102,3.0,52,55,11.6,In-Progress
INT_0404,AIML_102,4.5,83,80,15.7,In-Progress
INT_0404,MOB_302,3.5,75,75,18.9,In-Progress
INT_0404,MOB_202,3.5,50,51,13.2,In-Progress
INT_0404,AIML_303,4.0,83,84,20.7,In-Progress
INT_0404,DS_302,3.0,54,51,11.6,In-Progress
INT_0404,WEB_302,4.5,81,73,23.1,In-Progress
INT_0404,DS_301,3.5,63,67,19.1,In-Progress
INT_0404,AIML_201,5.0,85,87,27.5,Completed
INT_0404,AIML_302,5.0,100,100,27.5,Completed
INT_0404,AIML_101,3.5,88,86,19.5,Completed
INT_0404,MOB_301,3.5,44,40,11.4,In-Progress
INT_0404,AIML_301,4.5,95,97,31.7,Completed
INT_0404,CLD_201,4.0,64,61,14.1,In-Progress
INT_0405,MOB_201,4.5,88,91,30.4,Completed
INT_0405,WEB_203,3.0,64,64,14.8,In-Progress
INT_0405,DS_202,3.5,73,80,15.4,In-Progress
INT_0405,SEC_302,1.0,65,63,21.8,In-Progress
INT_0405,AIML_303,2.5,68,67,18.1,In-Progress
INT_0405,AIML_302,2.0,48,50,15.4,In-Progress
INT_0405,AIML_101,3.5,60,61,10.5,In-Progress
INT_0405,AIML_202,2.0,58,61,10.8,In-Progress
INT_0405,WEB_102,3.5,54,51,13.8,In-Progress
INT_0405,AIML_102,5.0,52,56,7.3,In-Progress
INT_0405,CLD_301,2.5,64,68,20.1,In-Progress
INT_0405,DS_301,3.0,53,52,21.4,In-Progress
INT_0405,MOB_301,5.0,78,85,17.1,In-Progress
INT_0405,AIML_301,3.0,38,40,16.9,Dropped
INT_0405,CLD_202,3.0,69,73,19.1,In-Progress
INT_0405,WEB_301,2.0,42,50,13.2,In-Progress
INT_0405,MOB_202,4.5,97,100,26.7,Completed
INT_0405,MOB_302,3.0,59,65,12.2,In-Progress
INT_0405,WEB_302,4.0,28,40,6.8,Dropped
INT_0405,SEC_301,3.0,54,46,12.8,In-Progress
INT_0405,DS_102,3.5,83,80,12.4,In-Progress
INT_0405,MOB_101,4.0,99,100,18.4,Completed
INT_0405,DS_103,3.5,72,64,13.8,In-Progress
INT_0406,MOB_201,4.0,60,59,21.6,In-Progress
INT_0406,WEB_203,3.5,59,60,12.9,In-Progress
INT_0406,DS_202,4.0,65,57,12.3,In-Progress
INT_0406,DS_201,2.5,50,52,10.2,In-Progress
INT_0406,SEC_302,4.5,80,80,23.6,In-Progress
INT_0406,AIML_303,3.5,65,75,17.5,In-Progress
INT_0406,AIML_302,4.0,66,73,21.0,In-Progress
INT_0406,CLD_201,3.5,78,76,14.7,In-Progress
INT_0406,SEC_101,5.0,95,97,16.4,Completed
INT_0406,AIML_202,4.5,69,67,11.6,In-Progress
INT_0406,WEB_102,3.0,50,43,11.0,In-Progress
INT_0406,AIML_102,4.5,58,54,8.4,In-Progress
INT_0406,CLD_301,4.0,56,47,23.1,In-Progress
INT_0406,AIML_201,2.5,74,73,21.1,In-Progress
INT_0406,SEC_201,3.5,71,82,15.6,In-Progress
INT_0406,AIML_301,4.5,64,71,20.2,In-Progress
INT_0406,WEB_201,4.5,69,71,24.0,In-Progress
INT_0406,CLD_202,3.5,67,68,17.1,In-Progress
INT_0406,WEB_101,3.5,56,55,11.5,In-Progress
INT_0406,WEB_301,3.0,63,53,21.2,In-Progress
INT_0406,MOB_302,3.0,70,73,17.1,In-Progress
INT_0406,MOB_202,3.5,72,75,18.7,In-Progress
INT_0406,SEC_202,4.0,100,98,27.0,Completed
INT_0406,SEC_301,4.0,71,66,16.2,In-Progress
INT_0407,MOB_201,4.5,53,57,13.9,In-Progress
INT_0407,DS_202,3.5,78,84,20.0,In-Progress
INT_0407,DS_201,2.5,53,50,12.8,In-Progress
INT_0407,SEC_302,2.5,33,40,8.3,Dropped
INT_0407,DS_101,3.5,61,55,15.4,In-Progress
INT_0407,AIML_302,3.0,65,69,17.6,In-Progress
INT_0407,AIML_303,3.5,62,64,14.9,In-Progress
INT_0407,CLD_201,4.0,71,63,14.3,In-Progress
INT_0407,SEC_101,4.0,57,56,10.8,In-Progress
INT_0407,AIML_101,3.0,97,100,20.1,Completed
INT_0407,AIML_202,3.5,100,100,14.8,Completed
INT_0407,WEB_102,2.5,56,47,15.0,In-Progress
INT_0407,AIML_102,5.0,88,92,13.9,Completed
INT_0407,AIML_201,4.0,88,88,25.2,Completed
INT_0407,CLD_102,3.5,75,76,9.8,In-Progress
INT_0407,AIML_301,2.5,42,43,15.5,In-Progress
INT_0407,WEB_201,4.0,78,88,28.2,In-Progress
INT_0407,MOB_301,2.5,56,58,12.6,In-Progress
INT_0407,WEB_101,3.0,58,59,9.6,In-Progress
INT_0407,WEB_301,3.5,57,60,19.0,In-Progress
INT_0407,MOB_302,2.5,39,40,8.4,Dropped
INT_0407,WEB_202,4.5,87,81,25.5,Completed
INT_0407,SEC_202,3.5,64,68,21.6,In-Progress
INT_0407,DS_103,4.0,67,59,10.7,In-Progress
INT_0408,WEB_203,3.5,59,53,15.1,In-Progress
INT_0408,DS_202,3.5,83,81,15.8,In-Progress
INT_0408,DS_201,4.5,100,98,26.4,Completed
INT_0408,SEC_302,2.5,23,40,7.4,Dropped
INT_0408,DS_101,3.5,78,83,15.1,In-Progress
INT_0408,AIML_302,2.5,35,40,12.9,Dropped
INT_0408,DS_302,3.5,80,88,17.6,In-Progress
INT_0408,SEC_101,4.0,78,75,13.6,In-Progress
INT_0408,AIML_202,5.0,77,77,11.1,In-Progress
INT_0408,WEB_102,4.0,60,63,15.9,In-Progress
INT_0408,CLD_301,2.5,28,40,10.3,Dropped
INT_0408,DS_301,4.5,58,63,20.9,In-Progress
INT_0408,SEC_201,4.0,76,64,17.8,In-Progress
INT_0408,CLD_102,4.0,41,40,6.8,In-Progress
INT_0408,MOB_301,3.0,76,74,21.2,In-Progress
INT_0408,WEB_201,3.5,75,70,20.8,In-Progress
INT_0408,CLD_202,3.5,69,70,24.8,In-Progress
INT_0408,WEB_301,4.0,50,61,15.2,In-Progress
INT_0408,MOB_302,1.5,36,41,6.7,Dropped
INT_0408,WEB_202,3.0,77,79,25.3,In-Progress
INT_0408,SEC_202,3.0,76,70,20.1,In-Progress
INT_0408,SEC_301,3.0,51,52,9.5,In-Progress
INT_0408,DS_102,4.5,78,80,10.8,In-Progress
INT_0408,DS_103,3.5,91,85,18.1,Completed
INT_0409,AIML_202,5.0,96,98,16.1,Completed
INT_0409,CLD_101,3.5,73,78,11.8,In-Progress
INT_0409,WEB_102,4.0,55,50,13.1,In-Progress
INT_0409,WEB_101,3.0,90,91,13.2,Completed
INT_0409,AIML_102,4.5,100,100,15.6,Completed
INT_0409,WEB_203,4.5,67,63,12.2,In-Progress
INT_0409,MOB_202,5.0,65,60,16.2,In-Progress
INT_0409,AIML_303,3.5,93,93,26.4,Completed
INT_0409,SEC_202,4.0,56,49,18.8,In-Progress
INT_0409,SEC_101,4.0,78,76,15.2,In-Progress
INT_0409,DS_201,3.5,73,68,18.5,In-Progress
INT_0409,AIML_201,3.0,88,89,26.1,Completed
INT_0409,SEC_301,2.5,65,73,14.1,In-Progress
INT_0409,SEC_302,3.5,65,63,19.4,In-Progress
INT_0409,DS_101,3.0,75,76,14.9,In-Progress
INT_0409,AIML_302,4.0,91,99,27.0,Completed
INT_0409,AIML_101,4.5,99,95,20.5,Completed
INT_0409,AIML_301,4.0,84,89,31.5,In-Progress
INT_0410,DS_202,3.0,66,62,14.2,In-Progress
INT_0410,DS_201,3.0,64,60,17.9,In-Progress
INT_0410,SEC_302,3.0,37,40,9.2,Dropped
INT_0410,DS_101,4.0,66,64,14.8,In-Progress
INT_0410,CLD_201,4.5,84,79,20.2,In-Progress
INT_0410,SEC_101,4.0,74,68,11.2,In-Progress
INT_0410,AIML_101,3.0,74,67,15.9,In-Progress
INT_0410,CLD_101,4.5,95,96,13.7,Completed
INT_0410,WEB_102,3.5,52,46,12.0,In-Progress
INT_0410,AIML_102,3.5,81,76,11.1,In-Progress
INT_0410,CLD_302,4.0,60,58,14.3,In-Progress
INT_0410,CLD_301,2.5,66,72,23.4,In-Progress
INT_0410,CLD_102,3.5,100,99,16.2,Completed
INT_0410,CLD_202,5.0,89,91,26.6,Completed
INT_0410,WEB_101,3.5,67,60,9.8,In-Progress
INT_0410,MOB_202,3.0,54,57,14.8,In-Progress
INT_0410,WEB_302,3.0,54,55,12.8,In-Progress
INT_0410,SEC_202,4.0,57,46,18.5,In-Progress
INT_0410,MOB_101,4.5,57,55,11.7,In-Progress
INT_0411,CLD_202,4.5,100,100,26.4,Completed
INT_0411,AIML_202,3.0,51,46,10.2,In-Progress
INT_0411,CLD_101,4.0,95,94,17.2,Completed
INT_0411,WEB_301,3.0,26,40,7.5,Dropped
INT_0411,MOB_201,3.5,66,75,19.0,In-Progress
INT_0411,AIML_301,3.0,37,40,13.0,Dropped
INT_0411,WEB_203,4.0,41,42,7.5,In-Progress
INT_0411,MOB_202,4.5,61,62,17.4,In-Progress
INT_0411,AIML_303,3.5,39,40,10.2,Dropped
INT_0411,CLD_302,3.0,84,87,25.2,In-Progress
INT_0411,CLD_301,3.5,79,82,23.9,In-Progress
INT_0411,DS_301,3.0,40,40,14.6,In-Progress
INT_0411,SEC_201,3.0,68,60,14.4,In-Progress
INT_0411,CLD_201,5.0,100,90,20.0,Completed
INT_0411,MOB_101,3.0,64,53,10.2,In-Progress
INT_0411,CLD_102,4.5,100,97,12.6,Completed
INT_0411,DS_103,3.5,48,50,7.0,In-Progress
INT_0411,WEB_201,4.0,63,67,18.1,In-Progress
INT_0412,SEC_302,4.5,89,89,25.1,Completed
INT_0412,DS_101,4.5,66,67,17.1,In-Progress
INT_0412,AIML_302,2.5,87,76,28.7,Completed
INT_0412,CLD_201,3.0,74,76,15.8,In-Progress
INT_0412,AIML_303,3.0,67,70,16.6,In-Progress
INT_0412,SEC_101,4.5,96,100,15.5,Completed
INT_0412,AIML_202,4.5,63,64,9.7,In-Progress
INT_0412,CLD_101,4.0,73,68,14.8,In-Progress
INT_0412,WEB_102,4.0,69,73,20.8,In-Progress
INT_0412,AIML_102,4.0,68,62,10.0,In-Progress
INT_0412,CLD_302,3.5,95,96,22.6,Completed
INT_0412,CLD_301,4.5,61,54,25.0,In-Progress
INT_0412,AIML_201,3.5,74,70,20.3,In-Progress
INT_0412,SEC_201,4.0,57,75,12.4,In-Progress
INT_0412,CLD_102,4.0,43,54,5.9,In-Progress
INT_0412,CLD_202,4.0,73,74,25.1,In-Progress
INT_0412,WEB_101,3.0,74,71,12.5,In-Progress
INT_0412,WEB_301,3.5,49,53,15.7,In-Progress
INT_0412,MOB_302,2.5,75,76,16.8,In-Progress
INT_0412,WEB_202,3.5,85,94,27.1,Completed
INT_0412,WEB_302,3.5,71,74,19.3,In-Progress
INT_0412,SEC_202,4.0,69,62,23.9,In-Progress
INT_0412,SEC_301,5.0,82,75,19.7,In-Progress
INT_0412,MOB_101,4.0,75,77,12.2,In-Progress
INT_0413,MOB_201,3.5,64,55,16.6,In-Progress
INT_0413,DS_202,2.5,50,50,10.5,In-Progress
INT_0413,DS_201,3.5,65,57,16.3,In-Progress
INT_0413,SEC_302,3.5,66,71,20.3,In-Progress
INT_0413,AIML_303,4.5,94,98,19.0,Completed
INT_0413,AIML_302,5.0,92,87,30.5,Completed
INT_0413,CLD_201,3.5,50,43,11.6,In-Progress
INT_0413,AIML_101,4.5,100,100,20.2,Completed
INT_0413,AIML_202,5.0,78,70,12.8,In-Progress
INT_0413,CLD_101,4.5,76,79,13.9,In-Progress
INT_0413,AIML_102,4.0,89,93,15.7,Completed
INT_0413,AIML_201,5.0,86,82,23.4,Completed
INT_0413,CLD_102,4.0,79,87,12.4,In-Progress
INT_0413,MOB_301,4.0,70,71,19.0,In-Progress
INT_0413,AIML_301,3.5,85,88,28.0,Completed
INT_0413,CLD_202,2.0,51,55,16.1,In-Progress
INT_0413,WEB_101,5.0,71,67,13.9,In-Progress
INT_0413,WEB_301,4.0,64,69,23.3,In-Progress
INT_0413,WEB_202,3.0,59,55,19.5,In-Progress
INT_0413,SEC_202,4.0,53,46,14.7,In-Progress
INT_0413,SEC_301,3.5,68,63,16.3,In-Progress
INT_0413,MOB_101,4.0,77,74,12.8,In-Progress
INT_0413,DS_103,3.5,68,65,11.9,In-Progress
INT_0414,WEB_203,3.5,62,60,11.7,In-Progress
INT_0414,DS_202,4.5,64,65,13.5,In-Progress
INT_0414,DS_201,2.0,67,70,15.4,In-Progress
INT_0414,SEC_302,3.5,86,85,25.4,Completed
INT_0414,DS_101,3.5,60,55,11.6,In-Progress
INT_0414,AIML_303,4.5,48,49,10.6,In-Progress
INT_0414,CLD_201,4.5,73,72,15.8,In-Progress
INT_0414,SEC_101,5.0,82,84,12.6,In-Progress
INT_0414,AIML_101,3.0,85,79,15.8,Completed
INT_0414,AIML_202,4.0,62,66,11.3,In-Progress
INT_0414,CLD_101,3.5,59,63,10.7,In-Progress
INT_0414,CLD_301,4.0,51,48,19.0,In-Progress
INT_0414,DS_301,3.5,49,48,14.9,In-Progress
INT_0414,AIML_201,3.5,68,60,19.1,In-Progress
INT_0414,SEC_201,3.0,90,81,25.6,Completed
INT_0414,MOB_301,3.5,85,84,22.1,Completed
INT_0414,AIML_301,2.5,64,74,24.3,In-Progress
INT_0414,WEB_201,3.5,54,51,20.5,In-Progress
INT_0414,CLD_202,3.5,50,54,15.3,In-Progress
INT_0414,MOB_202,4.0,58,54,14.9,In-Progress
INT_0414,SEC_202,3.5,74,73,26.8,In-Progress
INT_0414,SEC_301,4.0,75,81,14.4,In-Progress
INT_0414,DS_103,4.0,69,74,12.4,In-Progress
INT_0415,WEB_203,3.5,71,78,13.0,In-Progress
INT_0415,DS_201,3.0,61,63,15.2,In-Progress
INT_0415,SEC_302,4.0,44,43,12.5,In-Progress
INT_0415,DS_101,4.5,72,73,17.2,In-Progress
INT_0415,CLD_201,4.0,72,73,16.1,In-Progress
INT_0415,AIML_101,1.5,69,64,12.1,In-Progress
INT_0415,AIML_202,3.5,62,60,10.0,In-Progress
INT_0415,CLD_101,4.0,81,84,13.4,In-Progress
INT_0415,CLD_302,4.5,100,97,29.9,Completed
INT_0415,CLD_301,5.0,77,81,32.0,In-Progress
INT_0415,DS_301,2.5,70,69,23.0,In-Progress
INT_0415,CLD_102,3.0,100,100,15.2,Completed
INT_0415,AIML_301,4.0,61,58,25.0,In-Progress
INT_0415,WEB_201,3.5,75,67,24.0,In-Progress
INT_0415,CLD_202,4.5,100,93,36.2,Completed
INT_0415,WEB_101,3.5,71,67,11.3,In-Progress
INT_0415,WEB_301,3.5,59,54,22.1,In-Progress
INT_0415,MOB_302,4.0,64,61,13.2,In-Progress
INT_0415,WEB_202,3.0,72,71,19.8,In-Progress
INT_0415,SEC_301,3.5,62,61,12.4,In-Progress
INT_0415,MOB_101,4.0,53,54,7.9,In-Progress
INT_0416,WEB_301,2.5,54,47,16.0,In-Progress
INT_0416,MOB_201,3.5,66,54,22.3,In-Progress
INT_0416,WEB_203,4.5,65,67,15.6,In-Progress
INT_0416,AIML_102,3.5,75,77,13.5,In-Progress
INT_0416,MOB_202,4.0,48,43,12.8,In-Progress
INT_0416,MOB_302,3.5,27,40,7.0,Dropped
INT_0416,SEC_302,3.5,75,77,19.5,In-Progress
INT_0416,SEC_202,4.0,85,79,26.5,Completed
INT_0416,SEC_101,4.5,79,79,13.7,In-Progress
INT_0416,SEC_301,3.5,75,70,19.1,In-Progress
INT_0416,SEC_201,4.0,75,69,17.5,In-Progress
INT_0416,MOB_101,3.0,72,71,12.6,In-Progress
INT_0416,CLD_102,2.5,58,50,10.4,In-Progress
INT_0416,AIML_301,2.5,52,45,17.4,In-Progress
INT_0417,CLD_202,3.5,80,79,21.9,In-Progress
INT_0417,AIML_301,3.0,55,50,22.4,In-Progress
INT_0417,WEB_301,3.0,41,40,15.3,In-Progress
INT_0417,WEB_101,4.5,68,68,13.7,In-Progress
INT_0417,MOB_201,3.0,75,77,23.8,In-Progress
INT_0417,AIML_102,3.5,62,69,8.8,In-Progress
INT_0417,DS_202,3.5,84,87,15.7,In-Progress
INT_0417,DS_302,5.0,100,100,21.2,Completed
INT_0417,DS_102,3.0,91,90,15.8,Completed
INT_0417,WEB_202,4.0,72,74,24.3,In-Progress
INT_0417,DS_301,3.0,65,69,24.9,In-Progress
INT_0417,DS_201,4.0,66,67,15.9,In-Progress
INT_0417,SEC_202,3.5,65,68,22.0,In-Progress
INT_0417,DS_101,3.5,70,72,14.9,In-Progress
INT_0417,AIML_303,3.0,25,40,5.0,Dropped
INT_0417,DS_103,5.0,85,91,15.7,Completed
INT_0417,WEB_201,3.0,59,56,17.6,In-Progress
INT_0418,MOB_201,5.0,92,86,30.7,Completed
INT_0418,WEB_203,4.0,54,51,12.9,In-Progress
INT_0418,DS_202,3.0,50,54,9.5,In-Progress
INT_0418,DS_201,3.5,46,42,11.3,In-Progress
INT_0418,SEC_302,3.5,39,40,9.8,Dropped
INT_0418,AIML_302,2.5,25,40,8.0,Dropped
INT_0418,AIML_303,3.5,35,40,8.5,Dropped
INT_0418,AIML_101,3.0,80,74,16.6,In-Progress
INT_0418,AIML_102,4.5,55,50,7.7,In-Progress
INT_0418,CLD_302,4.0,24,40,8.1,Dropped
INT_0418,CLD_301,3.0,39,40,13.8,Dropped
INT_0418,AIML_201,3.0,74,72,26.8,In-Progress
INT_0418,SEC_201,3.5,62,66,17.1,In-Progress
INT_0418,CLD_102,3.0,73,74,11.7,In-Progress
INT_0418,MOB_301,4.0,73,67,20.1,In-Progress
INT_0418,WEB_201,3.0,49,50,14.6,In-Progress
INT_0418,WEB_301,2.5,38,40,12.8,Dropped
INT_0418,MOB_202,4.0,87,85,26.8,Completed
INT_0418,MOB_302,3.0,61,65,12.4,In-Progress
INT_0418,WEB_202,4.5,77,79,20.2,In-Progress
INT_0418,WEB_302,3.0,30,40,7.3,Dropped
INT_0418,MOB_101,3.5,94,98,16.7,Completed
INT_0418,DS_103,3.5,56,58,8.4,In-Progress
INT_0419,MOB_201,4.0,76,81,22.8,In-Progress
INT_0419,WEB_203,3.5,62,62,11.3,In-Progress
INT_0419,DS_202,3.5,58,51,13.2,In-Progress
INT_0419,AIML_302,3.5,54,54,18.7,In-Progress
INT_0419,AIML_303,3.0,76,71,20.1,In-Progress
INT_0419,SEC_101,4.0,63,67,10.1,In-Progress
INT_0419,AIML_202,2.5,57,61,8.5,In-Progress
INT_0419,WEB_102,4.5,71,72,15.8,In-Progress
INT_0419,CLD_302,4.5,57,51,14.3,In-Progress
INT_0419,SEC_201,4.0,73,73,18.9,In-Progress
INT_0419,CLD_102,3.5,71,71,10.2,In-Progress
INT_0419,AIML_301,3.5,73,74,33.2,In-Progress
INT_0419,MOB_301,3.5,82,82,20.6,In-Progress
INT_0419,WEB_201,3.0,36,40,10.4,Dropped
INT_0419,WEB_101,3.0,63,58,12.2,In-Progress
INT_0419,MOB_302,4.5,81,79,18.0,In-Progress
INT_0419,MOB_202,5.0,78,70,22.8,In-Progress
INT_0419,WEB_202,3.5,60,52,17.6,In-Progress
INT_0419,WEB_302,3.0,74,70,20.9,In-Progress
INT_0419,SEC_202,4.0,65,64,17.0,In-Progress
INT_0419,SEC_301,4.5,50,55,11.4,In-Progress
INT_0419,MOB_101,5.0,95,93,18.6,Completed
INT_0419,DS_103,4.0,60,60,9.7,In-Progress
INT_0420,MOB_201,3.5,45,50,14.7,In-Progress
INT_0420,WEB_203,5.0,90,83,21.4,Completed
INT_0420,DS_202,4.0,52,47,11.0,In-Progress
INT_0420,DS_201,4.5,67,71,16.6,In-Progress
INT_0420,SEC_302,3.0,70,69,20.0,In-Progress
INT_0420,AIML_302,4.0,60,61,22.7,In-Progress
INT_0420,CLD_201,4.5,98,95,20.6,Completed
INT_0420,DS_302,2.5,77,78,13.1,In-Progress
INT_0420,SEC_101,3.5,53,44,8.0,In-Progress
INT_0420,AIML_202,5.0,80,75,12.0,In-Progress
INT_0420,WEB_102,4.5,97,100,22.5,Completed
INT_0420,AIML_102,4.0,54,63,8.0,In-Progress
INT_0420,CLD_302,4.5,80,83,26.1,In-Progress
INT_0420,SEC_201,4.0,84,83,18.3,In-Progress
INT_0420,AIML_301,5.0,66,71,26.3,In-Progress
INT_0420,WEB_201,4.0,91,94,27.7,Completed
INT_0420,WEB_101,4.5,97,100,15.6,Completed
INT_0420,WEB_301,4.5,96,93,36.5,Completed
INT_0420,MOB_202,3.0,73,71,16.9,In-Progress
INT_0420,WEB_202,4.0,84,82,28.4,In-Progress
INT_0420,WEB_302,4.0,88,87,19.5,Completed
INT_0420,SEC_202,4.5,73,79,22.6,In-Progress
INT_0421,MOB_201,5.0,100,97,29.1,Completed
INT_0421,WEB_203,3.0,52,44,11.9,In-Progress
INT_0421,DS_202,3.5,67,71,14.5,In-Progress
INT_0421,SEC_302,4.0,74,80,22.9,In-Progress
INT_0421,AIML_101,2.5,56,49,9.5,In-Progress
INT_0421,CLD_101,3.5,49,47,9.5,In-Progress
INT_0421,WEB_102,4.0,78,85,23.2,In-Progress
INT_0421,AIML_102,4.0,68,64,10.5,In-Progress
INT_0421,CLD_302,3.0,68,65,16.9,In-Progress
INT_0421,DS_301,3.5,68,69,27.3,In-Progress
INT_0421,AIML_201,4.5,68,67,17.9,In-Progress
INT_0421,SEC_201,4.0,78,86,21.2,In-Progress
INT_0421,MOB_301,4.5,87,88,18.7,Completed
INT_0421,WEB_201,4.0,53,61,17.4,In-Progress
INT_0421,MOB_202,4.5,78,78,22.7,In-Progress
INT_0421,MOB_302,4.0,100,94,24.5,Completed
INT_0421,WEB_202,3.0,72,79,18.6,In-Progress
INT_0421,WEB_302,3.5,53,49,13.3,In-Progress
INT_0421,SEC_202,2.5,79,85,22.2,In-Progress
INT_0421,SEC_301,3.5,75,72,18.6,In-Progress
INT_0421,DS_102,3.5,78,70,12.9,In-Progress
INT_0421,MOB_101,4.5,100,91,19.8,Completed
INT_0422,WEB_101,3.5,95,96,19.5,Completed
INT_0422,WEB_301,4.5,67,61,19.8,In-Progress
INT_0422,WEB_102,4.5,91,96,24.6,Completed
INT_0422,CLD_101,4.5,69,70,12.0,In-Progress
INT_0422,WEB_203,4.0,90,94,23.0,Completed
INT_0422,AIML_303,4.0,63,64,14.4,In-Progress
INT_0422,WEB_202,5.0,100,97,29.4,Completed
INT_0422,WEB_302,5.0,75,72,20.2,In-Progress
INT_0422,SEC_101,2.5,66,65,11.0,In-Progress
INT_0422,DS_301,4.0,55,62,21.9,In-Progress
INT_0422,AIML_302,3.5,74,68,25.4,In-Progress
INT_0422,AIML_101,3.5,78,78,18.0,In-Progress
INT_0422,WEB_201,4.0,100,96,30.9,Completed
INT_0423,DS_202,4.5,75,66,15.6,In-Progress
INT_0423,DS_201,3.5,86,81,23.1,Completed
INT_0423,SEC_302,4.0,20,40,5.4,Dropped
INT_0423,DS_101,4.5,94,97,22.6,Completed
INT_0423,CLD_201,3.0,68,71,14.5,In-Progress
INT_0423,DS_302,4.0,79,81,15.9,In-Progress
INT_0423,SEC_101,3.5,52,50,9.7,In-Progress
INT_0423,AIML_101,2.5,62,66,13.8,In-Progress
INT_0423,DS_301,4.0,65,65,21.3,In-Progress
INT_0423,CLD_102,5.0,51,49,8.7,In-Progress
INT_0423,MOB_301,3.0,52,57,14.5,In-Progress
INT_0423,CLD_202,4.5,67,74,23.8,In-Progress
INT_0423,WEB_301,3.5,43,43,15.0,In-Progress
INT_0423,MOB_202,3.0,28,40,8.3,Dropped
INT_0423,MOB_302,2.5,20,40,4.7,Dropped
INT_0423,SEC_202,3.0,63,62,19.6,In-Progress
INT_0423,DS_102,3.5,74,83,12.6,In-Progress
INT_0423,MOB_101,4.5,63,65,10.8,In-Progress
INT_0423,DS_103,4.5,90,91,17.9,Completed
INT_0424,CLD_202,4.0,62,58,15.7,In-Progress
INT_0424,AIML_202,4.0,51,52,9.5,In-Progress
INT_0424,CLD_101,4.0,68,64,11.8,In-Progress
INT_0424,MOB_201,3.5,100,91,31.5,Completed
INT_0424,MOB_302,4.5,61,55,12.8,In-Progress
INT_0424,MOB_202,4.5,100,100,24.6,Completed
INT_0424,DS_302,4.0,64,71,11.3,In-Progress
INT_0424,DS_202,3.5,69,71,16.7,In-Progress
INT_0424,WEB_202,3.0,56,60,18.2,In-Progress
INT_0424,AIML_101,4.0,71,74,12.1,In-Progress
INT_0424,DS_102,4.5,77,82,11.0,In-Progress
INT_0424,MOB_101,4.5,100,89,15.1,Completed
INT_0424,MOB_301,4.5,98,94,21.7,Completed
INT_0425,AIML_202,4.0,51,51,10.0,In-Progress
INT_0425,AIML_102,4.0,40,44,6.6,In-Progress
INT_0425,CLD_302,3.0,42,43,11.9,In-Progress
INT_0425,SEC_302,4.0,55,59,14.8,In-Progress
INT_0425,SEC_202,4.0,98,99,34.5,Completed
INT_0425,SEC_101,4.0,100,97,20.7,Completed
INT_0425,SEC_301,4.0,58,54,11.7,In-Progress
INT_0425,AIML_201,2.5,63,62,18.0,In-Progress
INT_0425,SEC_201,5.0,79,84,17.7,In-Progress
INT_0425,MOB_301,4.5,63,65,13.7,In-Progress
INT_0425,CLD_102,4.5,69,69,10.3,In-Progress
INT_0425,WEB_201,4.5,46,51,12.8,In-Progress
INT_0426,AIML_301,3.0,25,40,11.2,Dropped
INT_0426,WEB_101,3.5,57,62,8.7,In-Progress
INT_0426,WEB_301,1.5,30,40,12.1,Dropped
INT_0426,CLD_101,3.5,65,72,10.9,In-Progress
INT_0426,MOB_201,4.5,88,90,22.4,Completed
INT_0426,AIML_102,3.5,65,69,9.7,In-Progress
INT_0426,WEB_203,4.0,49,46,10.8,In-Progress
INT_0426,MOB_202,4.0,70,80,18.2,In-Progress
INT_0426,MOB_302,4.0,94,92,18.0,Completed
INT_0426,WEB_202,3.5,68,77,19.0,In-Progress
INT_0426,CLD_301,2.5,52,48,19.9,In-Progress
INT_0426,SEC_201,3.5,76,79,21.0,In-Progress
INT_0426,MOB_101,4.5,95,88,19.4,Completed
INT_0426,MOB_301,3.5,91,95,21.0,Completed
INT_0426,DS_103,3.5,74,76,10.9,In-Progress
INT_0426,WEB_201,3.0,79,76,24.1,In-Progress
INT_0427,DS_202,5.0,78,77,16.6,In-Progress
INT_0427,AIML_303,4.0,83,88,21.9,In-Progress
INT_0427,AIML_302,4.0,74,72,21.2,In-Progress
INT_0427,CLD_201,5.0,66,66,15.1,In-Progress
INT_0427,DS_302,3.5,57,52,11.1,In-Progress
INT_0427,AIML_101,3.5,90,97,17.7,Completed
INT_0427,AIML_202,4.5,67,62,12.9,In-Progress
INT_0427,CLD_101,3.0,59,58,9.8,In-Progress
INT_0427,AIML_102,5.0,95,86,13.6,Completed
INT_0427,CLD_302,2.5,42,53,12.8,In-Progress
INT_0427,CLD_301,2.5,26,40,8.1,Dropped
INT_0427,AIML_201,4.0,83,83,26.0,In-Progress
INT_0427,SEC_201,3.5,55,60,12.0,In-Progress
INT_0427,MOB_301,3.5,67,63,17.3,In-Progress
INT_0427,AIML_301,4.0,46,42,17.9,In-Progress
INT_0427,WEB_201,4.5,72,79,25.5,In-Progress
INT_0427,WEB_101,4.0,74,73,12.1,In-Progress
INT_0427,SEC_202,3.0,63,59,20.2,In-Progress
INT_0427,DS_102,3.5,54,59,9.4,In-Progress
INT_0428,WEB_301,4.5,84,87,33.4,In-Progress
INT_0428,WEB_102,4.0,74,65,22.2,In-Progress
INT_0428,DS_202,4.5,96,98,18.4,Completed
INT_0428,DS_302,4.0,68,72,11.4,In-Progress
INT_0428,DS_101,3.5,85,72,20.5,Completed
INT_0428,DS_301,4.0,98,100,32.3,Completed
INT_0428,DS_201,4.5,90,80,19.6,Completed
INT_0428,CLD_102,5.0,66,66,8.4,In-Progress
INT_0428,SEC_301,3.5,70,72,13.3,In-Progress
INT_0428,SEC_201,4.0,61,48,16.9,In-Progress
INT_0428,DS_102,4.5,89,84,14.5,Completed
INT_0428,AIML_302,2.5,73,81,24.8,In-Progress
INT_0428,MOB_101,4.0,51,55,10.1,In-Progress
INT_0428,MOB_301,4.0,64,63,13.7,In-Progress
INT_0428,DS_103,4.0,71,72,13.6,In-Progress
INT_0429,MOB_201,4.0,93,88,25.7,Completed
INT_0429,MOB_202,3.0,72,69,20.2,In-Progress
INT_0429,MOB_302,4.5,64,64,12.8,In-Progress
INT_0429,AIML_303,1.5,40,43,8.5,In-Progress
INT_0429,WEB_302,2.5,37,40,8.4,Dropped
INT_0429,SEC_101,3.5,57,62,9.0,In-Progress
INT_0429,CLD_102,4.5,76,82,12.8,In-Progress
INT_0429,SEC_301,3.5,64,67,11.7,In-Progress
INT_0429,DS_102,3.5,71,74,12.6,In-Progress
INT_0429,CLD_201,3.5,59,51,13.4,In-Progress
INT_0429,MOB_101,3.5,98,99,18.1,Completed
INT_0429,MOB_301,4.5,97,93,27.3,Completed
INT_0429,AIML_301,3.0,34,40,14.2,Dropped
INT_0430,MOB_201,4.0,90,92,29.7,Completed
INT_0430,WEB_203,5.0,88,85,19.5,Completed
INT_0430,DS_201,4.0,63,55,13.6,In-Progress
INT_0430,DS_101,3.5,59,50,11.6,In-Progress
INT_0430,CLD_201,2.5,68,70,13.2,In-Progress
INT_0430,DS_302,4.0,64,59,12.5,In-Progress
INT_0430,SEC_101,4.0,81,80,16.4,In-Progress
INT_0430,AIML_101,3.5,58,63,11.2,In-Progress
INT_0430,AIML_202,3.5,53,58,10.7,In-Progress
INT_0430,CLD_101,4.5,62,66,10.5,In-Progress
INT_0430,WEB_102,3.5,89,86,23.9,Completed
INT_0430,CLD_301,2.5,35,40,12.1,Dropped
INT_0430,DS_301,2.5,26,40,8.1,Dropped
INT_0430,AIML_201,3.5,68,63,24.5,In-Progress
INT_0430,CLD_102,4.5,62,61,8.7,In-Progress
INT_0430,MOB_301,2.5,54,57,12.4,In-Progress
INT_0430,WEB_201,4.0,100,97,36.5,Completed
INT_0430,WEB_101,4.5,84,78,13.5,In-Progress
INT_0430,WEB_301,3.5,63,60,20.2,In-Progress
INT_0430,WEB_202,5.0,67,70,20.4,In-Progress
INT_0430,WEB_302,4.5,65,56,14.9,In-Progress
INT_0430,SEC_301,2.5,31,40,6.6,Dropped
INT_0430,DS_102,3.5,54,53,9.7,In-Progress
INT_0431,WEB_101,4.5,100,99,19.0,Completed
INT_0431,WEB_301,3.5,72,67,20.9,In-Progress
INT_0431,WEB_102,4.0,77,76,20.5,In-Progress
INT_0431,AIML_202,3.5,55,56,8.6,In-Progress
INT_0431,WEB_203,5.0,100,100,24.3,Completed
INT_0431,WEB_202,4.0,88,84,23.6,Completed
INT_0431,WEB_302,4.0,61,62,12.3,In-Progress
INT_0431,DS_301,1.5,33,40,9.8,Dropped
INT_0431,SEC_101,2.5,69,75,13.6,In-Progress
INT_0431,SEC_301,4.0,47,40,11.4,In-Progress
INT_0431,SEC_302,3.5,39,40,13.0,Dropped
INT_0431,DS_101,3.0,51,43,9.5,In-Progress
INT_0431,WEB_201,4.5,100,89,37.5,Completed
INT_0432,AIML_202,5.0,85,79,15.6,Completed
INT_0432,WEB_301,3.0,62,61,21.7,In-Progress
INT_0432,MOB_201,4.0,86,92,24.4,Completed
INT_0432,WEB_203,2.5,62,65,12.3,In-Progress
INT_0432,MOB_302,4.0,83,83,15.4,In-Progress
INT_0432,MOB_202,5.0,100,100,25.8,Completed
INT_0432,WEB_202,4.0,58,56,16.0,In-Progress
INT_0432,SEC_202,3.5,63,60,20.6,In-Progress
INT_0432,SEC_301,5.0,37,41,8.8,Dropped
INT_0432,SEC_302,3.5,59,58,18.7,In-Progress
INT_0432,DS_102,3.0,62,66,7.8,In-Progress
INT_0432,MOB_101,4.5,93,92,18.1,Completed
INT_0432,MOB_301,5.0,100,91,22.6,Completed
INT_0432,DS_103,4.0,56,54,9.3,In-Progress
INT_0433,WEB_101,4.5,72,74,14.3,In-Progress
INT_0433,WEB_301,5.0,67,79,19.7,In-Progress
INT_0433,WEB_102,4.0,89,84,26.1,Completed
INT_0433,WEB_203,4.0,93,98,20.4,Completed
INT_0433,WEB_202,3.5,90,93,30.0,Completed
INT_0433,WEB_302,4.0,76,79,19.9,In-Progress
INT_0433,AIML_101,4.0,70,73,14.5,In-Progress
INT_0433,SEC_301,2.5,36,44,7.7,Dropped
INT_0433,SEC_302,3.0,63,58,16.5,In-Progress
INT_0433,CLD_201,3.0,62,63,14.9,In-Progress
INT_0433,SEC_201,3.5,68,64,17.1,In-Progress
INT_0433,WEB_201,4.5,100,100,31.5,Completed
INT_0434,WEB_203,3.5,84,77,20.2,In-Progress
INT_0434,DS_202,2.5,62,52,14.2,In-Progress
INT_0434,SEC_302,2.0,41,40,12.9,In-Progress
INT_0434,DS_101,3.0,60,60,12.1,In-Progress
INT_0434,AIML_302,2.5,20,40,5.8,Dropped
INT_0434,CLD_201,1.5,72,65,14.2,In-Progress
INT_0434,DS_302,4.0,72,76,15.7,In-Progress
INT_0434,SEC_101,3.5,59,64,11.9,In-Progress
INT_0434,CLD_101,3.5,63,59,11.2,In-Progress
INT_0434,WEB_102,4.5,71,70,18.1,In-Progress
INT_0434,CLD_302,3.0,29,40,6.9,Dropped
INT_0434,CLD_301,2.0,51,50,17.6,In-Progress
INT_0434,CLD_102,3.5,64,67,8.3,In-Progress
INT_0434,WEB_201,3.5,91,95,30.1,Completed
INT_0434,CLD_202,3.0,66,58,17.1,In-Progress
INT_0434,WEB_101,4.5,64,67,9.4,In-Progress
INT_0434,WEB_301,2.5,86,85,29.5,Completed
INT_0434,WEB_202,4.5,100,100,31.1,Completed
INT_0434,WEB_302,4.0,66,70,18.1,In-Progress
INT_0434,MOB_101,5.0,76,70,13.6,In-Progress
INT_0435,AIML_202,4.0,98,100,16.3,Completed
INT_0435,DS_103,3.5,57,54,8.5,In-Progress
INT_0435,MOB_101,4.0,49,44,8.5,In-Progress
INT_0435,SEC_201,3.0,50,48,13.4,In-Progress
INT_0435,AIML_102,4.5,72,77,13.3,In-Progress
INT_0435,DS_302,3.5,64,53,11.0,In-Progress
INT_0435,AIML_302,2.5,69,66,25.5,In-Progress
INT_0435,DS_301,1.5,46,46,17.9,In-Progress
INT_0435,SEC_202,4.0,64,63,22.4,In-Progress
INT_0435,AIML_201,5.0,79,74,26.8,In-Progress
INT_0435,MOB_301,4.0,68,65,19.4,In-Progress
INT_0435,DS_101,5.0,69,70,12.5,In-Progress
INT_0435,AIML_303,3.0,64,68,14.1,In-Progress
INT_0435,AIML_101,5.0,86,88,17.6,Completed
INT_0435,CLD_102,4.5,56,59,8.7,In-Progress
INT_0435,AIML_301,3.0,61,56,24.1,In-Progress
INT_0435,WEB_201,3.5,75,75,25.9,In-Progress
INT_0436,CLD_202,4.0,100,92,27.0,Completed
INT_0436,CLD_101,5.0,95,96,14.8,Completed
INT_0436,MOB_101,3.5,51,45,9.8,In-Progress
INT_0436,MOB_302,2.5,67,67,13.1,In-Progress
INT_0436,DS_302,2.5,87,86,18.0,Completed
INT_0436,MOB_202,4.0,76,74,20.5,In-Progress
INT_0436,CLD_302,5.0,100,96,31.8,Completed
INT_0436,CLD_301,4.5,99,96,36.2,Completed
INT_0436,SEC_201,4.5,44,50,11.9,In-Progress
INT_0436,CLD_201,5.0,100,98,19.8,Completed
INT_0436,AIML_101,3.5,59,59,11.0,In-Progress
INT_0436,CLD_102,5.0,88,86,12.0,Completed
INT_0436,WEB_201,4.0,73,72,23.3,In-Progress
INT_0437,CLD_202,5.0,92,95,26.2,Completed
INT_0437,CLD_101,4.5,90,87,18.4,Completed
INT_0437,MOB_201,4.0,66,64,18.9,In-Progress
INT_0437,MOB_202,4.0,68,54,20.7,In-Progress
INT_0437,DS_302,3.5,79,75,17.2,In-Progress
INT_0437,CLD_302,3.5,77,71,25.1,In-Progress
INT_0437,CLD_301,3.0,45,46,17.8,In-Progress
INT_0437,WEB_202,4.5,53,63,17.1,In-Progress
INT_0437,SEC_101,5.0,79,78,13.2,In-Progress
INT_0437,SEC_301,2.5,24,40,5.9,Dropped
INT_0437,SEC_302,2.5,51,51,14.7,In-Progress
INT_0437,CLD_201,4.0,85,90,15.4,Completed
INT_0437,AIML_101,2.0,35,40,7.6,Dropped
INT_0437,CLD_102,4.5,100,92,17.3,Completed
INT_0438,MOB_201,3.5,50,43,17.7,In-Progress
INT_0438,WEB_203,3.0,77,76,14.3,In-Progress
INT_0438,DS_202,3.5,91,93,18.2,Completed
INT_0438,DS_201,3.5,100,95,20.5,Completed
INT_0438,DS_101,4.5,93,100,19.4,Completed
INT_0438,AIML_302,3.0,66,65,18.4,In-Progress
INT_0438,CLD_201,4.0,61,54,14.6,In-Progress
INT_0438,DS_302,4.0,70,69,15.3,In-Progress
INT_0438,AIML_102,4.0,60,58,9.7,In-Progress
INT_0438,CLD_302,4.0,62,62,18.4,In-Progress
INT_0438,CLD_301,3.5,66,64,23.0,In-Progress
INT_0438,DS_301,5.0,96,95,30.9,Completed
INT_0438,AIML_201,2.5,64,66,16.2,In-Progress
INT_0438,SEC_201,4.0,68,73,13.6,In-Progress
INT_0438,AIML_301,3.5,71,73,27.9,In-Progress
INT_0438,CLD_202,4.0,49,48,15.0,In-Progress
INT_0438,WEB_101,3.5,83,89,12.8,In-Progress
INT_0438,WEB_301,4.0,64,62,21.3,In-Progress
INT_0438,MOB_202,4.0,68,67,20.9,In-Progress
INT_0438,WEB_302,3.5,78,79,19.9,In-Progress
INT_0438,SEC_301,3.0,86,82,20.6,Completed
INT_0438,DS_102,4.5,100,94,14.1,Completed
INT_0438,DS_103,5.0,89,89,18.1,Completed
INT_0439,WEB_301,3.5,59,49,21.9,In-Progress
INT_0439,WEB_102,4.0,80,78,20.6,In-Progress
INT_0439,DS_202,3.5,98,100,20.8,Completed
INT_0439,DS_302,5.0,99,91,22.8,Completed
INT_0439,DS_102,4.5,85,92,15.3,Completed
INT_0439,MOB_302,5.0,78,79,17.3,In-Progress
INT_0439,CLD_301,4.0,52,48,18.4,In-Progress
INT_0439,DS_301,4.0,74,75,23.5,In-Progress
INT_0439,DS_201,5.0,100,100,25.7,Completed
INT_0439,SEC_202,3.5,76,70,27.1,In-Progress
INT_0439,SEC_302,4.0,74,81,23.5,In-Progress
INT_0439,DS_101,4.0,99,100,18.2,Completed
INT_0439,AIML_303,3.5,90,90,22.6,Completed
INT_0439,AIML_101,4.0,75,68,13.9,In-Progress
INT_0439,CLD_102,4.0,61,56,8.7,In-Progress
INT_0439,DS_103,4.5,91,87,14.1,Completed
INT_0439,WEB_201,3.5,78,77,26.8,In-Progress
INT_0440,MOB_201,3.5,67,56,23.7,In-Progress
INT_0440,DS_202,3.0,50,47,9.3,In-Progress
INT_0440,DS_201,4.0,51,51,13.1,In-Progress
INT_0440,SEC_302,2.5,51,54,16.8,In-Progress
INT_0440,AIML_302,3.5,26,40,7.2,Dropped
INT_0440,CLD_201,4.0,86,84,18.5,Completed
INT_0440,DS_302,3.5,59,53,12.4,In-Progress
INT_0440,AIML_101,3.0,50,63,10.3,In-Progress
INT_0440,AIML_202,4.0,49,56,7.2,In-Progress
INT_0440,CLD_101,4.0,85,86,15.1,Completed
INT_0440,CLD_302,3.0,45,54,12.7,In-Progress
INT_0440,CLD_301,3.0,73,75,22.8,In-Progress
INT_0440,DS_301,2.5,29,40,8.4,Dropped
INT_0440,MOB_301,3.5,52,50,14.8,In-Progress
INT_0440,CLD_102,5.0,100,100,13.7,Completed
INT_0440,CLD_202,4.5,77,72,23.5,In-Progress
INT_0440,WEB_101,4.0,66,62,12.1,In-Progress
INT_0440,WEB_301,3.0,50,49,19.1,In-Progress
INT_0440,MOB_202,4.0,64,62,15.8,In-Progress
INT_0440,SEC_301,1.5,41,40,7.4,In-Progress
INT_0440,MOB_101,4.5,69,71,10.7,In-Progress
INT_0440,DS_103,3.5,64,70,10.2,In-Progress
INT_0441,MOB_201,3.0,65,59,20.3,In-Progress
INT_0441,DS_202,4.5,74,78,14.6,In-Progress
INT_0441,DS_101,4.0,41,45,10.5,In-Progress
INT_0441,AIML_302,3.0,39,42,12.8,Dropped
INT_0441,CLD_201,5.0,100,86,20.3,Completed
INT_0441,DS_302,3.5,81,82,15.3,In-Progress
INT_0441,AIML_101,3.5,68,70,11.7,In-Progress
INT_0441,CLD_101,5.0,100,100,15.9,Completed
INT_0441,WEB_102,5.0,74,70,16.1,In-Progress
INT_0441,CLD_302,3.5,83,78,23.5,In-Progress
INT_0441,CLD_301,4.5,63,62,22.8,In-Progress
INT_0441,DS_301,2.5,49,56,19.8,In-Progress
INT_0441,MOB_301,2.5,60,57,16.7,In-Progress
INT_0441,CLD_102,4.5,86,79,13.1,Completed
INT_0441,AIML_301,3.5,37,40,12.9,Dropped
INT_0441,CLD_202,2.5,94,97,33.3,Completed
INT_0441,DS_102,3.5,56,50,7.6,In-Progress
INT_0441,MOB_101,3.5,73,79,12.9,In-Progress
INT_0441,DS_103,3.5,63,57,11.6,In-Progress
INT_0442,MOB_201,4.0,81,79,27.1,In-Progress
INT_0442,DS_202,3.0,66,64,14.8,In-Progress
INT_0442,SEC_302,4.5,75,75,21.1,In-Progress
INT_0442,AIML_303,3.5,59,61,13.8,In-Progress
INT_0442,CLD_201,4.0,100,98,18.5,Completed
INT_0442,DS_302,4.0,71,59,16.5,In-Progress
INT_0442,SEC_101,3.0,100,100,19.6,Completed
INT_0442,AIML_101,4.0,80,77,17.8,In-Progress
INT_0442,AIML_202,4.0,80,90,15.3,In-Progress
INT_0442,AIML_102,3.5,70,67,10.3,In-Progress
INT_0442,CLD_301,4.0,75,81,28.5,In-Progress
INT_0442,DS_301,3.5,87,87,27.4,Completed
INT_0442,SEC_201,4.0,68,67,16.4,In-Progress
INT_0442,MOB_301,4.5,47,45,13.1,In-Progress
INT_0442,AIML_301,4.0,43,41,19.0,In-Progress
INT_0442,MOB_202,3.0,59,54,14.6,In-Progress
INT_0442,SEC_202,4.5,100,100,28.0,Completed
INT_0442,SEC_301,5.0,96,98,21.9,Completed
INT_0442,DS_102,4.5,77,79,11.2,In-Progress
INT_0442,DS_103,5.0,100,91,18.0,Completed
INT_0443,MOB_201,3.5,91,94,29.6,Completed
INT_0443,WEB_203,4.0,84,87,19.4,In-Progress
INT_0443,DS_201,3.0,82,90,20.1,In-Progress
INT_0443,CLD_201,4.5,52,54,12.2,In-Progress
INT_0443,DS_302,3.5,41,40,8.5,In-Progress
INT_0443,SEC_101,2.5,64,70,10.5,In-Progress
INT_0443,AIML_202,5.0,63,58,11.3,In-Progress
INT_0443,CLD_101,2.5,53,49,8.1,In-Progress
INT_0443,WEB_102,4.0,88,81,22.2,Completed
INT_0443,CLD_301,3.0,49,42,19.4,In-Progress
INT_0443,DS_301,3.0,65,64,19.7,In-Progress
INT_0443,CLD_102,3.5,67,58,8.9,In-Progress
INT_0443,MOB_301,4.0,69,69,18.4,In-Progress
INT_0443,AIML_301,3.5,43,44,13.8,In-Progress
INT_0443,WEB_201,4.0,85,80,26.9,Completed
INT_0443,CLD_202,2.5,54,60,14.5,In-Progress
INT_0443,WEB_101,4.0,100,98,18.7,Completed
INT_0443,WEB_301,5.0,91,91,36.3,Completed
INT_0443,MOB_202,4.5,78,81,18.1,In-Progress
INT_0443,MOB_302,4.0,55,49,11.8,In-Progress
INT_0443,WEB_202,5.0,83,71,22.4,In-Progress
INT_0443,WEB_302,3.5,58,53,13.5,In-Progress
INT_0443,SEC_301,4.0,31,40,7.2,Dropped
INT_0444,WEB_101,4.0,82,77,12.2,In-Progress
INT_0444,WEB_301,3.5,55,46,17.8,In-Progress
INT_0444,WEB_102,4.0,100,100,26.7,Completed
INT_0444,CLD_101,3.5,66,66,10.7,In-Progress
INT_0444,WEB_203,4.0,84,82,21.5,In-Progress
INT_0444,DS_302,4.0,74,78,15.2,In-Progress
INT_0444,WEB_202,4.0,88,93,25.2,Completed
INT_0444,WEB_302,3.0,46,49,11.5,In-Progress
INT_0444,DS_201,3.5,60,64,13.5,In-Progress
INT_0444,SEC_201,3.0,71,77,19.7,In-Progress
INT_0444,CLD_201,3.0,65,65,16.0,In-Progress
INT_0444,WEB_201,4.5,89,88,26.4,Completed
INT_0445,DS_101,4.0,76,80,16.6,In-Progress
INT_0445,AIML_302,3.5,68,73,19.4,In-Progress
INT_0445,CLD_201,4.0,79,77,19.7,In-Progress
INT_0445,AIML_303,3.5,74,80,16.1,In-Progress
INT_0445,DS_302,2.0,57,55,11.1,In-Progress
INT_0445,AIML_202,4.0,67,71,11.0,In-Progress
INT_0445,CLD_101,5.0,100,100,16.3,Completed
INT_0445,CLD_302,4.5,71,73,19.9,In-Progress
INT_0445,CLD_301,4.5,100,93,29.8,Completed
INT_0445,AIML_201,4.0,74,77,23.4,In-Progress
INT_0445,SEC_201,3.5,70,71,18.0,In-Progress
INT_0445,MOB_301,3.5,64,53,15.6,In-Progress
INT_0445,CLD_102,4.0,77,77,12.6,In-Progress
INT_0445,AIML_301,3.5,51,51,18.3,In-Progress
INT_0445,WEB_201,3.0,70,72,27.3,In-Progress
INT_0445,CLD_202,4.0,88,89,28.0,Completed
INT_0445,WEB_301,3.0,64,61,22.8,In-Progress
INT_0445,MOB_202,4.0,60,57,13.9,In-Progress
INT_0445,WEB_202,3.0,76,71,21.2,In-Progress
INT_0445,WEB_302,4.0,67,66,15.3,In-Progress
INT_0445,SEC_202,4.5,69,69,18.1,In-Progress
INT_0445,DS_102,3.0,72,76,11.3,In-Progress
INT_0445,MOB_101,3.5,65,61,12.6,In-Progress
INT_0446,DS_202,3.0,66,69,15.4,In-Progress
INT_0446,SEC_302,3.5,75,78,18.3,In-Progress
INT_0446,DS_101,2.5,89,87,21.6,Completed
INT_0446,AIML_303,3.5,59,54,13.2,In-Progress
INT_0446,AIML_302,3.5,57,58,19.5,In-Progress
INT_0446,CLD_201,4.0,78,81,19.1,In-Progress
INT_0446,DS_302,5.0,59,55,10.0,In-Progress
INT_0446,SEC_101,4.0,88,99,16.1,Completed
INT_0446,AIML_101,4.0,100,100,20.0,Completed
INT_0446,AIML_202,3.5,47,50,9.4,In-Progress
INT_0446,CLD_101,4.5,95,100,15.9,Completed
INT_0446,WEB_102,3.0,89,87,21.4,Completed
INT_0446,AIML_102,4.0,66,66,9.9,In-Progress
INT_0446,CLD_302,4.0,100,98,25.5,Completed
INT_0446,CLD_301,4.5,100,100,38.3,Completed
INT_0446,CLD_102,4.5,87,83,15.7,Completed
INT_0446,CLD_202,4.5,100,100,35.7,Completed
INT_0446,WEB_301,3.5,75,72,25.8,In-Progress
INT_0446,MOB_302,3.0,79,69,14.6,In-Progress
INT_0446,WEB_302,3.5,59,55,16.8,In-Progress
INT_0446,SEC_301,3.5,46,40,8.4,In-Progress
INT_0446,DS_102,3.0,65,65,11.1,In-Progress
INT_0446,DS_103,3.0,91,84,14.6,Completed
INT_0447,MOB_201,4.0,77,73,21.2,In-Progress
INT_0447,DS_202,3.0,68,63,15.7,In-Progress
INT_0447,DS_201,3.0,86,87,18.7,Completed
INT_0447,SEC_302,3.5,59,64,17.6,In-Progress
INT_0447,DS_101,3.5,79,72,18.7,In-Progress
INT_0447,CLD_201,3.5,82,86,15.3,In-Progress
INT_0447,AIML_302,4.5,63,73,22.7,In-Progress
INT_0447,DS_302,3.0,55,49,10.4,In-Progress
INT_0447,SEC_101,5.0,80,87,15.2,In-Progress
INT_0447,AIML_101,4.0,66,63,11.8,In-Progress
INT_0447,AIML_202,3.5,64,61,10.6,In-Progress
INT_0447,CLD_101,4.5,100,96,18.0,Completed
INT_0447,AIML_102,4.5,61,59,8.5,In-Progress
INT_0447,CLD_302,4.0,91,93,22.8,Completed
INT_0447,CLD_301,4.5,100,98,32.5,Completed
INT_0447,CLD_102,4.0,98,90,17.5,Completed
INT_0447,WEB_201,4.0,71,76,21.6,In-Progress
INT_0447,CLD_202,4.0,100,100,30.7,Completed
INT_0447,MOB_202,3.5,71,72,17.8,In-Progress
INT_0447,WEB_302,2.5,34,40,8.3,Dropped
INT_0447,SEC_202,3.0,67,70,18.5,In-Progress
INT_0447,DS_102,3.5,62,56,8.4,In-Progress
INT_0447,DS_103,3.0,55,50,9.3,In-Progress
INT_0448,AIML_202,5.0,64,73,12.7,In-Progress
INT_0448,CLD_101,4.5,68,70,10.1,In-Progress
INT_0448,DS_102,4.5,100,100,17.5,Completed
INT_0448,DS_202,4.0,100,100,19.5,Completed
INT_0448,DS_302,5.0,79,75,13.2,In-Progress
INT_0448,WEB_302,4.5,61,62,14.1,In-Progress
INT_0448,DS_301,5.0,96,96,33.5,Completed
INT_0448,DS_201,5.0,92,97,22.9,Completed
INT_0448,SEC_302,2.5,52,40,14.0,In-Progress
INT_0448,DS_101,4.0,80,73,18.2,In-Progress
INT_0448,AIML_302,3.5,66,65,21.5,In-Progress
INT_0448,DS_103,4.5,71,63,13.2,In-Progress
INT_0449,CLD_202,4.5,48,40,14.0,In-Progress
INT_0449,CLD_101,3.0,70,76,14.4,In-Progress
INT_0449,AIML_102,3.5,80,83,14.3,In-Progress
INT_0449,WEB_203,3.0,46,44,10.3,In-Progress
INT_0449,MOB_302,2.0,50,53,11.8,In-Progress
INT_0449,MOB_202,3.0,85,92,23.3,Completed
INT_0449,AIML_303,3.0,37,40,8.5,Dropped
INT_0449,WEB_202,3.5,60,55,17.8,In-Progress
INT_0449,SEC_302,2.5,74,72,19.2,In-Progress
INT_0449,CLD_301,1.5,29,40,8.4,Dropped
INT_0449,SEC_202,4.0,98,91,25.2,Completed
INT_0449,SEC_101,4.0,83,84,12.1,In-Progress
INT_0449,SEC_301,3.5,65,56,13.4,In-Progress
INT_0449,SEC_201,4.0,100,100,25.7,Completed
INT_0449,AIML_302,3.0,55,53,17.3,In-Progress
INT_0449,AIML_101,4.5,67,68,11.5,In-Progress
INT_0450,AIML_202,5.0,70,80,10.9,In-Progress
INT_0450,CLD_101,4.0,58,56,9.3,In-Progress
INT_0450,AIML_102,4.5,64,55,8.8,In-Progress
INT_0450,DS_102,4.5,75,84,13.6,In-Progress
INT_0450,DS_302,4.5,96,97,18.6,Completed
INT_0450,DS_202,3.5,77,78,16.7,In-Progress
INT_0450,MOB_302,3.0,41,40,7.6,In-Progress
INT_0450,CLD_301,3.5,39,40,15.4,Dropped
INT_0450,DS_301,4.0,83,88,29.8,In-Progress
INT_0450,DS_201,4.0,80,76,21.1,In-Progress
INT_0450,SEC_302,3.0,39,45,11.0,Dropped
INT_0450,DS_101,5.0,95,99,23.0,Completed
INT_0450,AIML_303,3.0,65,61,15.0,In-Progress
INT_0450,CLD_102,4.0,71,72,11.8,In-Progress
INT_0450,DS_103,4.5,99,97,19.7,Completed
INT_0451,CLD_202,4.0,94,94,24.9,Completed
INT_0451,CLD_101,3.5,79,90,14.7,In-Progress
INT_0451,WEB_102,4.0,52,44,13.5,In-Progress
INT_0451,AIML_102,4.0,56,56,8.4,In-Progress
INT_0451,MOB_202,4.0,70,70,18.7,In-Progress
INT_0451,AIML_303,3.0,46,40,11.4,In-Progress
INT_0451,CLD_302,5.0,74,70,24.2,In-Progress
INT_0451,CLD_301,3.5,80,83,32.5,In-Progress
INT_0451,WEB_202,4.5,71,75,18.9,In-Progress
INT_0451,SEC_302,4.0,64,60,16.5,In-Progress
INT_0451,SEC_202,3.5,65,70,21.6,In-Progress
INT_0451,MOB_301,4.5,67,64,16.0,In-Progress
INT_0451,CLD_201,5.0,91,91,21.3,Completed
INT_0451,CLD_102,5.0,92,84,15.6,Completed
INT_0451,AIML_301,2.5,60,56,24.0,In-Progress
INT_0452,MOB_201,4.0,63,63,19.7,In-Progress
INT_0452,DS_302,4.0,61,69,10.7,In-Progress
INT_0452,MOB_202,4.0,75,78,20.6,In-Progress
INT_0452,WEB_302,3.5,73,66,16.0,In-Progress
INT_0452,AIML_101,4.0,59,58,13.5,In-Progress
INT_0452,SEC_202,4.5,84,82,21.7,In-Progress
INT_0452,SEC_101,4.0,73,72,12.2,In-Progress
INT_0452,DS_201,3.5,54,59,13.9,In-Progress
INT_0452,SEC_301,3.5,86,81,18.6,Completed
INT_0452,DS_301,3.0,59,68,21.5,In-Progress
INT_0452,AIML_201,2.5,80,76,24.6,In-Progress
INT_0452,SEC_302,4.5,89,82,22.6,Completed
INT_0452,DS_101,3.5,67,70,13.4,In-Progress
INT_0452,CLD_201,3.5,63,66,16.2,In-Progress
INT_0452,SEC_201,4.0,95,94,20.1,Completed
INT_0453,CLD_202,4.0,80,90,27.2,In-Progress
INT_0453,CLD_101,4.5,89,92,17.3,Completed
INT_0453,WEB_102,4.0,43,42,9.3,In-Progress
INT_0453,MOB_201,1.5,79,83,26.4,In-Progress
INT_0453,MOB_302,1.5,27,40,6.1,Dropped
INT_0453,MOB_202,4.0,77,74,23.4,In-Progress
INT_0453,AIML_303,3.0,30,40,6.7,Dropped
INT_0453,CLD_302,3.5,48,47,14.3,In-Progress
INT_0453,CLD_301,3.5,68,72,22.7,In-Progress
INT_0453,SEC_101,4.5,66,62,10.7,In-Progress
INT_0453,DS_301,2.5,35,40,11.7,Dropped
INT_0453,CLD_201,5.0,93,87,17.3,Completed
INT_0453,MOB_101,4.0,76,87,15.1,In-Progress
INT_0453,CLD_102,4.0,88,90,15.0,Completed
INT_0454,WEB_203,4.5,63,60,13.1,In-Progress
INT_0454,AIML_302,4.0,93,97,26.7,Completed
INT_0454,AIML_303,4.5,73,70,18.7,In-Progress
INT_0454,SEC_101,3.0,72,71,14.2,In-Progress
INT_0454,AIML_101,3.5,84,81,17.9,In-Progress
INT_0454,CLD_101,4.0,64,66,9.8,In-Progress
INT_0454,WEB_102,4.0,100,90,22.1,Completed
INT_0454,CLD_302,3.5,54,59,13.7,In-Progress
INT_0454,DS_301,3.5,60,49,19.6,In-Progress
INT_0454,SEC_201,3.0,73,73,15.0,In-Progress
INT_0454,WEB_201,5.0,100,100,31.1,Completed
INT_0454,CLD_202,3.0,60,68,20.9,In-Progress
INT_0454,WEB_101,5.0,100,100,18.3,Completed
INT_0454,WEB_301,4.0,85,80,27.4,Completed
INT_0454,MOB_302,3.5,72,71,18.5,In-Progress
INT_0454,MOB_202,3.0,82,83,19.3,In-Progress
INT_0454,WEB_202,5.0,88,86,25.0,Completed
INT_0454,WEB_302,4.5,100,94,24.2,Completed
INT_0454,DS_102,4.0,73,71,12.8,In-Progress
INT_0454,MOB_101,5.0,69,66,10.0,In-Progress
INT_0455,MOB_201,3.5,63,63,18.6,In-Progress
INT_0455,DS_101,3.0,74,72,18.4,In-Progress
INT_0455,AIML_302,4.0,29,40,10.7,Dropped
INT_0455,CLD_201,3.5,69,71,14.9,In-Progress
INT_0455,AIML_202,4.5,74,70,11.5,In-Progress
INT_0455,CLD_101,4.0,100,98,15.8,Completed
INT_0455,AIML_102,3.0,60,57,11.2,In-Progress
INT_0455,CLD_302,3.5,55,53,17.1,In-Progress
INT_0455,CLD_301,3.0,49,43,14.8,In-Progress
INT_0455,MOB_301,4.0,74,82,18.9,In-Progress
INT_0455,AIML_301,3.0,20,40,8.9,Dropped
INT_0455,CLD_102,4.0,92,90,14.2,Completed
INT_0455,CLD_202,3.5,99,100,30.7,Completed
INT_0455,WEB_301,2.5,47,43,14.2,In-Progress
INT_0455,MOB_302,3.0,20,40,4.9,Dropped
INT_0455,WEB_202,4.5,82,80,21.4,In-Progress
INT_0455,SEC_202,3.5,68,64,19.0,In-Progress
INT_0455,SEC_301,1.5,31,40,7.5,Dropped
INT_0455,DS_102,4.5,78,77,12.7,In-Progress
INT_0455,DS_103,3.5,52,53,10.8,In-Progress
INT_0456,CLD_202,3.5,89,92,29.9,Completed
INT_0456,WEB_101,4.0,76,84,15.1,In-Progress
INT_0456,WEB_301,2.5,62,53,23.8,In-Progress
INT_0456,WEB_102,4.0,79,79,22.9,In-Progress
INT_0456,MOB_201,3.0,72,69,20.8,In-Progress
INT_0456,WEB_203,4.0,73,78,15.2,In-Progress
INT_0456,MOB_202,3.0,62,59,18.3,In-Progress
INT_0456,MOB_302,2.0,41,40,10.5,In-Progress
INT_0456,WEB_202,4.0,100,100,28.1,Completed
INT_0456,WEB_302,3.5,67,63,15.8,In-Progress
INT_0456,SEC_202,4.0,42,41,11.0,In-Progress
INT_0456,SEC_301,2.5,37,40,7.4,Dropped
INT_0456,DS_102,3.0,72,56,10.3,In-Progress
INT_0456,MOB_101,3.5,75,73,12.9,In-Progress
INT_0456,AIML_301,2.0,26,40,10.1,Dropped
INT_0456,WEB_201,3.5,79,76,25.6,In-Progress
INT_0457,AIML_202,4.5,83,92,14.2,In-Progress
INT_0457,MOB_101,2.0,42,50,7.8,In-Progress
INT_0457,CLD_101,3.5,77,79,12.6,In-Progress
INT_0457,MOB_201,3.0,68,75,23.2,In-Progress
INT_0457,WEB_203,2.0,63,57,12.9,In-Progress
INT_0457,MOB_202,4.0,56,48,14.4,In-Progress
INT_0457,DS_102,4.5,73,72,12.6,In-Progress
INT_0457,WEB_202,4.0,72,68,22.8,In-Progress
INT_0457,AIML_101,2.5,73,74,13.9,In-Progress
INT_0457,SEC_202,4.0,88,96,25.1,Completed
INT_0457,SEC_101,4.0,72,71,13.9,In-Progress
INT_0457,DS_301,3.0,36,40,14.3,Dropped
INT_0457,SEC_301,3.5,95,93,22.7,Completed
INT_0457,SEC_302,4.0,75,77,20.4,In-Progress
INT_0457,DS_101,4.5,69,67,17.8,In-Progress
INT_0457,AIML_302,2.5,36,40,10.5,Dropped
INT_0457,SEC_201,3.5,88,84,22.8,Completed
INT_0457,CLD_201,3.5,52,48,13.1,In-Progress
INT_0458,WEB_203,3.0,62,63,14.9,In-Progress
INT_0458,DS_202,4.0,66,65,16.5,In-Progress
INT_0458,DS_101,3.0,48,51,8.7,In-Progress
INT_0458,AIML_303,3.0,26,40,7.2,Dropped
INT_0458,CLD_201,4.5,70,65,15.4,In-Progress
INT_0458,DS_302,4.0,63,54,14.0,In-Progress
INT_0458,CLD_101,4.0,80,76,11.8,In-Progress
INT_0458,WEB_102,3.5,53,57,12.3,In-Progress
INT_0458,CLD_302,3.5,45,43,11.7,In-Progress
INT_0458,CLD_301,4.0,44,43,13.7,In-Progress
INT_0458,DS_301,2.5,40,42,16.0,In-Progress
INT_0458,AIML_201,4.0,58,51,19.6,In-Progress
INT_0458,MOB_301,3.5,59,60,13.4,In-Progress
INT_0458,CLD_102,3.5,88,88,15.7,Completed
INT_0458,AIML_301,3.5,47,59,15.3,In-Progress
INT_0458,CLD_202,4.5,88,87,30.2,Completed
INT_0458,WEB_101,3.5,70,70,11.1,In-Progress
INT_0458,MOB_302,1.5,53,44,11.7,In-Progress
INT_0458,MOB_202,4.0,56,57,16.1,In-Progress
INT_0458,WEB_202,4.0,69,65,19.5,In-Progress
INT_0458,WEB_302,2.5,44,40,8.9,In-Progress
INT_0458,DS_102,3.0,62,62,8.6,In-Progress
INT_0459,AIML_202,4.0,91,96,13.5,Completed
INT_0459,WEB_301,2.5,52,57,20.3,In-Progress
INT_0459,AIML_102,3.5,98,100,14.6,Completed
INT_0459,AIML_303,4.0,53,51,11.4,In-Progress
INT_0459,DS_301,3.0,28,40,10.1,Dropped
INT_0459,SEC_101,4.5,71,67,12.7,In-Progress
INT_0459,AIML_201,4.5,84,88,22.7,In-Progress
INT_0459,SEC_301,3.0,31,40,7.3,Dropped
INT_0459,DS_101,3.0,76,77,16.0,In-Progress
INT_0459,AIML_302,3.5,53,50,17.9,In-Progress
INT_0459,AIML_101,4.5,98,96,19.6,Completed
INT_0459,CLD_102,4.0,66,64,10.1,In-Progress
INT_0459,AIML_301,4.5,51,53,16.7,In-Progress
INT_0459,WEB_201,4.0,56,53,16.6,In-Progress
INT_0460,WEB_203,4.0,100,100,23.5,Completed
INT_0460,CLD_201,4.0,61,65,15.6,In-Progress
INT_0460,AIML_101,2.0,65,68,12.0,In-Progress
INT_0460,AIML_202,4.0,42,40,8.4,In-Progress
INT_0460,CLD_101,5.0,45,42,6.5,In-Progress
INT_0460,WEB_102,5.0,94,99,21.2,Completed
INT_0460,CLD_301,1.5,37,44,13.0,Dropped
INT_0460,DS_301,2.0,33,40,13.7,Dropped
INT_0460,SEC_201,3.5,73,72,19.1,In-Progress
INT_0460,CLD_102,3.0,56,55,9.2,In-Progress
INT_0460,AIML_301,3.0,27,40,11.3,Dropped
INT_0460,WEB_201,4.0,100,100,37.7,Completed
INT_0460,MOB_301,4.0,57,52,11.8,In-Progress
INT_0460,CLD_202,4.5,66,65,20.3,In-Progress
INT_0460,WEB_101,4.0,71,74,11.1,In-Progress
INT_0460,WEB_301,4.0,47,49,16.1,In-Progress
INT_0460,MOB_202,3.0,78,75,20.6,In-Progress
INT_0460,WEB_202,4.5,86,90,24.6,Completed
INT_0460,WEB_302,3.0,70,63,15.6,In-Progress
INT_0460,SEC_202,4.0,54,54,15.2,In-Progress
INT_0460,SEC_301,3.0,25,40,5.7,Dropped
INT_0460,MOB_101,4.0,77,73,14.1,In-Progress
INT_0461,MOB_201,4.5,66,65,23.3,In-Progress
INT_0461,WEB_203,5.0,94,93,21.3,Completed
INT_0461,DS_201,4.0,83,82,19.2,In-Progress
INT_0461,SEC_302,2.5,59,69,14.6,In-Progress
INT_0461,AIML_303,3.0,57,65,12.0,In-Progress
INT_0461,AIML_302,3.5,33,44,12.3,Dropped
INT_0461,SEC_101,3.0,59,63,10.4,In-Progress
INT_0461,AIML_101,3.0,67,66,12.6,In-Progress
INT_0461,AIML_202,4.0,65,64,11.0,In-Progress
INT_0461,CLD_101,3.0,57,52,9.9,In-Progress
INT_0461,WEB_102,4.5,83,91,22.5,In-Progress
INT_0461,AIML_201,4.0,69,67,23.2,In-Progress
INT_0461,SEC_201,4.0,67,67,18.7,In-Progress
INT_0461,MOB_301,5.0,66,66,15.8,In-Progress
INT_0461,CLD_102,3.5,84,79,10.7,In-Progress
INT_0461,AIML_301,3.0,36,40,15.5,Dropped
INT_0461,WEB_201,4.5,97,96,31.2,Completed
INT_0461,CLD_202,3.0,40,40,14.1,In-Progress
INT_0461,WEB_101,3.0,64,59,11.0,In-Progress
INT_0461,WEB_301,4.5,59,58,23.3,In-Progress
INT_0461,MOB_302,3.5,29,40,6.6,Dropped
INT_0461,WEB_202,3.5,100,96,27.6,Completed
INT_0461,WEB_302,3.0,60,58,13.8,In-Progress
INT_0461,MOB_101,3.0,68,63,12.1,In-Progress
INT_0462,MOB_201,3.0,41,40,14.2,In-Progress
INT_0462,SEC_302,4.0,90,89,25.6,Completed
INT_0462,DS_101,3.0,74,61,14.7,In-Progress
INT_0462,DS_302,3.5,53,50,9.7,In-Progress
INT_0462,SEC_101,5.0,88,93,16.0,Completed
INT_0462,AIML_101,3.0,63,55,10.6,In-Progress
INT_0462,AIML_202,4.5,64,64,10.1,In-Progress
INT_0462,CLD_101,4.0,66,64,11.9,In-Progress
INT_0462,DS_301,3.0,90,85,30.6,Completed
INT_0462,SEC_201,4.0,99,100,20.0,Completed
INT_0462,CLD_102,4.0,57,52,9.1,In-Progress
INT_0462,MOB_301,3.0,48,48,11.5,In-Progress
INT_0462,AIML_301,3.0,67,57,24.4,In-Progress
INT_0462,WEB_201,3.0,54,42,15.9,In-Progress
INT_0462,CLD_202,4.5,64,61,17.7,In-Progress
INT_0462,MOB_302,2.5,54,62,11.8,In-Progress
INT_0462,SEC_202,4.5,85,78,21.8,Completed
INT_0462,SEC_301,5.0,86,87,21.4,Completed
INT_0462,MOB_101,3.5,76,73,12.2,In-Progress
INT_0463,WEB_101,5.0,76,74,12.4,In-Progress
INT_0463,WEB_301,4.0,90,96,33.4,Completed
INT_0463,WEB_102,5.0,77,77,20.4,In-Progress
INT_0463,MOB_201,4.0,61,56,21.2,In-Progress
INT_0463,WEB_203,4.0,100,94,19.7,Completed
INT_0463,AIML_202,3.5,55,47,11.1,In-Progress
INT_0463,DS_202,4.0,37,40,8.3,Dropped
INT_0463,WEB_202,4.0,97,96,31.7,Completed
INT_0463,WEB_302,5.0,92,98,21.5,Completed
INT_0463,SEC_202,3.5,58,54,15.7,In-Progress
INT_0463,DS_101,3.0,53,57,10.3,In-Progress
INT_0463,AIML_302,4.0,52,49,19.7,In-Progress
INT_0463,DS_103,3.5,44,44,9.0,In-Progress
INT_0463,WEB_201,5.0,89,92,30.2,Completed
INT_0464,AIML_202,5.0,81,75,12.2,In-Progress
INT_0464,CLD_101,3.0,46,47,7.1,In-Progress
INT_0464,AIML_102,4.0,80,67,11.2,In-Progress
INT_0464,MOB_202,3.5,82,82,22.2,In-Progress
INT_0464,AIML_303,4.5,100,100,22.7,Completed
INT_0464,WEB_202,5.0,78,70,18.6,In-Progress
INT_0464,WEB_302,4.5,72,65,15.6,In-Progress
INT_0464,DS_301,3.0,54,48,22.4,In-Progress
INT_0464,AIML_201,4.5,72,72,21.4,In-Progress
INT_0464,SEC_302,3.0,76,73,24.3,In-Progress
INT_0464,AIML_302,4.5,100,100,38.3,Completed
INT_0464,AIML_101,4.5,79,85,15.6,In-Progress
INT_0464,AIML_301,5.0,94,87,35.1,Completed
INT_0465,MOB_201,4.5,66,61,23.1,In-Progress
INT_0465,WEB_203,4.5,60,68,12.8,In-Progress
INT_0465,DS_202,3.0,92,97,17.7,Completed
INT_0465,SEC_302,3.5,64,64,18.8,In-Progress
INT_0465,DS_101,3.0,80,77,16.8,In-Progress
INT_0465,AIML_303,4.5,98,100,24.3,Completed
INT_0465,AIML_302,4.0,71,64,20.5,In-Progress
INT_0465,CLD_201,3.5,64,68,15.6,In-Progress
INT_0465,AIML_101,4.5,83,81,17.9,In-Progress
INT_0465,AIML_202,3.5,80,79,12.0,In-Progress
INT_0465,CLD_101,3.0,73,80,12.6,In-Progress
INT_0465,WEB_102,2.0,70,75,18.2,In-Progress
INT_0465,AIML_102,3.5,93,88,14.2,Completed
INT_0465,AIML_201,4.5,84,76,26.3,In-Progress
INT_0465,CLD_102,2.5,94,100,12.0,Completed
INT_0465,AIML_301,4.0,96,91,40.5,Completed
INT_0465,CLD_202,3.5,82,84,26.7,In-Progress
INT_0465,WEB_301,3.5,57,47,17.9,In-Progress
INT_0465,WEB_202,3.5,69,71,18.6,In-Progress
INT_0465,SEC_202,4.0,80,75,22.4,In-Progress
INT_0465,MOB_101,3.5,74,77,14.7,In-Progress
INT_0465,DS_103,3.5,69,68,13.9,In-Progress
INT_0466,MOB_201,4.0,51,49,16.8,In-Progress
INT_0466,WEB_203,3.0,59,52,13.0,In-Progress
INT_0466,DS_202,3.5,72,77,15.5,In-Progress
INT_0466,SEC_302,2.0,28,40,9.4,Dropped
INT_0466,AIML_302,4.0,50,48,17.0,In-Progress
INT_0466,AIML_303,2.0,58,63,14.9,In-Progress
INT_0466,SEC_101,3.5,63,66,10.2,In-Progress
INT_0466,AIML_101,4.5,80,78,18.0,In-Progress
INT_0466,AIML_202,4.5,76,76,14.1,In-Progress
INT_0466,AIML_102,4.0,90,96,15.1,Completed
INT_0466,CLD_302,2.5,44,43,11.4,In-Progress
INT_0466,AIML_201,3.5,74,74,24.3,In-Progress
INT_0466,SEC_201,4.0,70,67,18.5,In-Progress
INT_0466,CLD_102,3.0,51,46,7.0,In-Progress
INT_0466,MOB_301,4.0,73,74,14.9,In-Progress
INT_0466,AIML_301,4.5,52,56,23.6,In-Progress
INT_0466,WEB_301,3.5,20,40,6.0,Dropped
INT_0466,MOB_302,3.5,25,40,5.8,Dropped
INT_0466,MOB_202,4.0,74,74,16.3,In-Progress
INT_0466,WEB_202,3.0,63,68,20.7,In-Progress
INT_0466,WEB_302,3.0,54,51,12.0,In-Progress
INT_0466,SEC_301,2.0,21,40,4.2,Dropped
INT_0466,MOB_101,2.0,83,83,16.8,In-Progress
INT_0467,MOB_201,3.5,70,71,24.3,In-Progress
INT_0467,WEB_203,3.5,66,70,15.6,In-Progress
INT_0467,DS_202,4.0,77,80,16.8,In-Progress
INT_0467,SEC_302,4.5,66,64,16.9,In-Progress
INT_0467,DS_101,3.0,65,67,15.5,In-Progress
INT_0467,CLD_201,3.5,57,47,12.5,In-Progress
INT_0467,AIML_303,2.0,56,63,12.3,In-Progress
INT_0467,DS_302,4.0,72,74,13.9,In-Progress
INT_0467,SEC_101,4.5,90,89,16.8,Completed
INT_0467,AIML_101,4.5,67,67,15.4,In-Progress
INT_0467,DS_301,3.0,26,40,8.6,Dropped
INT_0467,AIML_201,2.5,56,62,20.1,In-Progress
INT_0467,SEC_201,5.0,95,85,20.2,Completed
INT_0467,CLD_102,4.5,61,63,7.9,In-Progress
INT_0467,MOB_301,3.0,67,67,16.8,In-Progress
INT_0467,WEB_201,3.0,64,61,20.6,In-Progress
INT_0467,CLD_202,4.5,68,65,23.2,In-Progress
INT_0467,WEB_101,2.5,92,79,16.4,Completed
INT_0467,WEB_301,2.5,34,40,13.9,Dropped
INT_0467,MOB_202,3.0,55,52,16.6,In-Progress
INT_0467,SEC_202,4.0,85,95,24.5,Completed
INT_0467,SEC_301,2.5,47,46,10.6,In-Progress
INT_0468,MOB_201,5.0,86,78,27.4,Completed
INT_0468,DS_101,2.5,56,60,13.1,In-Progress
INT_0468,AIML_303,2.0,68,74,15.8,In-Progress
INT_0468,CLD_201,4.5,56,52,13.7,In-Progress
INT_0468,DS_302,3.5,56,50,11.1,In-Progress
INT_0468,SEC_101,3.0,67,71,13.0,In-Progress
INT_0468,CLD_302,4.5,74,77,21.2,In-Progress
INT_0468,CLD_301,3.5,80,93,26.3,In-Progress
INT_0468,MOB_301,4.0,100,100,24.8,Completed
INT_0468,AIML_301,3.5,69,60,26.7,In-Progress
INT_0468,CLD_202,3.5,61,60,17.3,In-Progress
INT_0468,WEB_101,3.5,66,71,12.3,In-Progress
INT_0468,WEB_301,3.5,56,61,16.4,In-Progress
INT_0468,MOB_202,4.5,82,82,21.3,In-Progress
INT_0468,MOB_302,5.0,98,97,21.3,Completed
INT_0468,WEB_202,3.5,44,40,10.7,In-Progress
INT_0468,SEC_202,3.0,74,72,23.7,In-Progress
INT_0468,SEC_301,4.5,74,68,18.0,In-Progress
INT_0468,MOB_101,3.0,95,89,13.7,Completed
INT_0468,DS_103,3.5,60,58,12.4,In-Progress
INT_0469,CLD_202,4.0,51,56,15.7,In-Progress
INT_0469,WEB_101,4.0,100,100,18.5,Completed
INT_0469,WEB_301,3.0,49,49,17.0,In-Progress
INT_0469,WEB_102,4.0,81,84,20.9,In-Progress
INT_0469,AIML_202,4.0,50,52,10.2,In-Progress
INT_0469,WEB_203,4.5,78,74,16.8,In-Progress
INT_0469,AIML_102,4.5,53,55,9.8,In-Progress
INT_0469,DS_202,4.0,70,74,14.9,In-Progress
INT_0469,WEB_202,5.0,95,88,25.6,Completed
INT_0469,WEB_302,3.0,57,57,15.2,In-Progress
INT_0469,CLD_201,4.0,49,44,12.5,In-Progress
INT_0469,WEB_201,3.5,91,91,30.9,Completed
INT_0470,MOB_201,4.0,70,70,21.0,In-Progress
INT_0470,WEB_203,4.0,80,80,20.3,In-Progress
INT_0470,DS_202,4.0,74,72,18.6,In-Progress
INT_0470,SEC_302,3.0,98,100,23.6,Completed
INT_0470,DS_101,4.5,100,100,20.4,Completed
INT_0470,AIML_302,4.0,67,65,21.8,In-Progress
INT_0470,CLD_201,4.0,88,80,20.6,Completed
INT_0470,DS_302,3.0,68,68,15.2,In-Progress
INT_0470,SEC_101,4.5,46,42,9.6,In-Progress
INT_0470,AIML_101,4.0,85,85,19.7,Completed
INT_0470,WEB_102,3.5,77,86,22.5,In-Progress
INT_0470,CLD_302,4.5,64,60,21.1,In-Progress
INT_0470,AIML_201,3.5,74,74,22.0,In-Progress
INT_0470,SEC_201,4.5,78,74,20.1,In-Progress
INT_0470,AIML_301,4.0,69,71,31.2,In-Progress
INT_0470,WEB_201,4.0,55,58,20.1,In-Progress
INT_0470,CLD_202,2.5,54,57,14.3,In-Progress
INT_0470,WEB_302,3.0,64,64,14.3,In-Progress
INT_0470,SEC_202,3.5,76,81,22.9,In-Progress
INT_0470,SEC_301,4.0,77,71,17.3,In-Progress
INT_0470,DS_103,4.5,57,55,9.8,In-Progress
INT_0471,CLD_101,3.5,64,61,13.0,In-Progress
INT_0471,WEB_301,2.5,45,46,13.0,In-Progress
INT_0471,AIML_102,3.0,85,85,12.7,Completed
INT_0471,DS_102,4.5,99,100,16.4,Completed
INT_0471,DS_202,3.5,88,93,22.2,Completed
INT_0471,DS_302,4.5,94,98,17.8,Completed
INT_0471,CLD_302,2.0,41,40,10.8,In-Progress
INT_0471,MOB_202,4.0,55,56,14.6,In-Progress
INT_0471,CLD_301,2.0,72,77,29.5,In-Progress
INT_0471,DS_301,3.0,49,48,19.2,In-Progress
INT_0471,DS_201,3.5,86,83,19.9,Completed
INT_0471,SEC_301,3.0,35,40,7.9,Dropped
INT_0471,SEC_302,3.0,20,40,6.0,Dropped
INT_0471,DS_101,4.5,89,82,22.1,Completed
INT_0471,AIML_302,2.0,51,56,15.5,In-Progress
INT_0471,AIML_101,4.0,79,84,15.0,In-Progress
INT_0471,CLD_102,3.5,59,69,9.4,In-Progress
INT_0471,DS_103,4.0,83,81,16.5,In-Progress
INT_0472,WEB_301,5.0,73,71,24.8,In-Progress
INT_0472,MOB_201,4.0,93,96,23.6,Completed
INT_0472,AIML_102,3.5,75,79,12.7,In-Progress
INT_0472,MOB_202,4.5,81,81,21.8,In-Progress
INT_0472,MOB_302,3.5,97,98,21.1,Completed
INT_0472,AIML_303,3.0,51,50,12.9,In-Progress
INT_0472,CLD_301,3.5,51,62,17.9,In-Progress
INT_0472,CLD_201,3.0,73,77,16.3,In-Progress
INT_0472,SEC_101,3.0,66,66,12.7,In-Progress
INT_0472,SEC_202,2.5,66,76,23.4,In-Progress
INT_0472,DS_301,4.5,54,59,16.4,In-Progress
INT_0472,AIML_201,3.5,66,71,17.9,In-Progress
INT_0472,DS_102,4.5,60,64,8.4,In-Progress
INT_0472,AIML_302,3.5,40,40,12.2,In-Progress
INT_0472,MOB_101,5.0,100,100,16.0,Completed
INT_0472,MOB_301,4.5,87,84,24.0,Completed
INT_0472,AIML_301,3.5,49,42,19.8,In-Progress
INT_0472,WEB_201,3.0,81,81,27.9,In-Progress
INT_0473,AIML_202,3.5,89,94,16.5,Completed
INT_0473,AIML_102,5.0,72,78,13.7,In-Progress
INT_0473,WEB_203,4.0,70,76,16.3,In-Progress
INT_0473,AIML_303,3.5,50,46,12.8,In-Progress
INT_0473,WEB_302,1.5,20,40,4.7,Dropped
INT_0473,SEC_202,3.5,69,64,22.2,In-Progress
INT_0473,SEC_101,3.5,62,72,9.8,In-Progress
INT_0473,AIML_201,5.0,87,85,29.7,Completed
INT_0473,SEC_301,3.5,45,46,9.3,In-Progress
INT_0473,SEC_201,4.5,64,61,15.7,In-Progress
INT_0473,DS_102,4.5,47,48,6.2,In-Progress
INT_0473,AIML_302,3.0,66,60,23.4,In-Progress
INT_0473,AIML_101,4.0,92,97,17.6,Completed
INT_0473,CLD_102,3.0,53,46,7.5,In-Progress
INT_0473,AIML_301,3.0,65,56,24.0,In-Progress
INT_0474,WEB_101,4.5,100,100,17.4,Completed
INT_0474,WEB_301,4.0,86,84,33.5,Completed
INT_0474,WEB_102,4.5,100,98,27.7,Completed
INT_0474,AIML_202,2.5,66,71,10.7,In-Progress
INT_0474,WEB_203,4.0,95,100,19.4,Completed
INT_0474,CLD_101,3.5,75,83,12.9,In-Progress
INT_0474,AIML_303,4.0,72,77,18.9,In-Progress
INT_0474,WEB_202,4.0,96,100,26.3,Completed
INT_0474,WEB_302,5.0,74,75,17.1,In-Progress
INT_0474,AIML_201,3.5,64,75,19.9,In-Progress
INT_0474,DS_101,4.0,81,80,20.0,In-Progress
INT_0474,AIML_302,3.5,51,46,19.5,In-Progress
INT_0474,MOB_301,3.5,59,61,16.3,In-Progress
INT_0474,DS_103,3.0,52,50,9.4,In-Progress
INT_0474,WEB_201,4.5,95,99,27.7,Completed
INT_0475,WEB_102,3.0,55,50,16.9,In-Progress
INT_0475,MOB_201,4.0,94,96,25.8,Completed
INT_0475,WEB_203,4.0,94,91,23.9,Completed
INT_0475,AIML_102,3.5,49,48,7.2,In-Progress
INT_0475,MOB_202,3.5,83,86,21.3,In-Progress
INT_0475,MOB_302,4.0,61,61,13.1,In-Progress
INT_0475,SEC_101,3.0,75,71,11.4,In-Progress
INT_0475,AIML_201,3.5,56,48,18.7,In-Progress
INT_0475,SEC_201,3.5,60,59,16.5,In-Progress
INT_0475,DS_102,3.5,71,69,10.0,In-Progress
INT_0475,MOB_101,4.5,92,91,16.3,Completed
INT_0475,MOB_301,3.0,84,93,19.6,In-Progress
INT_0476,MOB_201,4.5,81,83,21.5,In-Progress
INT_0476,WEB_203,3.5,76,79,16.3,In-Progress
INT_0476,DS_202,3.5,60,50,13.4,In-Progress
INT_0476,DS_201,4.5,59,57,12.1,In-Progress
INT_0476,SEC_302,4.0,64,67,16.0,In-Progress
INT_0476,AIML_303,2.5,70,81,19.2,In-Progress
INT_0476,CLD_201,3.0,73,79,18.1,In-Progress
INT_0476,DS_302,4.0,58,60,10.4,In-Progress
INT_0476,AIML_101,2.0,84,85,15.6,In-Progress
INT_0476,WEB_102,3.0,88,87,21.9,Completed
INT_0476,AIML_102,4.5,64,63,12.0,In-Progress
INT_0476,CLD_301,3.5,72,75,24.9,In-Progress
INT_0476,AIML_201,3.0,67,68,23.1,In-Progress
INT_0476,SEC_201,4.5,60,50,16.3,In-Progress
INT_0476,MOB_301,5.0,98,100,25.0,Completed
INT_0476,AIML_301,3.5,79,81,35.1,In-Progress
INT_0476,WEB_301,3.0,78,74,25.2,In-Progress
INT_0476,MOB_302,4.5,94,100,23.0,Completed
INT_0476,MOB_202,4.5,77,69,22.3,In-Progress
INT_0476,WEB_202,3.0,80,77,21.1,In-Progress
INT_0476,WEB_302,3.5,78,76,19.3,In-Progress
INT_0476,SEC_202,3.5,47,47,14.5,In-Progress
INT_0476,MOB_101,4.0,94,93,18.8,Completed
INT_0476,DS_103,4.0,89,97,13.6,Completed
INT_0477,CLD_202,4.0,63,64,20.5,In-Progress
INT_0477,WEB_101,4.5,80,78,15.4,In-Progress
INT_0477,DS_302,4.0,56,56,10.7,In-Progress
INT_0477,SEC_101,4.0,100,90,18.4,Completed
INT_0477,SEC_202,2.5,57,57,16.3,In-Progress
INT_0477,DS_201,4.0,57,61,15.5,In-Progress
INT_0477,SEC_301,3.0,55,51,10.5,In-Progress
INT_0477,AIML_201,3.0,55,56,13.9,In-Progress
INT_0477,SEC_302,3.5,53,55,12.7,In-Progress
INT_0477,DS_102,3.5,84,76,10.9,In-Progress
INT_0477,SEC_201,5.0,99,100,20.0,Completed
INT_0477,CLD_102,4.0,40,46,6.6,In-Progress
INT_0478,WEB_101,5.0,88,89,15.8,Completed
INT_0478,WEB_301,5.0,100,100,37.1,Completed
INT_0478,WEB_102,3.5,73,74,19.3,In-Progress
INT_0478,DS_103,4.0,77,76,11.6,In-Progress
INT_0478,WEB_203,3.5,83,87,20.0,In-Progress
INT_0478,CLD_101,4.0,83,74,12.9,In-Progress
INT_0478,AIML_102,4.0,62,60,11.8,In-Progress
INT_0478,DS_202,4.0,55,49,11.7,In-Progress
INT_0478,DS_302,2.5,58,61,12.9,In-Progress
INT_0478,WEB_202,3.5,97,98,24.0,Completed
INT_0478,WEB_302,4.5,100,100,25.6,Completed
INT_0478,SEC_101,4.0,60,60,11.0,In-Progress
INT_0478,DS_201,4.5,72,72,19.9,In-Progress
INT_0478,AIML_301,3.0,54,54,17.4,In-Progress
INT_0478,WEB_201,4.5,86,75,31.8,Completed
INT_0479,WEB_203,3.0,51,52,9.4,In-Progress
INT_0479,DS_201,5.0,62,58,13.0,In-Progress
INT_0479,SEC_302,5.0,84,86,23.0,In-Progress
INT_0479,AIML_302,4.5,60,57,19.2,In-Progress
INT_0479,SEC_101,5.0,92,87,16.5,Completed
INT_0479,AIML_101,3.5,78,81,13.4,In-Progress
INT_0479,AIML_202,4.0,64,62,12.3,In-Progress
INT_0479,WEB_102,4.5,56,55,13.4,In-Progress
INT_0479,CLD_302,3.0,62,62,20.7,In-Progress
INT_0479,CLD_301,3.0,43,50,13.7,In-Progress
INT_0479,AIML_201,4.0,51,49,16.0,In-Progress
INT_0479,SEC_201,5.0,86,86,19.7,Completed
INT_0479,MOB_301,4.0,78,72,21.0,In-Progress
INT_0479,AIML_301,4.0,69,68,29.4,In-Progress
INT_0479,CLD_102,3.5,86,87,12.8,Completed
INT_0479,CLD_202,4.0,81,79,22.3,In-Progress
INT_0479,WEB_101,4.5,83,86,14.1,In-Progress
INT_0479,MOB_302,4.0,61,61,11.7,In-Progress
INT_0479,MOB_202,4.0,88,84,21.9,Completed
INT_0479,WEB_202,3.0,74,81,17.9,In-Progress
INT_0479,SEC_202,4.0,100,96,36.4,Completed
INT_0479,SEC_301,4.5,92,90,20.5,Completed
INT_0479,DS_103,4.5,68,61,10.1,In-Progress
INT_0480,MOB_201,4.0,62,64,16.4,In-Progress
INT_0480,WEB_203,3.0,73,69,18.9,In-Progress
INT_0480,DS_202,3.5,46,40,11.6,In-Progress
INT_0480,DS_201,3.0,42,42,10.3,In-Progress
INT_0480,SEC_302,2.5,40,40,12.2,In-Progress
INT_0480,AIML_302,2.5,60,64,21.4,In-Progress
INT_0480,AIML_303,4.5,67,70,15.2,In-Progress
INT_0480,AIML_101,4.0,100,97,17.8,Completed
INT_0480,AIML_202,4.0,82,81,16.4,In-Progress
INT_0480,WEB_102,2.5,71,75,19.5,In-Progress
INT_0480,AIML_102,4.5,87,86,16.2,Completed
INT_0480,CLD_302,2.0,44,49,12.4,In-Progress
INT_0480,AIML_201,4.5,97,100,24.8,Completed
INT_0480,CLD_102,3.0,60,58,8.3,In-Progress
INT_0480,AIML_301,3.0,87,89,31.2,Completed
INT_0480,WEB_201,2.5,72,70,23.6,In-Progress
INT_0480,WEB_301,3.0,42,49,17.2,In-Progress
INT_0480,MOB_302,2.5,37,40,8.2,Dropped
INT_0480,WEB_302,2.5,34,40,8.3,Dropped
INT_0480,DS_102,3.5,50,53,7.6,In-Progress
INT_0480,MOB_101,2.5,71,72,11.1,In-Progress
INT_0481,MOB_201,4.0,86,88,23.7,Completed
INT_0481,DS_101,4.0,90,82,17.4,Completed
INT_0481,AIML_302,4.0,78,78,26.4,In-Progress
INT_0481,DS_302,4.0,47,50,10.2,In-Progress
INT_0481,AIML_101,4.0,70,73,12.2,In-Progress
INT_0481,AIML_202,4.5,62,65,12.8,In-Progress
INT_0481,CLD_101,3.0,61,62,11.9,In-Progress
INT_0481,AIML_102,4.0,56,68,10.6,In-Progress
INT_0481,MOB_301,4.0,94,100,26.0,Completed
INT_0481,AIML_301,4.0,75,71,32.0,In-Progress
INT_0481,WEB_201,4.5,69,75,23.8,In-Progress
INT_0481,CLD_202,3.5,62,62,16.2,In-Progress
INT_0481,WEB_101,4.0,74,85,13.6,In-Progress
INT_0481,WEB_301,4.0,68,64,23.7,In-Progress
INT_0481,MOB_302,5.0,100,96,21.0,Completed
INT_0481,MOB_202,5.0,100,97,25.7,Completed
INT_0481,WEB_202,3.0,64,69,18.3,In-Progress
INT_0481,WEB_302,4.0,52,54,12.0,In-Progress
INT_0481,SEC_301,3.5,51,42,11.6,In-Progress
INT_0481,DS_102,5.0,40,40,5.4,In-Progress
INT_0481,MOB_101,4.0,82,86,15.6,In-Progress
INT_0482,CLD_202,4.0,48,53,15.9,In-Progress
INT_0482,WEB_101,3.5,66,84,13.0,In-Progress
INT_0482,WEB_301,4.0,86,89,25.7,Completed
INT_0482,WEB_102,4.0,64,60,15.1,In-Progress
INT_0482,MOB_201,4.5,71,68,21.0,In-Progress
INT_0482,CLD_101,3.0,51,55,9.3,In-Progress
INT_0482,AIML_202,4.5,79,77,16.1,In-Progress
INT_0482,MOB_202,3.5,98,99,24.6,Completed
INT_0482,MOB_302,5.0,100,96,19.1,Completed
INT_0482,DS_202,5.0,52,51,10.6,In-Progress
INT_0482,WEB_202,3.0,100,92,31.6,Completed
INT_0482,SEC_101,4.0,62,62,12.5,In-Progress
INT_0482,SEC_202,4.5,57,61,15.4,In-Progress
INT_0482,SEC_301,3.0,56,62,12.8,In-Progress
INT_0482,MOB_101,5.0,96,93,16.5,Completed
INT_0482,MOB_301,4.5,89,85,22.9,Completed
INT_0483,WEB_301,2.0,44,44,15.1,In-Progress
INT_0483,WEB_102,4.0,50,46,15.1,In-Progress
INT_0483,MOB_302,2.0,29,40,6.0,Dropped
INT_0483,AIML_303,2.5,67,72,16.1,In-Progress
INT_0483,SEC_302,4.0,64,63,17.0,In-Progress
INT_0483,CLD_301,2.5,28,40,8.5,Dropped
INT_0483,SEC_101,4.0,65,63,13.3,In-Progress
INT_0483,SEC_202,4.5,81,84,21.0,In-Progress
INT_0483,DS_201,3.5,62,54,16.4,In-Progress
INT_0483,SEC_301,3.5,72,76,16.2,In-Progress
INT_0483,AIML_201,4.0,64,64,19.3,In-Progress
INT_0483,SEC_201,4.0,100,93,20.2,Completed
INT_0483,CLD_201,3.0,59,57,12.5,In-Progress
INT_0484,MOB_201,3.5,86,84,25.5,Completed
INT_0484,WEB_203,4.0,80,74,18.2,In-Progress
INT_0484,DS_201,3.5,61,63,12.4,In-Progress
INT_0484,SEC_302,3.0,67,73,19.5,In-Progress
INT_0484,DS_101,3.0,64,60,14.0,In-Progress
INT_0484,AIML_302,3.5,72,69,26.5,In-Progress
INT_0484,CLD_201,3.0,34,40,8.8,Dropped
INT_0484,DS_302,3.0,63,63,11.5,In-Progress
INT_0484,SEC_101,4.5,100,100,15.7,Completed
INT_0484,AIML_202,4.0,65,68,9.7,In-Progress
INT_0484,CLD_101,4.5,45,51,9.0,In-Progress
INT_0484,AIML_102,3.0,72,78,11.9,In-Progress
INT_0484,AIML_201,3.5,45,46,15.9,In-Progress
INT_0484,SEC_201,4.5,93,91,24.2,Completed
INT_0484,AIML_301,3.5,70,70,22.7,In-Progress
INT_0484,WEB_301,4.5,52,47,19.8,In-Progress
INT_0484,MOB_302,4.0,62,61,14.5,In-Progress
INT_0484,WEB_202,5.0,54,56,16.9,In-Progress
INT_0484,WEB_302,4.0,71,71,20.1,In-Progress
INT_0484,SEC_202,4.5,96,99,25.4,Completed
INT_0484,SEC_301,4.0,98,87,20.3,Completed
INT_0484,DS_102,4.5,74,71,12.5,In-Progress
INT_0484,MOB_101,5.0,68,67,12.2,In-Progress
INT_0485,MOB_201,4.5,98,98,28.6,Completed
INT_0485,MOB_202,4.5,88,97,23.4,Completed
INT_0485,MOB_302,4.0,100,89,24.7,Completed
INT_0485,DS_301,4.0,74,74,21.4,In-Progress
INT_0485,CLD_102,4.0,53,46,8.3,In-Progress
INT_0485,AIML_201,3.5,46,45,16.7,In-Progress
INT_0485,SEC_301,3.5,60,64,15.3,In-Progress
INT_0485,SEC_302,4.0,45,40,12.2,In-Progress
INT_0485,DS_102,4.5,80,79,10.5,In-Progress
INT_0485,MOB_101,5.0,100,100,18.3,Completed
INT_0485,MOB_301,4.5,100,100,26.2,Completed
INT_0485,DS_103,3.5,60,53,8.8,In-Progress
INT_0486,MOB_201,4.0,59,55,20.7,In-Progress
INT_0486,DS_202,4.0,61,65,13.0,In-Progress
INT_0486,DS_201,3.0,60,56,15.4,In-Progress
INT_0486,SEC_302,5.0,70,68,20.1,In-Progress
INT_0486,AIML_303,3.0,49,47,11.7,In-Progress
INT_0486,AIML_302,3.5,70,68,20.0,In-Progress
INT_0486,DS_302,3.5,55,51,9.8,In-Progress
INT_0486,SEC_101,4.0,87,85,16.4,Completed
INT_0486,CLD_101,3.5,67,64,9.9,In-Progress
INT_0486,SEC_201,5.0,89,89,22.7,Completed
INT_0486,CLD_202,3.0,76,77,26.5,In-Progress
INT_0486,WEB_101,3.5,68,69,13.3,In-Progress
INT_0486,WEB_301,3.5,58,53,22.4,In-Progress
INT_0486,MOB_302,5.0,46,41,11.4,In-Progress
INT_0486,WEB_202,3.5,63,68,18.8,In-Progress
INT_0486,WEB_302,3.0,71,69,14.6,In-Progress
INT_0486,SEC_202,5.0,80,79,20.9,In-Progress
INT_0486,SEC_301,5.0,54,63,12.6,In-Progress
INT_0486,DS_103,4.5,98,93,16.0,Completed
INT_0487,AIML_301,1.5,26,40,8.5,Dropped
INT_0487,CLD_101,3.0,100,100,16.6,Completed
INT_0487,DS_202,4.0,94,94,18.3,Completed
INT_0487,DS_302,5.0,70,69,12.5,In-Progress
INT_0487,DS_102,5.0,100,100,16.6,Completed
INT_0487,MOB_302,2.5,37,40,9.1,Dropped
INT_0487,CLD_301,4.0,45,40,18.7,In-Progress
INT_0487,WEB_202,3.5,40,41,12.3,In-Progress
INT_0487,CLD_302,2.0,47,44,12.6,In-Progress
INT_0487,DS_301,5.0,70,75,27.0,In-Progress
INT_0487,DS_201,4.5,88,90,24.7,Completed
INT_0487,SEC_101,2.5,63,70,11.1,In-Progress
INT_0487,SEC_301,2.5,20,40,4.3,Dropped
INT_0487,DS_101,4.0,100,98,22.1,Completed
INT_0487,CLD_201,3.5,76,83,14.9,In-Progress
INT_0487,AIML_101,2.5,84,79,16.1,In-Progress
INT_0487,DS_103,4.5,99,98,19.1,Completed
INT_0488,WEB_203,3.0,74,75,17.8,In-Progress
INT_0488,SEC_302,2.5,73,79,21.5,In-Progress
INT_0488,AIML_303,3.0,61,55,12.8,In-Progress
INT_0488,SEC_101,5.0,100,90,19.5,Completed
INT_0488,AIML_101,3.5,56,56,12.8,In-Progress
INT_0488,AIML_202,4.0,82,84,15.9,In-Progress
INT_0488,CLD_101,3.5,90,92,14.6,Completed
INT_0488,AIML_102,3.0,54,59,7.7,In-Progress
INT_0488,CLD_302,2.5,41,48,11.2,In-Progress
INT_0488,SEC_201,4.5,67,63,17.6,In-Progress
INT_0488,MOB_301,2.5,81,84,21.1,In-Progress
INT_0488,CLD_102,3.5,71,70,11.8,In-Progress
INT_0488,AIML_301,3.0,48,57,21.8,In-Progress
INT_0488,WEB_201,3.5,48,47,17.1,In-Progress
INT_0488,WEB_101,3.5,54,64,8.9,In-Progress
INT_0488,MOB_202,3.0,80,78,18.7,In-Progress
INT_0488,WEB_302,2.5,48,52,11.6,In-Progress
INT_0488,SEC_202,5.0,85,84,26.9,Completed
INT_0488,SEC_301,3.0,60,48,13.7,In-Progress
INT_0489,MOB_201,4.0,86,86,23.4,Completed
INT_0489,WEB_203,3.0,77,74,17.1,In-Progress
INT_0489,DS_202,4.0,51,48,10.5,In-Progress
INT_0489,SEC_302,3.5,78,70,19.9,In-Progress
INT_0489,AIML_303,3.5,79,74,20.9,In-Progress
INT_0489,DS_302,2.0,54,53,9.6,In-Progress
INT_0489,SEC_101,4.0,58,49,11.0,In-Progress
INT_0489,AIML_101,4.5,78,77,18.1,In-Progress
INT_0489,AIML_202,4.0,55,60,9.2,In-Progress
INT_0489,CLD_101,3.0,83,79,15.5,In-Progress
INT_0489,WEB_102,3.5,52,44,14.1,In-Progress
INT_0489,CLD_301,3.0,68,61,25.3,In-Progress
INT_0489,SEC_201,3.0,56,53,13.2,In-Progress
INT_0489,MOB_301,4.5,95,100,23.4,Completed
INT_0489,WEB_201,3.5,60,58,22.5,In-Progress
INT_0489,CLD_202,3.5,52,42,14.6,In-Progress
INT_0489,WEB_101,4.0,85,95,14.3,Completed
INT_0489,MOB_202,3.5,64,61,16.3,In-Progress
INT_0489,MOB_302,4.0,87,89,19.9,Completed
INT_0489,SEC_202,3.5,63,64,18.7,In-Progress
INT_0489,SEC_301,4.0,84,96,19.0,In-Progress
INT_0489,MOB_101,5.0,100,100,20.5,Completed
INT_0489,DS_103,3.5,82,79,15.1,In-Progress
INT_0490,CLD_101,3.5,65,58,9.8,In-Progress
INT_0490,WEB_301,4.0,72,75,22.4,In-Progress
INT_0490,WEB_203,3.5,67,73,13.8,In-Progress
INT_0490,DS_202,4.5,100,99,18.9,Completed
INT_0490,DS_302,3.5,64,60,14.7,In-Progress
INT_0490,DS_102,3.5,77,79,12.1,In-Progress
INT_0490,SEC_302,2.5,71,77,23.0,In-Progress
INT_0490,WEB_302,3.0,57,52,11.7,In-Progress
INT_0490,DS_301,5.0,92,90,26.8,Completed
INT_0490,DS_201,4.0,85,85,18.4,Completed
INT_0490,SEC_202,4.5,74,78,23.0,In-Progress
INT_0490,SEC_201,4.0,45,40,11.4,In-Progress
INT_0490,DS_101,4.0,76,78,15.0,In-Progress
INT_0490,AIML_302,3.5,65,60,22.5,In-Progress
INT_0490,MOB_301,3.5,53,43,12.5,In-Progress
INT_0490,DS_103,4.5,75,72,12.5,In-Progress
INT_0490,WEB_201,3.5,64,68,22.9,In-Progress
INT_0491,MOB_201,4.5,68,78,23.4,In-Progress
INT_0491,CLD_201,5.0,97,97,23.4,Completed
INT_0491,DS_302,3.5,61,54,11.8,In-Progress
INT_0491,SEC_101,3.0,50,60,7.4,In-Progress
INT_0491,AIML_101,3.5,69,66,14.6,In-Progress
INT_0491,AIML_202,4.0,72,73,11.8,In-Progress
INT_0491,CLD_101,3.5,81,75,13.2,In-Progress
INT_0491,WEB_102,3.5,47,43,12.2,In-Progress
INT_0491,AIML_102,4.5,58,62,10.2,In-Progress
INT_0491,CLD_302,3.0,79,73,22.7,In-Progress
INT_0491,CLD_301,3.0,59,64,21.0,In-Progress
INT_0491,AIML_201,4.0,48,48,14.4,In-Progress
INT_0491,MOB_301,3.0,61,68,12.9,In-Progress
INT_0491,CLD_102,4.0,92,96,15.5,Completed
INT_0491,WEB_201,4.5,69,70,20.3,In-Progress
INT_0491,CLD_202,4.5,92,91,24.4,Completed
INT_0491,WEB_101,4.0,88,80,18.0,Completed
INT_0491,WEB_301,1.5,29,40,12.1,Dropped
INT_0491,MOB_302,3.0,25,40,5.1,Dropped
INT_0491,WEB_202,2.5,56,55,17.0,In-Progress
INT_0491,WEB_302,3.5,49,40,11.0,In-Progress
INT_0491,SEC_202,3.5,51,47,17.7,In-Progress
INT_0492,DS_202,3.5,56,57,10.4,In-Progress
INT_0492,SEC_302,4.0,64,68,19.3,In-Progress
INT_0492,DS_101,2.5,58,62,14.8,In-Progress
INT_0492,CLD_201,4.0,85,90,17.2,Completed
INT_0492,DS_302,3.5,52,53,9.5,In-Progress
INT_0492,SEC_101,3.5,60,62,11.8,In-Progress
INT_0492,AIML_101,3.0,58,49,9.7,In-Progress
INT_0492,CLD_101,5.0,67,73,11.7,In-Progress
INT_0492,CLD_302,5.0,100,100,26.9,Completed
INT_0492,CLD_301,4.5,86,75,27.6,Completed
INT_0492,DS_301,4.0,60,61,21.8,In-Progress
INT_0492,SEC_201,4.0,87,81,23.4,Completed
INT_0492,CLD_102,5.0,100,100,17.2,Completed
INT_0492,WEB_201,4.5,62,55,20.6,In-Progress
INT_0492,CLD_202,4.5,98,89,32.2,Completed
INT_0492,WEB_101,4.0,38,40,7.5,Dropped
INT_0492,MOB_302,4.0,80,75,19.1,In-Progress
INT_0492,WEB_302,3.5,63,61,13.0,In-Progress
INT_0492,SEC_202,5.0,70,71,25.2,In-Progress
INT_0492,SEC_301,4.0,55,60,12.3,In-Progress
INT_0492,DS_102,5.0,47,55,6.1,In-Progress
INT_0492,DS_103,4.0,57,59,8.3,In-Progress
INT_0493,WEB_203,5.0,72,72,16.0,In-Progress
INT_0493,DS_202,3.5,66,65,13.0,In-Progress
INT_0493,DS_201,3.0,77,81,20.7,In-Progress
INT_0493,DS_101,3.5,58,60,10.7,In-Progress
INT_0493,AIML_302,2.0,60,58,19.2,In-Progress
INT_0493,CLD_201,4.5,100,100,20.1,Completed
INT_0493,DS_302,3.5,73,73,15.9,In-Progress
INT_0493,SEC_101,4.5,32,40,4.8,Dropped
INT_0493,AIML_202,3.0,69,67,10.0,In-Progress
INT_0493,CLD_101,4.0,75,79,11.5,In-Progress
INT_0493,CLD_302,3.5,40,40,11.4,In-Progress
INT_0493,CLD_301,3.5,80,78,23.3,In-Progress
INT_0493,DS_301,2.5,46,42,15.0,In-Progress
INT_0493,SEC_201,4.5,81,83,19.2,In-Progress
INT_0493,CLD_102,4.0,89,96,12.8,Completed
INT_0493,CLD_202,4.0,91,99,27.6,Completed
INT_0493,WEB_101,4.0,71,65,12.8,In-Progress
INT_0493,WEB_301,2.0,48,40,18.3,In-Progress
INT_0493,MOB_202,3.5,48,50,14.3,In-Progress
INT_0493,WEB_202,3.0,69,72,18.6,In-Progress
INT_0493,WEB_302,3.5,44,40,12.3,In-Progress
INT_0493,DS_103,4.5,62,66,12.3,In-Progress
INT_0494,SEC_302,3.0,65,62,17.1,In-Progress
INT_0494,DS_101,5.0,50,40,11.9,In-Progress
INT_0494,AIML_302,3.5,48,47,18.4,In-Progress
INT_0494,CLD_201,3.0,56,53,12.3,In-Progress
INT_0494,DS_302,3.5,74,82,17.0,In-Progress
INT_0494,SEC_101,3.5,77,73,13.8,In-Progress
INT_0494,AIML_202,3.0,44,40,7.9,In-Progress
INT_0494,WEB_102,3.0,74,76,19.6,In-Progress
INT_0494,CLD_302,3.0,45,42,13.7,In-Progress
INT_0494,CLD_301,2.5,39,40,12.4,Dropped
INT_0494,DS_301,2.5,44,43,16.4,In-Progress
INT_0494,SEC_201,4.0,94,91,19.7,Completed
INT_0494,CLD_102,2.5,69,72,8.9,In-Progress
INT_0494,AIML_301,3.0,40,40,14.9,In-Progress
INT_0494,WEB_201,3.0,63,62,20.3,In-Progress
INT_0494,MOB_301,4.0,61,60,16.3,In-Progress
INT_0494,CLD_202,4.5,35,40,11.9,Dropped
INT_0494,MOB_302,2.5,50,50,9.5,In-Progress
INT_0494,SEC_202,4.5,100,97,28.6,Completed
INT_0494,SEC_301,3.0,69,71,16.0,In-Progress
INT_0494,DS_102,4.0,46,44,7.5,In-Progress
INT_0494,MOB_101,4.0,56,58,9.7,In-Progress
INT_0495,AIML_301,2.5,21,40,6.8,Dropped
INT_0495,WEB_301,2.5,45,49,15.4,In-Progress
INT_0495,MOB_201,4.0,93,89,27.4,Completed
INT_0495,WEB_203,3.5,70,75,12.7,In-Progress
INT_0495,MOB_302,3.5,74,71,17.0,In-Progress
INT_0495,MOB_202,3.5,100,95,29.2,Completed
INT_0495,WEB_202,3.5,49,47,13.2,In-Progress
INT_0495,AIML_101,3.5,55,53,8.9,In-Progress
INT_0495,DS_301,2.0,47,40,18.7,In-Progress
INT_0495,CLD_102,4.0,55,51,9.7,In-Progress
INT_0495,AIML_201,3.5,63,59,16.1,In-Progress
INT_0495,SEC_301,3.5,37,41,6.8,Dropped
INT_0495,MOB_101,3.5,93,89,17.9,Completed
INT_0495,MOB_301,4.0,91,86,20.8,Completed
INT_0495,DS_103,3.5,59,51,11.4,In-Progress
INT_0496,MOB_201,4.5,100,96,31.7,Completed
INT_0496,SEC_302,3.0,52,54,16.4,In-Progress
INT_0496,DS_101,3.5,62,74,14.5,In-Progress
INT_0496,CLD_201,3.5,69,63,14.1,In-Progress
INT_0496,SEC_101,4.5,61,60,9.9,In-Progress
INT_0496,CLD_101,3.5,49,56,8.6,In-Progress
INT_0496,AIML_102,3.5,46,44,8.6,In-Progress
INT_0496,CLD_302,2.0,38,40,11.1,Dropped
INT_0496,CLD_301,2.0,44,40,17.4,In-Progress
INT_0496,DS_301,2.0,47,50,16.4,In-Progress
INT_0496,AIML_201,4.5,63,62,21.6,In-Progress
INT_0496,MOB_301,4.5,89,84,19.6,Completed
INT_0496,AIML_301,2.5,44,50,14.9,In-Progress
INT_0496,CLD_202,3.5,49,46,15.6,In-Progress
INT_0496,MOB_202,3.5,77,76,19.4,In-Progress
INT_0496,MOB_302,4.5,75,78,13.8,In-Progress
INT_0496,WEB_202,3.0,77,75,25.9,In-Progress
INT_0496,DS_102,4.5,74,74,12.4,In-Progress
INT_0496,MOB_101,3.0,79,78,15.1,In-Progress
INT_0497,DS_202,3.5,63,59,14.5,In-Progress
INT_0497,SEC_302,4.5,74,77,24.7,In-Progress
INT_0497,AIML_302,3.0,80,83,23.1,In-Progress
INT_0497,AIML_303,4.0,75,76,17.0,In-Progress
INT_0497,DS_302,3.0,52,53,12.1,In-Progress
INT_0497,SEC_101,4.0,86,88,16.6,Completed
INT_0497,AIML_101,3.5,68,65,13.4,In-Progress
INT_0497,AIML_202,3.5,69,68,13.4,In-Progress
INT_0497,CLD_101,3.0,62,65,12.2,In-Progress
INT_0497,WEB_102,3.0,74,71,17.4,In-Progress
INT_0497,CLD_302,2.5,87,92,24.9,Completed
INT_0497,DS_301,2.5,79,73,25.6,In-Progress
INT_0497,AIML_201,4.0,66,63,22.2,In-Progress
INT_0497,SEC_201,5.0,83,88,21.6,In-Progress
INT_0497,MOB_301,4.5,61,62,15.2,In-Progress
INT_0497,AIML_301,3.5,52,42,18.9,In-Progress
INT_0497,WEB_301,3.5,41,40,12.9,In-Progress
INT_0497,MOB_302,3.5,65,59,12.2,In-Progress
INT_0497,SEC_202,4.0,70,68,20.3,In-Progress
INT_0497,SEC_301,3.5,94,96,24.4,Completed
INT_0497,DS_102,5.0,76,75,11.9,In-Progress
INT_0497,DS_103,4.0,74,63,11.0,In-Progress
INT_0498,MOB_201,3.0,57,56,17.3,In-Progress
INT_0498,WEB_203,4.0,100,99,23.8,Completed
INT_0498,DS_202,3.5,54,54,12.3,In-Progress
INT_0498,DS_201,4.0,40,46,10.0,In-Progress
INT_0498,SEC_302,2.5,44,41,12.8,In-Progress
INT_0498,CLD_201,3.5,48,44,12.4,In-Progress
INT_0498,AIML_302,1.5,21,40,6.7,Dropped
INT_0498,AIML_101,3.5,59,48,13.2,In-Progress
INT_0498,AIML_202,4.0,50,49,8.7,In-Progress
INT_0498,CLD_101,3.5,65,61,10.7,In-Progress
INT_0498,WEB_102,4.0,86,90,19.9,Completed
INT_0498,AIML_102,4.0,44,40,7.6,In-Progress
INT_0498,SEC_201,4.0,45,49,9.0,In-Progress
INT_0498,CLD_102,4.0,66,60,9.5,In-Progress
INT_0498,WEB_201,4.5,98,99,35.2,Completed
INT_0498,WEB_101,3.5,100,96,15.4,Completed
INT_0498,WEB_301,4.0,53,45,16.6,In-Progress
INT_0498,MOB_302,2.0,55,56,12.0,In-Progress
INT_0498,WEB_202,4.0,80,80,24.9,In-Progress
INT_0498,WEB_302,3.5,87,90,21.3,Completed
INT_0498,SEC_202,4.0,55,66,14.1,In-Progress
INT_0498,DS_103,3.5,68,62,11.8,In-Progress
INT_0499,MOB_201,3.0,55,52,16.5,In-Progress
INT_0499,DS_202,3.5,41,42,10.1,In-Progress
INT_0499,DS_101,3.5,95,96,24.2,Completed
INT_0499,AIML_303,4.5,59,51,14.4,In-Progress
INT_0499,AIML_302,5.0,100,100,34.0,Completed
INT_0499,DS_302,3.0,69,68,15.4,In-Progress
INT_0499,AIML_101,4.0,100,100,18.0,Completed
INT_0499,AIML_202,5.0,72,70,12.7,In-Progress
INT_0499,WEB_102,5.0,82,85,21.0,In-Progress
INT_0499,AIML_102,5.0,100,97,16.6,Completed
INT_0499,AIML_201,3.5,81,79,24.6,In-Progress
INT_0499,SEC_201,3.0,95,91,21.8,Completed
INT_0499,MOB_301,3.5,75,72,18.8,In-Progress
INT_0499,AIML_301,4.5,100,100,43.9,Completed
INT_0499,WEB_101,4.0,79,78,13.0,In-Progress
INT_0499,MOB_302,3.5,57,67,13.8,In-Progress
INT_0499,MOB_202,3.0,58,53,13.6,In-Progress
INT_0499,WEB_202,3.5,56,63,13.2,In-Progress
INT_0499,MOB_101,4.5,72,73,12.9,In-Progress
INT_0499,DS_103,4.0,87,81,18.0,Completed
INT_0500,AIML_202,4.5,100,98,15.0,Completed
INT_0500,WEB_301,3.0,51,46,17.2,In-Progress
INT_0500,WEB_102,3.5,77,71,18.8,In-Progress
INT_0500,MOB_201,3.0,49,45,17.5,In-Progress
INT_0500,AIML_102,4.0,97,90,14.4,Completed
INT_0500,MOB_202,3.5,57,55,16.3,In-Progress
INT_0500,DS_302,3.5,80,75,13.9,In-Progress
INT_0500,AIML_302,5.0,100,89,27.5,Completed
INT_0500,CLD_301,4.5,74,74,26.3,In-Progress
INT_0500,WEB_302,4.5,74,71,20.1,In-Progress
INT_0500,SEC_101,3.0,62,61,10.7,In-Progress
INT_0500,DS_301,4.5,79,85,25.4,In-Progress
INT_0500,AIML_201,5.0,100,96,35.8,Completed
INT_0500,AIML_303,5.0,84,82,23.5,In-Progress
INT_0500,AIML_101,5.0,90,99,19.8,Completed
INT_0500,AIML_301,4.0,93,92,32.2,Completed
INT_0501,AIML_202,4.5,100,88,15.1,Completed
INT_0501,WEB_102,4.0,54,44,14.1,In-Progress
INT_0501,MOB_201,3.0,80,84,26.9,In-Progress
INT_0501,AIML_102,4.5,94,99,14.3,Completed
INT_0501,WEB_203,4.5,77,72,16.3,In-Progress
INT_0501,AIML_303,4.0,73,77,18.0,In-Progress
INT_0501,WEB_202,3.5,72,71,17.6,In-Progress
INT_0501,WEB_302,4.0,63,60,13.9,In-Progress
INT_0501,AIML_201,4.5,98,99,29.5,Completed
INT_0501,SEC_201,4.0,71,63,17.9,In-Progress
INT_0501,AIML_302,5.0,88,93,30.3,Completed
INT_0501,AIML_101,4.5,100,95,17.9,Completed
INT_0501,CLD_102,2.5,84,82,12.0,In-Progress
INT_0501,AIML_301,3.5,63,62,24.3,In-Progress
INT_0501,CLD_201,3.0,98,98,18.7,Completed
INT_0502,WEB_101,5.0,100,92,14.7,Completed
INT_0502,WEB_301,3.0,88,84,27.3,Completed
INT_0502,WEB_102,3.5,90,90,25.7,Completed
INT_0502,WEB_203,4.0,82,72,16.9,In-Progress
INT_0502,AIML_102,4.5,48,56,8.4,In-Progress
INT_0502,DS_202,3.0,56,57,14.4,In-Progress
INT_0502,MOB_202,3.5,59,57,16.1,In-Progress
INT_0502,WEB_202,5.0,84,89,25.3,In-Progress
INT_0502,WEB_302,5.0,69,65,16.6,In-Progress
INT_0502,SEC_301,2.5,42,43,9.4,In-Progress
INT_0502,AIML_201,3.5,67,69,23.8,In-Progress
INT_0502,SEC_201,3.0,61,63,15.4,In-Progress
INT_0502,DS_102,4.0,74,74,10.1,In-Progress
INT_0502,AIML_302,2.5,41,40,15.1,In-Progress
INT_0502,MOB_101,3.0,63,60,9.7,In-Progress
INT_0502,CLD_102,3.5,46,45,8.2,In-Progress
INT_0502,WEB_201,3.5,97,99,35.6,Completed
INT_0503,MOB_201,5.0,80,76,27.9,In-Progress
INT_0503,DS_202,4.0,60,59,13.9,In-Progress
INT_0503,DS_201,4.0,88,87,20.5,Completed
INT_0503,SEC_302,2.0,31,40,8.3,Dropped
INT_0503,DS_101,3.5,36,40,7.5,Dropped
INT_0503,AIML_303,2.5,37,40,8.4,Dropped
INT_0503,AIML_302,3.0,58,61,21.6,In-Progress
INT_0503,SEC_101,4.0,73,73,13.7,In-Progress
INT_0503,AIML_202,3.0,63,48,12.2,In-Progress
INT_0503,CLD_301,2.5,20,40,6.0,Dropped
INT_0503,AIML_201,3.5,57,60,18.9,In-Progress
INT_0503,SEC_201,2.5,64,61,17.5,In-Progress
INT_0503,MOB_301,5.0,57,44,11.8,In-Progress
INT_0503,AIML_301,2.5,38,40,16.2,Dropped
INT_0503,CLD_202,4.0,76,79,19.5,In-Progress
INT_0503,MOB_202,4.5,87,86,23.6,Completed
INT_0503,MOB_302,3.5,52,48,12.5,In-Progress
INT_0503,WEB_302,3.0,50,46,13.6,In-Progress
INT_0503,SEC_202,3.5,63,65,17.0,In-Progress
INT_0503,SEC_301,3.5,52,52,9.6,In-Progress
INT_0503,MOB_101,4.0,85,79,16.7,Completed
INT_0504,AIML_202,4.5,94,100,14.2,Completed
INT_0504,CLD_101,3.5,68,68,13.6,In-Progress
INT_0504,AIML_102,4.5,62,55,8.7,In-Progress
INT_0504,AIML_303,5.0,80,76,20.2,In-Progress
INT_0504,SEC_302,4.0,74,70,18.5,In-Progress
INT_0504,SEC_101,3.0,79,72,14.6,In-Progress
INT_0504,AIML_201,5.0,100,96,30.7,Completed
INT_0504,SEC_201,3.0,59,65,15.5,In-Progress
INT_0504,AIML_302,3.5,95,90,27.7,Completed
INT_0504,AIML_101,4.5,71,75,16.4,In-Progress
INT_0504,AIML_301,3.5,92,86,40.9,Completed
INT_0504,WEB_201,3.5,51,52,17.9,In-Progress
INT_0505,CLD_202,3.0,71,81,23.8,In-Progress
INT_0505,CLD_101,3.5,61,59,11.9,In-Progress
INT_0505,MOB_101,3.5,82,85,16.9,In-Progress
INT_0505,AIML_102,3.5,48,45,6.6,In-Progress
INT_0505,DS_302,4.5,67,62,12.2,In-Progress
INT_0505,CLD_302,3.5,54,55,13.8,In-Progress
INT_0505,SEC_101,5.0,89,94,13.8,Completed
INT_0505,SEC_202,3.5,86,85,25.1,Completed
INT_0505,DS_201,2.0,71,71,16.2,In-Progress
INT_0505,SEC_301,5.0,80,67,19.6,In-Progress
INT_0505,CLD_102,4.0,67,71,9.1,In-Progress
INT_0505,SEC_302,4.5,50,41,14.2,In-Progress
INT_0505,AIML_303,3.5,47,45,13.0,In-Progress
INT_0505,SEC_201,4.5,95,86,24.8,Completed
INT_0505,MOB_301,3.0,83,91,17.3,In-Progress
INT_0506,WEB_203,4.5,92,90,20.3,Completed
INT_0506,DS_201,3.0,57,58,15.7,In-Progress
INT_0506,SEC_302,3.0,43,40,10.8,In-Progress
INT_0506,DS_101,3.5,81,88,15.9,In-Progress
INT_0506,CLD_201,3.5,60,50,14.8,In-Progress
INT_0506,AIML_302,3.5,29,40,7.9,Dropped
INT_0506,DS_302,4.0,46,47,9.7,In-Progress
INT_0506,SEC_101,3.0,69,63,12.6,In-Progress
INT_0506,AIML_101,4.0,64,62,14.4,In-Progress
INT_0506,CLD_101,3.0,49,40,9.2,In-Progress
INT_0506,WEB_102,3.0,83,87,23.1,In-Progress
INT_0506,DS_301,4.0,24,40,7.7,Dropped
INT_0506,AIML_201,3.0,57,61,15.7,In-Progress
INT_0506,CLD_102,4.5,63,68,8.4,In-Progress
INT_0506,WEB_201,4.5,72,76,23.7,In-Progress
INT_0506,CLD_202,3.5,74,75,21.1,In-Progress
INT_0506,WEB_101,4.0,76,76,14.1,In-Progress
INT_0506,WEB_301,3.5,61,61,21.0,In-Progress
INT_0506,MOB_302,2.5,33,40,8.6,Dropped
INT_0506,WEB_202,5.0,85,79,27.0,Completed
INT_0506,WEB_302,3.0,59,49,16.8,In-Progress
INT_0506,SEC_202,3.0,78,77,27.4,In-Progress
INT_0506,MOB_101,4.0,55,52,11.0,In-Progress
INT_0506,DS_103,3.5,53,46,8.7,In-Progress
INT_0507,CLD_202,4.0,73,63,25.9,In-Progress
INT_0507,AIML_202,2.5,63,62,9.8,In-Progress
INT_0507,CLD_101,5.0,100,100,15.6,Completed
INT_0507,WEB_102,4.0,75,69,21.0,In-Progress
INT_0507,MOB_302,4.0,51,53,11.9,In-Progress
INT_0507,DS_302,4.0,62,62,11.0,In-Progress
INT_0507,MOB_202,3.5,66,72,18.3,In-Progress
INT_0507,CLD_302,5.0,81,95,22.5,In-Progress
INT_0507,CLD_301,4.5,81,76,33.7,In-Progress
INT_0507,DS_202,2.5,70,71,14.7,In-Progress
INT_0507,SEC_101,4.5,65,66,13.1,In-Progress
INT_0507,DS_201,4.5,64,66,13.9,In-Progress
INT_0507,DS_301,4.0,65,69,24.5,In-Progress
INT_0507,AIML_201,2.5,70,63,20.1,In-Progress
INT_0507,DS_102,4.0,83,80,10.6,In-Progress
INT_0507,CLD_201,4.5,85,90,16.5,Completed
INT_0507,CLD_102,4.5,89,90,14.8,Completed
INT_0507,DS_103,3.0,85,85,13.1,Completed
INT_0508,WEB_203,3.5,89,80,18.0,Completed
INT_0508,DS_201,3.0,70,74,19.3,In-Progress
INT_0508,SEC_302,3.5,52,55,14.2,In-Progress
INT_0508,DS_101,4.0,71,69,13.0,In-Progress
INT_0508,DS_302,2.0,48,46,10.3,In-Progress
INT_0508,AIML_101,3.0,47,41,10.3,In-Progress
INT_0508,AIML_202,4.0,79,82,14.8,In-Progress
INT_0508,WEB_102,4.5,81,84,24.6,In-Progress
INT_0508,AIML_102,3.0,62,59,9.1,In-Progress
INT_0508,DS_301,4.5,67,62,26.7,In-Progress
INT_0508,MOB_301,5.0,54,51,13.8,In-Progress
INT_0508,AIML_301,4.5,80,73,27.6,In-Progress
INT_0508,WEB_201,3.5,90,83,27.6,Completed
INT_0508,WEB_101,5.0,81,78,15.7,In-Progress
INT_0508,WEB_301,5.0,81,77,25.0,In-Progress
INT_0508,WEB_202,4.5,92,96,23.3,Completed
INT_0508,WEB_302,5.0,96,99,21.5,Completed
INT_0508,SEC_301,2.5,62,58,14.9,In-Progress
INT_0508,MOB_101,2.0,52,48,8.5,In-Progress
INT_0508,DS_103,2.5,57,57,11.2,In-Progress
INT_0509,DS_202,4.0,51,58,12.6,In-Progress
INT_0509,DS_201,3.5,72,66,15.5,In-Progress
INT_0509,DS_101,3.5,67,66,17.0,In-Progress
INT_0509,AIML_303,3.5,93,84,21.8,Completed
INT_0509,AIML_302,5.0,67,56,24.9,In-Progress
INT_0509,SEC_101,4.5,80,86,13.7,In-Progress
INT_0509,AIML_101,4.0,100,100,23.1,Completed
INT_0509,AIML_202,5.0,77,78,13.4,In-Progress
INT_0509,WEB_102,2.5,75,67,22.1,In-Progress
INT_0509,AIML_102,5.0,100,100,15.3,Completed
INT_0509,CLD_302,4.0,50,60,12.3,In-Progress
INT_0509,CLD_301,3.5,60,55,19.3,In-Progress
INT_0509,AIML_201,3.5,100,100,27.3,Completed
INT_0509,SEC_201,4.0,74,75,16.4,In-Progress
INT_0509,MOB_301,3.0,63,65,15.9,In-Progress
INT_0509,AIML_301,2.5,74,72,31.2,In-Progress
INT_0509,WEB_201,3.0,79,84,29.6,In-Progress
INT_0509,CLD_202,3.0,71,70,22.2,In-Progress
INT_0509,WEB_301,4.0,61,63,20.8,In-Progress
INT_0509,WEB_202,3.0,86,80,28.9,Completed
INT_0509,SEC_301,3.0,45,40,11.0,In-Progress
INT_0509,DS_102,3.5,78,75,12.2,In-Progress
INT_0509,DS_103,4.0,55,53,8.3,In-Progress
INT_0510,WEB_203,4.5,71,69,16.3,In-Progress
INT_0510,DS_202,5.0,67,71,14.5,In-Progress
INT_0510,DS_201,4.5,92,87,23.3,Completed
INT_0510,DS_101,3.0,80,84,20.7,In-Progress
INT_0510,AIML_303,3.5,44,43,10.1,In-Progress
INT_0510,CLD_201,2.5,49,44,11.8,In-Progress
INT_0510,DS_302,4.0,100,94,18.9,Completed
INT_0510,SEC_101,3.5,70,72,14.2,In-Progress
INT_0510,AIML_202,3.0,66,65,12.9,In-Progress
INT_0510,CLD_101,4.0,63,59,11.9,In-Progress
INT_0510,AIML_102,3.5,93,99,18.1,Completed
INT_0510,CLD_301,4.0,53,44,20.0,In-Progress
INT_0510,DS_301,4.0,100,100,40.0,Completed
INT_0510,AIML_201,2.5,72,61,20.4,In-Progress
INT_0510,SEC_201,4.0,88,91,22.0,Completed
INT_0510,AIML_301,3.5,66,73,26.3,In-Progress
INT_0510,CLD_202,3.0,73,70,25.5,In-Progress
INT_0510,WEB_301,3.5,61,58,19.4,In-Progress
INT_0510,WEB_202,3.5,63,55,16.8,In-Progress
INT_0510,SEC_301,2.5,74,71,14.7,In-Progress
INT_0510,DS_102,4.5,86,82,13.9,Completed
INT_0510,MOB_101,2.5,66,63,10.5,In-Progress
INT_0510,DS_103,4.5,77,79,14.4,In-Progress
INT_0511,MOB_201,3.5,50,50,18.0,In-Progress
INT_0511,DS_202,3.5,57,51,11.9,In-Progress
INT_0511,DS_101,4.0,59,64,15.3,In-Progress
INT_0511,AIML_303,3.5,59,63,15.4,In-Progress
INT_0511,CLD_201,5.0,92,93,22.3,Completed
INT_0511,SEC_101,3.0,62,59,10.8,In-Progress
INT_0511,AIML_101,3.0,51,53,11.6,In-Progress
INT_0511,CLD_101,4.0,90,82,17.5,Completed
INT_0511,WEB_102,3.5,57,56,13.2,In-Progress
INT_0511,AIML_102,3.0,48,50,8.7,In-Progress
INT_0511,CLD_302,5.0,100,100,26.2,Completed
INT_0511,CLD_301,5.0,95,95,34.7,Completed
INT_0511,AIML_201,4.0,67,67,18.1,In-Progress
INT_0511,SEC_201,3.5,47,47,11.2,In-Progress
INT_0511,CLD_102,4.0,82,78,11.0,In-Progress
INT_0511,CLD_202,4.0,83,86,24.8,In-Progress
INT_0511,MOB_202,3.5,78,83,23.6,In-Progress
INT_0511,MOB_302,4.0,53,47,10.0,In-Progress
INT_0511,WEB_202,3.0,75,78,23.4,In-Progress
INT_0511,WEB_302,3.5,68,75,17.8,In-Progress
INT_0511,SEC_202,4.0,67,60,18.0,In-Progress
INT_0511,SEC_301,3.0,62,60,15.0,In-Progress
INT_0511,MOB_101,3.5,66,66,9.8,In-Progress
INT_0512,CLD_202,3.5,62,67,18.8,In-Progress
INT_0512,WEB_101,3.0,58,52,8.9,In-Progress
INT_0512,AIML_301,3.0,40,40,16.9,In-Progress
INT_0512,AIML_202,4.0,76,71,12.1,In-Progress
INT_0512,MOB_201,4.0,95,99,28.8,Completed
INT_0512,MOB_302,3.5,86,76,19.7,Completed
INT_0512,MOB_202,4.0,89,86,22.0,Completed
INT_0512,DS_202,5.0,67,70,14.6,In-Progress
INT_0512,CLD_301,2.5,47,42,17.7,In-Progress
INT_0512,WEB_302,3.0,40,40,11.1,In-Progress
INT_0512,DS_301,2.0,20,40,7.6,Dropped
INT_0512,CLD_102,2.5,76,71,9.9,In-Progress
INT_0512,SEC_302,2.0,46,40,14.2,In-Progress
INT_0512,DS_101,3.0,81,81,17.4,In-Progress
INT_0512,MOB_101,5.0,82,85,16.3,In-Progress
INT_0512,MOB_301,5.0,91,95,21.4,Completed
INT_0512,DS_103,4.5,64,66,11.3,In-Progress
INT_0512,WEB_201,3.0,76,80,21.7,In-Progress
INT_0513,DS_202,4.0,95,100,21.2,Completed
INT_0513,DS_201,5.0,81,80,18.8,In-Progress
INT_0513,DS_101,5.0,100,95,23.1,Completed
INT_0513,AIML_302,4.0,57,59,22.2,In-Progress
INT_0513,CLD_201,4.0,57,50,14.7,In-Progress
INT_0513,DS_302,4.5,79,91,14.7,In-Progress
INT_0513,AIML_202,3.5,62,63,11.5,In-Progress
INT_0513,CLD_101,3.0,74,84,14.4,In-Progress
INT_0513,WEB_102,4.5,77,74,17.9,In-Progress
INT_0513,DS_301,4.0,95,97,32.1,Completed
INT_0513,CLD_102,4.5,63,61,11.1,In-Progress
INT_0513,AIML_301,3.5,52,46,21.2,In-Progress
INT_0513,WEB_201,4.0,43,41,12.1,In-Progress
INT_0513,CLD_202,4.0,46,48,15.7,In-Progress
INT_0513,MOB_302,4.0,68,65,15.4,In-Progress
INT_0513,WEB_302,5.0,52,45,12.8,In-Progress
INT_0513,DS_102,4.5,100,98,17.9,Completed
INT_0513,MOB_101,4.0,79,77,14.8,In-Progress
INT_0513,DS_103,5.0,100,100,15.6,Completed
INT_0514,WEB_101,5.0,92,92,14.5,Completed
INT_0514,WEB_301,5.0,99,96,32.9,Completed
INT_0514,WEB_102,5.0,85,83,18.4,Completed
INT_0514,AIML_202,4.0,63,67,10.3,In-Progress
INT_0514,WEB_203,5.0,86,86,20.5,Completed
INT_0514,DS_202,2.5,56,52,11.7,In-Progress
INT_0514,DS_302,4.0,71,65,13.8,In-Progress
INT_0514,WEB_202,4.5,96,96,30.8,Completed
INT_0514,WEB_302,5.0,100,100,25.3,Completed
INT_0514,AIML_201,4.0,55,53,16.7,In-Progress
INT_0514,SEC_302,3.5,73,75,20.6,In-Progress
INT_0514,DS_102,3.0,76,81,13.8,In-Progress
INT_0514,AIML_303,4.0,67,72,15.9,In-Progress
INT_0514,MOB_301,2.5,69,62,17.1,In-Progress
INT_0514,WEB_201,4.0,90,90,27.2,Completed
INT_0515,AIML_202,4.0,51,56,9.0,In-Progress
INT_0515,WEB_301,3.5,35,40,13.7,Dropped
INT_0515,WEB_203,4.0,85,77,18.4,Completed
INT_0515,AIML_102,4.0,80,74,10.9,In-Progress
INT_0515,DS_202,5.0,100,100,18.7,Completed
INT_0515,DS_302,3.5,87,93,18.3,Completed
INT_0515,DS_102,4.5,80,77,13.6,In-Progress
INT_0515,CLD_301,2.0,45,44,15.5,In-Progress
INT_0515,WEB_302,3.0,50,44,12.3,In-Progress
INT_0515,DS_301,3.5,82,85,23.8,In-Progress
INT_0515,DS_201,4.5,74,78,16.5,In-Progress
INT_0515,DS_101,4.5,83,79,15.6,In-Progress
INT_0515,CLD_102,3.5,74,73,12.7,In-Progress
INT_0515,DS_103,4.0,99,100,16.9,Completed
INT_0516,AIML_202,2.5,56,56,11.5,In-Progress
INT_0516,WEB_101,3.0,70,69,12.0,In-Progress
INT_0516,AIML_102,2.5,93,90,13.8,Completed
INT_0516,DS_302,4.0,92,92,15.9,Completed
INT_0516,DS_202,4.0,88,89,22.8,Completed
INT_0516,MOB_202,4.0,62,66,15.3,In-Progress
INT_0516,DS_101,2.5,74,79,14.6,In-Progress
INT_0516,WEB_302,3.5,29,40,8.1,Dropped
INT_0516,DS_301,3.0,72,73,29.1,In-Progress
INT_0516,DS_201,5.0,100,100,25.2,Completed
INT_0516,SEC_202,4.0,53,52,18.0,In-Progress
INT_0516,DS_102,4.5,82,70,13.1,In-Progress
INT_0516,CLD_201,4.0,69,72,12.6,In-Progress
INT_0516,CLD_102,4.5,70,70,11.9,In-Progress
INT_0516,DS_103,4.5,77,81,11.9,In-Progress
INT_0517,CLD_202,3.5,99,100,33.7,Completed
INT_0517,AIML_202,3.0,76,77,12.0,In-Progress
INT_0517,CLD_101,4.5,74,74,10.7,In-Progress
INT_0517,WEB_301,3.5,51,53,16.5,In-Progress
INT_0517,MOB_201,3.5,56,55,14.2,In-Progress
INT_0517,CLD_302,3.0,58,51,14.2,In-Progress
INT_0517,CLD_301,3.5,63,61,19.7,In-Progress
INT_0517,WEB_202,3.5,48,53,13.6,In-Progress
INT_0517,DS_101,3.5,66,68,12.2,In-Progress
INT_0517,DS_301,3.0,41,40,16.8,In-Progress
INT_0517,AIML_201,3.0,51,49,13.1,In-Progress
INT_0517,MOB_301,3.0,77,66,21.9,In-Progress
INT_0517,DS_102,4.0,70,69,11.2,In-Progress
INT_0517,CLD_201,4.0,100,100,18.9,Completed
INT_0517,CLD_102,3.5,89,85,15.5,Completed
INT_0518,CLD_202,4.5,94,96,34.0,Completed
INT_0518,AIML_202,3.5,59,50,10.1,In-Progress
INT_0518,CLD_101,5.0,90,94,13.5,Completed
INT_0518,WEB_301,4.0,74,78,25.7,In-Progress
INT_0518,MOB_201,4.0,53,48,17.7,In-Progress
INT_0518,MOB_302,4.5,86,91,20.6,Completed
INT_0518,DS_202,4.0,61,56,12.3,In-Progress
INT_0518,AIML_303,3.0,65,63,14.4,In-Progress
INT_0518,CLD_302,4.5,96,97,28.6,Completed
INT_0518,CLD_301,5.0,98,100,32.1,Completed
INT_0518,AIML_302,2.5,56,52,19.1,In-Progress
INT_0518,WEB_302,4.0,68,58,17.6,In-Progress
INT_0518,SEC_302,3.0,56,60,14.8,In-Progress
INT_0518,MOB_301,2.0,82,82,17.0,In-Progress
INT_0518,CLD_201,5.0,100,100,22.8,Completed
INT_0518,AIML_101,4.0,65,65,13.2,In-Progress
INT_0518,CLD_102,4.0,89,87,15.1,Completed
INT_0518,DS_103,4.0,64,70,12.5,In-Progress
INT_0519,CLD_202,5.0,100,100,33.0,Completed
INT_0519,WEB_101,5.0,94,96,15.4,Completed
INT_0519,CLD_101,4.5,80,81,15.1,In-Progress
INT_0519,AIML_302,4.5,88,80,27.4,Completed
INT_0519,CLD_302,4.5,97,96,27.0,Completed
INT_0519,CLD_301,5.0,91,82,30.6,Completed
INT_0519,SEC_101,4.0,92,87,15.0,Completed
INT_0519,DS_201,4.0,68,63,17.3,In-Progress
INT_0519,AIML_201,3.5,71,60,22.9,In-Progress
INT_0519,SEC_301,4.0,63,54,15.8,In-Progress
INT_0519,SEC_302,3.0,66,60,15.8,In-Progress
INT_0519,CLD_201,4.0,100,93,25.2,Completed
INT_0519,MOB_101,4.5,84,77,17.2,In-Progress
INT_0519,CLD_102,4.0,96,96,15.9,Completed
INT_0520,WEB_101,4.5,80,78,16.3,In-Progress
INT_0520,WEB_301,2.0,61,56,20.0,In-Progress
INT_0520,WEB_102,4.5,80,81,18.3,In-Progress
INT_0520,WEB_203,5.0,92,93,23.1,Completed
INT_0520,WEB_202,3.5,100,99,32.9,Completed
INT_0520,CLD_302,3.0,23,40,7.2,Dropped
INT_0520,WEB_302,4.0,57,65,11.7,In-Progress
INT_0520,CLD_201,4.5,50,55,12.6,In-Progress
INT_0520,SEC_301,2.5,39,45,7.3,Dropped
INT_0520,AIML_201,3.0,42,42,13.6,In-Progress
INT_0520,DS_102,4.0,69,76,11.0,In-Progress
INT_0520,AIML_302,3.0,45,51,13.8,In-Progress
INT_0520,AIML_101,2.5,47,45,10.2,In-Progress
INT_0520,WEB_201,5.0,83,83,24.4,In-Progress
INT_0521,DS_202,4.0,74,65,16.0,In-Progress
INT_0521,DS_201,4.5,84,93,21.2,In-Progress
INT_0521,SEC_302,3.0,78,88,24.9,In-Progress
INT_0521,DS_101,4.0,100,96,18.7,Completed
INT_0521,AIML_302,4.0,76,75,26.4,In-Progress
INT_0521,CLD_201,3.0,70,58,17.0,In-Progress
INT_0521,DS_302,4.0,91,85,20.7,Completed
INT_0521,AIML_101,4.0,63,65,14.4,In-Progress
INT_0521,AIML_202,4.0,69,65,12.4,In-Progress
INT_0521,AIML_102,4.5,51,45,9.1,In-Progress
INT_0521,CLD_302,3.5,66,68,19.9,In-Progress
INT_0521,DS_301,4.5,87,89,27.6,Completed
INT_0521,SEC_201,4.0,54,50,12.3,In-Progress
INT_0521,MOB_301,3.5,72,75,16.6,In-Progress
INT_0521,AIML_301,4.5,77,79,33.0,In-Progress
INT_0521,WEB_201,3.5,55,62,18.2,In-Progress
INT_0521,WEB_101,3.0,80,75,13.9,In-Progress
INT_0521,MOB_302,4.0,61,60,13.6,In-Progress
INT_0521,MOB_202,3.5,54,64,12.7,In-Progress
INT_0521,DS_102,4.5,76,67,10.5,In-Progress
INT_0521,DS_103,5.0,93,90,15.4,Completed
INT_0522,AIML_202,4.0,84,71,12.7,In-Progress
INT_0522,MOB_101,4.5,74,79,12.5,In-Progress
INT_0522,WEB_102,3.0,60,62,13.5,In-Progress
INT_0522,MOB_201,4.5,74,72,22.4,In-Progress
INT_0522,AIML_102,5.0,73,73,12.8,In-Progress
INT_0522,WEB_203,2.5,70,74,14.8,In-Progress
INT_0522,WEB_201,4.0,67,66,25.2,In-Progress
INT_0522,AIML_302,3.5,53,45,19.4,In-Progress
INT_0522,WEB_202,3.5,63,70,20.1,In-Progress
INT_0522,AIML_201,5.0,80,79,25.1,In-Progress
INT_0522,SEC_201,3.5,81,91,18.9,In-Progress
INT_0522,DS_101,4.0,60,68,11.1,In-Progress
INT_0522,AIML_303,3.5,63,61,13.7,In-Progress
INT_0522,AIML_101,4.5,92,90,18.0,Completed
INT_0522,AIML_301,3.0,72,68,23.6,In-Progress
INT_0522,CLD_201,4.0,68,66,15.8,In-Progress
INT_0523,MOB_201,3.5,51,47,18.1,In-Progress
INT_0523,WEB_203,4.0,66,70,15.2,In-Progress
INT_0523,DS_202,3.5,99,94,25.1,Completed
INT_0523,DS_201,4.0,65,68,17.5,In-Progress
INT_0523,SEC_302,4.5,48,49,12.7,In-Progress
INT_0523,DS_101,4.0,100,94,23.1,Completed
INT_0523,CLD_201,4.0,65,65,14.4,In-Progress
INT_0523,DS_302,5.0,91,93,19.4,Completed
INT_0523,AIML_101,4.0,69,66,15.4,In-Progress
INT_0523,CLD_301,3.5,55,63,18.9,In-Progress
INT_0523,DS_301,4.0,85,90,25.7,Completed
INT_0523,SEC_201,3.5,67,64,15.4,In-Progress
INT_0523,AIML_301,3.0,83,82,32.7,In-Progress
INT_0523,WEB_101,3.5,75,70,13.8,In-Progress
INT_0523,MOB_302,4.0,57,59,14.1,In-Progress
INT_0523,WEB_302,3.5,58,43,12.9,In-Progress
INT_0523,SEC_202,3.0,65,61,23.2,In-Progress
INT_0523,SEC_301,3.0,69,64,14.2,In-Progress
INT_0523,DS_102,4.0,92,99,16.7,Completed
INT_0523,DS_103,5.0,100,100,17.0,Completed
INT_0524,CLD_101,4.5,83,86,13.0,In-Progress
INT_0524,WEB_203,3.0,44,43,9.0,In-Progress
INT_0524,MOB_302,3.0,66,63,16.0,In-Progress
INT_0524,MOB_202,3.5,47,40,13.1,In-Progress
INT_0524,DS_202,4.0,54,57,12.5,In-Progress
INT_0524,SEC_302,4.0,65,56,18.4,In-Progress
INT_0524,SEC_101,5.0,85,81,14.8,Completed
INT_0524,SEC_202,5.0,91,92,24.4,Completed
INT_0524,DS_201,2.5,58,57,11.8,In-Progress
INT_0524,SEC_301,4.5,69,64,15.7,In-Progress
INT_0524,DS_301,3.5,58,63,18.7,In-Progress
INT_0524,SEC_201,4.0,89,94,19.9,Completed
INT_0524,DS_102,2.5,69,65,8.8,In-Progress
INT_0524,MOB_101,4.5,59,60,10.0,In-Progress
INT_0524,MOB_301,4.5,54,58,11.6,In-Progress
INT_0525,CLD_202,4.0,87,80,29.7,Completed
INT_0525,WEB_101,3.0,67,72,13.4,In-Progress
INT_0525,CLD_101,3.5,64,59,12.4,In-Progress
INT_0525,AIML_202,3.0,49,45,8.9,In-Progress
INT_0525,WEB_102,3.0,49,47,14.4,In-Progress
INT_0525,WEB_203,3.5,43,48,10.5,In-Progress
INT_0525,AIML_301,2.5,46,58,20.9,In-Progress
INT_0525,DS_302,3.5,79,70,17.1,In-Progress
INT_0525,MOB_302,3.5,87,90,18.8,Completed
INT_0525,DS_202,2.5,78,78,18.6,In-Progress
INT_0525,AIML_101,4.0,59,64,10.0,In-Progress
INT_0525,SEC_202,3.5,86,87,21.8,Completed
INT_0525,SEC_101,5.0,74,75,11.8,In-Progress
INT_0525,SEC_301,3.5,79,79,16.0,In-Progress
INT_0525,SEC_302,5.0,88,87,21.0,Completed
INT_0525,DS_101,3.0,69,75,14.5,In-Progress
INT_0525,SEC_201,4.5,100,98,27.4,Completed
INT_0525,DS_103,3.5,76,85,11.5,In-Progress
INT_0526,WEB_203,3.0,45,46,9.1,In-Progress
INT_0526,SEC_302,3.0,54,66,14.3,In-Progress
INT_0526,AIML_303,2.5,41,48,10.4,In-Progress
INT_0526,SEC_101,4.5,82,86,12.6,In-Progress
INT_0526,AIML_101,4.0,54,52,9.6,In-Progress
INT_0526,AIML_202,4.0,62,52,11.9,In-Progress
INT_0526,WEB_102,4.0,64,63,17.5,In-Progress
INT_0526,AIML_102,4.5,81,77,15.5,In-Progress
INT_0526,CLD_302,2.0,24,40,6.5,Dropped
INT_0526,CLD_301,3.0,57,58,21.0,In-Progress
INT_0526,AIML_201,4.0,64,66,17.3,In-Progress
INT_0526,SEC_201,4.0,88,86,21.7,Completed
INT_0526,MOB_301,3.5,90,95,22.4,Completed
INT_0526,CLD_102,4.5,64,63,8.5,In-Progress
INT_0526,WEB_101,3.5,60,59,12.0,In-Progress
INT_0526,MOB_302,3.0,21,40,3.8,Dropped
INT_0526,SEC_202,3.5,77,72,23.3,In-Progress
INT_0526,SEC_301,2.5,70,67,12.6,In-Progress
INT_0526,DS_103,4.0,52,52,9.8,In-Progress
INT_0527,AIML_301,3.0,34,46,11.6,Dropped
INT_0527,WEB_203,3.0,69,64,13.8,In-Progress
INT_0527,DS_302,4.0,61,64,14.0,In-Progress
INT_0527,DS_102,4.0,99,98,17.4,Completed
INT_0527,DS_202,4.0,85,97,17.6,Completed
INT_0527,MOB_202,2.5,57,47,16.1,In-Progress
INT_0527,DS_301,3.5,59,62,23.2,In-Progress
INT_0527,DS_201,4.0,76,76,19.8,In-Progress
INT_0527,SEC_101,4.0,94,96,17.3,Completed
INT_0527,SEC_301,3.0,49,42,12.3,In-Progress
INT_0527,AIML_201,3.5,98,100,25.3,Completed
INT_0527,DS_101,5.0,82,89,20.9,In-Progress
INT_0527,CLD_201,3.5,70,67,13.4,In-Progress
INT_0527,MOB_301,3.5,40,42,9.5,In-Progress
INT_0527,DS_103,4.0,94,98,19.2,Completed
INT_0527,WEB_201,3.0,50,53,18.0,In-Progress
INT_0528,MOB_201,3.0,70,78,19.1,In-Progress
INT_0528,WEB_203,3.5,52,51,10.6,In-Progress
INT_0528,DS_202,4.0,71,69,14.3,In-Progress
INT_0528,DS_201,3.5,100,100,20.6,Completed
INT_0528,SEC_302,2.5,68,72,18.6,In-Progress
INT_0528,DS_101,4.0,100,100,18.4,Completed
INT_0528,CLD_201,4.5,71,70,14.4,In-Progress
INT_0528,AIML_302,3.0,22,40,8.3,Dropped
INT_0528,DS_302,4.5,100,100,21.7,Completed
INT_0528,AIML_202,3.0,59,62,8.6,In-Progress
INT_0528,WEB_102,4.5,65,63,15.6,In-Progress
INT_0528,AIML_102,3.0,69,66,10.7,In-Progress
INT_0528,DS_301,3.5,63,69,24.3,In-Progress
INT_0528,CLD_102,4.5,74,64,10.4,In-Progress
INT_0528,MOB_301,4.0,78,79,19.4,In-Progress
INT_0528,WEB_201,3.5,58,57,22.0,In-Progress
INT_0528,CLD_202,3.5,72,61,20.3,In-Progress
INT_0528,WEB_101,3.0,52,53,10.5,In-Progress
INT_0528,WEB_301,3.0,31,40,11.1,Dropped
INT_0528,MOB_202,3.0,74,78,17.6,In-Progress
INT_0528,WEB_302,3.5,35,40,7.8,Dropped
INT_0528,DS_102,5.0,83,88,12.3,In-Progress
INT_0528,DS_103,4.0,85,83,14.7,Completed
INT_0529,AIML_301,3.0,37,40,14.2,Dropped
INT_0529,DS_202,5.0,74,70,17.7,In-Progress
INT_0529,DS_302,4.5,62,70,14.2,In-Progress
INT_0529,MOB_302,3.5,53,49,10.8,In-Progress
INT_0529,CLD_302,3.5,27,40,8.9,Dropped
INT_0529,DS_101,4.0,100,92,18.7,Completed
INT_0529,WEB_302,2.0,39,40,11.0,Dropped
INT_0529,DS_301,4.0,69,62,25.9,In-Progress
INT_0529,DS_201,4.0,79,74,16.3,In-Progress
INT_0529,SEC_101,3.5,49,41,7.1,In-Progress
INT_0529,AIML_201,4.0,67,64,18.3,In-Progress
INT_0529,CLD_102,3.0,49,46,8.8,In-Progress
INT_0529,DS_102,5.0,73,71,11.4,In-Progress
INT_0529,AIML_303,3.5,37,40,10.3,Dropped
INT_0529,MOB_101,3.5,81,78,16.8,In-Progress
INT_0529,MOB_301,3.0,96,91,23.1,Completed
INT_0529,DS_103,4.5,79,76,14.5,In-Progress
INT_0529,WEB_201,4.5,70,68,25.4,In-Progress
INT_0530,WEB_203,4.0,81,73,20.1,In-Progress
INT_0530,DS_202,5.0,72,79,17.0,In-Progress
INT_0530,DS_201,4.5,80,84,20.8,In-Progress
INT_0530,DS_101,4.0,100,92,18.1,Completed
INT_0530,CLD_201,3.0,69,70,13.6,In-Progress
INT_0530,DS_302,5.0,89,87,16.2,Completed
INT_0530,SEC_101,3.5,76,75,14.1,In-Progress
INT_0530,AIML_101,3.5,37,40,7.6,Dropped
INT_0530,CLD_301,4.0,63,54,18.3,In-Progress
INT_0530,DS_301,4.0,76,83,22.7,In-Progress
INT_0530,SEC_201,4.0,74,76,19.1,In-Progress
INT_0530,MOB_301,3.0,81,87,17.3,In-Progress
INT_0530,CLD_202,4.0,83,80,25.9,In-Progress
INT_0530,MOB_202,3.0,77,74,16.8,In-Progress
INT_0530,WEB_302,3.5,56,50,12.3,In-Progress
INT_0530,SEC_202,4.0,74,75,23.0,In-Progress
INT_0530,SEC_301,3.5,69,65,12.9,In-Progress
INT_0530,DS_102,4.0,86,86,12.8,Completed
INT_0530,MOB_101,4.0,58,60,11.8,In-Progress
INT_0530,DS_103,4.5,100,100,20.1,Completed
INT_0531,AIML_301,4.5,59,61,20.6,In-Progress
INT_0531,CLD_101,3.5,64,69,12.7,In-Progress
INT_0531,WEB_203,3.0,69,68,17.3,In-Progress
INT_0531,DS_302,4.5,89,90,16.6,Completed
INT_0531,DS_202,3.5,100,98,22.7,Completed
INT_0531,MOB_302,4.0,78,85,20.1,In-Progress
INT_0531,MOB_202,3.5,49,48,10.8,In-Progress
INT_0531,DS_101,4.0,75,73,14.0,In-Progress
INT_0531,DS_301,4.0,77,77,29.5,In-Progress
INT_0531,DS_201,5.0,75,74,20.7,In-Progress
INT_0531,DS_102,4.0,70,73,12.5,In-Progress
INT_0531,DS_103,5.0,100,100,16.2,Completed
INT_0532,DS_201,4.0,78,79,16.7,In-Progress
INT_0532,CLD_201,4.0,86,87,16.5,Completed
INT_0532,AIML_101,4.0,85,92,15.5,Completed
INT_0532,AIML_202,3.0,55,50,8.9,In-Progress
INT_0532,CLD_101,5.0,97,100,19.8,Completed
INT_0532,AIML_102,4.5,60,54,11.1,In-Progress
INT_0532,CLD_302,3.5,81,85,19.6,In-Progress
INT_0532,CLD_301,5.0,81,82,32.6,In-Progress
INT_0532,AIML_201,3.0,68,66,17.5,In-Progress
INT_0532,MOB_301,4.5,72,65,20.1,In-Progress
INT_0532,CLD_102,4.5,100,98,14.7,Completed
INT_0532,WEB_201,5.0,38,40,13.4,Dropped
INT_0532,CLD_202,4.5,100,92,28.3,Completed
INT_0532,WEB_101,4.5,100,100,20.5,Completed
INT_0532,WEB_301,3.0,82,81,26.2,In-Progress
INT_0532,MOB_302,4.0,79,83,15.7,In-Progress
INT_0532,MOB_202,4.0,56,54,16.0,In-Progress
INT_0532,SEC_202,3.5,78,84,20.3,In-Progress
INT_0532,DS_102,3.0,63,55,9.8,In-Progress
INT_0532,MOB_101,3.0,73,76,10.6,In-Progress
INT_0533,CLD_202,4.5,100,100,35.6,Completed
INT_0533,CLD_101,5.0,100,96,18.2,Completed
INT_0533,WEB_102,4.5,42,46,9.4,In-Progress
INT_0533,MOB_201,3.0,53,54,14.7,In-Progress
INT_0533,MOB_202,3.5,73,74,16.8,In-Progress
INT_0533,AIML_303,4.0,71,69,15.9,In-Progress
INT_0533,CLD_302,4.5,100,96,31.8,Completed
INT_0533,CLD_301,5.0,78,76,32.1,In-Progress
INT_0533,WEB_202,3.0,60,54,19.0,In-Progress
INT_0533,SEC_201,4.5,82,84,16.4,In-Progress
INT_0533,DS_101,4.0,51,54,9.4,In-Progress
INT_0533,CLD_201,5.0,77,78,19.1,In-Progress
INT_0533,MOB_101,4.0,71,69,14.6,In-Progress
INT_0533,CLD_102,4.5,100,92,15.2,Completed
INT_0533,AIML_301,4.5,70,73,24.4,In-Progress
INT_0533,WEB_201,3.0,52,51,20.0,In-Progress
INT_0534,MOB_201,4.5,58,60,19.7,In-Progress
INT_0534,WEB_203,3.5,90,91,19.7,Completed
INT_0534,SEC_302,3.5,62,70,16.9,In-Progress
INT_0534,DS_101,4.0,69,68,15.2,In-Progress
INT_0534,CLD_201,3.5,77,73,14.6,In-Progress
INT_0534,AIML_303,4.0,79,74,16.9,In-Progress
INT_0534,AIML_101,3.0,75,70,14.2,In-Progress
INT_0534,AIML_202,3.5,88,87,16.9,Completed
INT_0534,CLD_101,3.0,76,69,11.9,In-Progress
INT_0534,WEB_102,4.0,78,84,20.3,In-Progress
INT_0534,AIML_201,3.0,67,63,20.4,In-Progress
INT_0534,SEC_201,4.0,57,54,15.9,In-Progress
INT_0534,AIML_301,2.5,64,64,25.3,In-Progress
INT_0534,WEB_201,4.5,66,65,18.4,In-Progress
INT_0534,CLD_202,4.5,59,59,17.2,In-Progress
INT_0534,WEB_101,5.0,86,79,17.5,Completed
INT_0534,WEB_301,4.5,73,78,30.0,In-Progress
INT_0534,MOB_202,4.0,88,85,23.8,Completed
INT_0534,WEB_202,4.0,100,97,24.4,Completed
INT_0534,WEB_302,4.0,100,97,25.4,Completed
INT_0534,SEC_202,4.5,75,72,19.2,In-Progress
INT_0534,SEC_301,4.0,71,65,14.4,In-Progress
INT_0535,AIML_202,4.5,65,65,9.4,In-Progress
INT_0535,WEB_301,4.5,60,67,19.5,In-Progress
INT_0535,WEB_101,3.5,74,77,15.0,In-Progress
INT_0535,MOB_201,3.5,54,40,15.2,In-Progress
INT_0535,AIML_102,4.0,71,76,11.1,In-Progress
INT_0535,AIML_302,4.5,79,85,29.9,In-Progress
INT_0535,DS_301,4.0,55,58,17.5,In-Progress
INT_0535,AIML_201,5.0,100,100,26.8,Completed
INT_0535,SEC_201,3.5,49,42,12.1,In-Progress
INT_0535,AIML_303,3.0,65,54,14.3,In-Progress
INT_0535,AIML_101,5.0,100,100,19.6,Completed
INT_0535,AIML_301,4.5,100,99,31.6,Completed
INT_0536,MOB_201,3.0,66,76,17.6,In-Progress
INT_0536,SEC_302,4.0,66,64,18.2,In-Progress
INT_0536,AIML_303,5.0,88,90,18.2,Completed
INT_0536,AIML_302,4.5,80,73,29.4,In-Progress
INT_0536,DS_302,3.5,98,95,17.0,Completed
INT_0536,SEC_101,3.5,72,79,13.7,In-Progress
INT_0536,AIML_101,4.5,100,97,17.0,Completed
INT_0536,AIML_202,5.0,77,71,11.2,In-Progress
INT_0536,CLD_101,4.0,50,48,9.8,In-Progress
INT_0536,AIML_102,5.0,100,98,17.7,Completed
INT_0536,CLD_301,2.5,62,59,24.4,In-Progress
INT_0536,AIML_201,5.0,74,74,19.5,In-Progress
INT_0536,SEC_201,3.5,61,65,15.4,In-Progress
INT_0536,MOB_301,4.0,62,69,13.0,In-Progress
INT_0536,AIML_301,4.0,83,84,34.5,In-Progress
INT_0536,WEB_201,3.5,41,43,12.7,In-Progress
INT_0536,CLD_202,3.0,83,77,22.6,In-Progress
INT_0536,MOB_202,4.0,72,66,20.3,In-Progress
INT_0536,SEC_202,3.5,56,54,15.1,In-Progress
INT_0536,SEC_301,4.0,57,62,12.0,In-Progress
INT_0537,WEB_101,4.5,100,93,16.9,Completed
INT_0537,WEB_301,4.0,100,94,38.3,Completed
INT_0537,WEB_102,3.5,99,100,28.6,Completed
INT_0537,MOB_201,3.0,74,75,19.5,In-Progress
INT_0537,WEB_203,4.0,64,66,14.2,In-Progress
INT_0537,DS_103,4.0,74,72,12.1,In-Progress
INT_0537,CLD_101,3.5,48,48,7.4,In-Progress
INT_0537,MOB_202,3.5,58,61,16.5,In-Progress
INT_0537,DS_302,3.0,70,76,14.3,In-Progress
INT_0537,WEB_202,5.0,75,76,18.4,In-Progress
INT_0537,WEB_302,4.0,90,95,22.0,Completed
INT_0537,AIML_101,4.5,70,56,12.8,In-Progress
INT_0537,MOB_101,3.0,62,60,8.9,In-Progress
INT_0537,MOB_301,4.0,71,57,18.9,In-Progress
INT_0537,AIML_301,3.5,77,75,25.3,In-Progress
INT_0537,WEB_201,5.0,87,88,26.4,Completed
INT_0538,AIML_301,2.0,36,41,16.3,Dropped
INT_0538,SEC_201,3.0,80,81,21.0,In-Progress
INT_0538,WEB_203,3.0,66,60,17.1,In-Progress
INT_0538,DS_202,3.5,77,73,14.0,In-Progress
INT_0538,DS_302,4.0,100,95,19.7,Completed
INT_0538,DS_102,4.5,100,100,16.7,Completed
INT_0538,CLD_301,3.0,38,40,14.4,Dropped
INT_0538,DS_301,4.0,67,57,22.6,In-Progress
INT_0538,DS_201,4.5,81,77,19.4,In-Progress
INT_0538,SEC_302,3.0,40,43,10.8,In-Progress
INT_0538,DS_101,4.0,79,78,20.5,In-Progress
INT_0538,MOB_101,3.5,73,68,14.6,In-Progress
INT_0538,DS_103,4.0,93,92,16.7,Completed
INT_0539,WEB_101,4.0,84,78,15.6,In-Progress
INT_0539,WEB_301,3.0,66,68,24.9,In-Progress
INT_0539,WEB_102,5.0,65,72,19.4,In-Progress
INT_0539,WEB_203,4.5,89,89,19.6,Completed
INT_0539,DS_202,4.5,55,50,13.8,In-Progress
INT_0539,MOB_302,2.5,40,43,7.3,In-Progress
INT_0539,WEB_202,4.0,100,100,26.5,Completed
INT_0539,CLD_301,2.5,45,40,13.8,In-Progress
INT_0539,WEB_302,3.0,53,55,13.9,In-Progress
INT_0539,DS_201,4.0,91,79,23.1,Completed
INT_0539,SEC_301,2.5,43,40,9.2,In-Progress
INT_0539,AIML_302,2.5,33,40,9.7,Dropped
INT_0539,MOB_101,3.0,72,68,10.6,In-Progress
INT_0539,CLD_102,4.0,69,71,11.3,In-Progress
INT_0539,AIML_301,2.5,43,44,18.0,In-Progress
INT_0539,WEB_201,5.0,77,86,23.5,In-Progress
INT_0540,MOB_201,5.0,96,95,28.0,Completed
INT_0540,WEB_203,3.5,53,53,13.5,In-Progress
INT_0540,DS_202,4.0,66,63,12.6,In-Progress
INT_0540,DS_201,4.0,66,71,13.2,In-Progress
INT_0540,AIML_302,3.0,48,48,17.7,In-Progress
INT_0540,CLD_201,2.5,61,56,12.5,In-Progress
INT_0540,AIML_303,3.0,46,54,10.7,In-Progress
INT_0540,SEC_101,3.0,67,67,11.9,In-Progress
INT_0540,CLD_101,3.5,61,61,11.2,In-Progress
INT_0540,WEB_102,3.0,62,63,18.6,In-Progress
INT_0540,CLD_302,2.5,46,53,13.4,In-Progress
INT_0540,CLD_301,2.0,47,41,13.8,In-Progress
INT_0540,SEC_201,3.5,72,70,19.8,In-Progress
INT_0540,MOB_301,3.5,87,91,17.9,Completed
INT_0540,AIML_301,2.0,39,40,13.6,Dropped
INT_0540,WEB_101,3.5,43,44,7.1,In-Progress
INT_0540,WEB_301,3.5,67,62,27.6,In-Progress
INT_0540,MOB_202,4.0,95,89,21.3,Completed
INT_0540,MOB_302,3.0,68,71,13.8,In-Progress
INT_0540,WEB_202,3.0,52,52,13.3,In-Progress
INT_0540,DS_102,3.5,61,58,10.6,In-Progress
INT_0540,MOB_101,4.0,100,100,18.4,Completed
INT_0540,DS_103,3.0,66,63,13.7,In-Progress
INT_0541,CLD_202,4.0,47,43,16.6,In-Progress
INT_0541,CLD_101,5.0,81,85,16.4,In-Progress
INT_0541,WEB_102,3.5,56,54,15.6,In-Progress
INT_0541,MOB_201,4.5,95,94,33.7,Completed
INT_0541,SEC_201,4.0,61,56,14.7,In-Progress
INT_0541,MOB_302,3.5,100,98,18.6,Completed
INT_0541,MOB_202,4.5,100,99,22.8,Completed
INT_0541,SEC_101,4.0,100,97,18.8,Completed
INT_0541,DS_201,4.5,59,56,16.4,In-Progress
INT_0541,SEC_302,3.5,57,61,18.6,In-Progress
INT_0541,DS_101,3.5,85,86,15.7,Completed
INT_0541,MOB_101,5.0,100,100,20.4,Completed
INT_0541,MOB_301,4.0,86,87,19.5,Completed
INT_0542,WEB_203,3.0,64,60,14.5,In-Progress
INT_0542,DS_201,4.5,87,84,23.2,Completed
INT_0542,SEC_302,4.0,72,68,17.5,In-Progress
INT_0542,DS_101,3.0,75,75,14.4,In-Progress
INT_0542,AIML_302,4.5,100,100,36.7,Completed
INT_0542,AIML_303,5.0,76,73,21.2,In-Progress
INT_0542,AIML_101,4.0,92,90,16.9,Completed
INT_0542,AIML_202,5.0,100,100,17.8,Completed
INT_0542,CLD_101,3.5,63,69,11.9,In-Progress
INT_0542,WEB_102,3.5,37,40,8.9,Dropped
INT_0542,AIML_102,4.5,70,68,9.5,In-Progress
INT_0542,CLD_302,3.5,69,72,21.8,In-Progress
INT_0542,DS_301,2.5,56,52,20.7,In-Progress
INT_0542,AIML_201,4.5,96,92,26.2,Completed
INT_0542,SEC_201,3.5,53,59,11.4,In-Progress
INT_0542,CLD_102,4.5,69,72,9.9,In-Progress
INT_0542,AIML_301,5.0,80,76,29.1,In-Progress
INT_0542,WEB_101,4.0,56,51,9.1,In-Progress
INT_0542,WEB_202,3.0,75,66,19.1,In-Progress
INT_0542,SEC_202,4.0,54,55,18.2,In-Progress
INT_0542,SEC_301,3.0,76,78,15.7,In-Progress
INT_0542,DS_102,3.5,48,47,7.9,In-Progress
INT_0542,MOB_101,3.5,57,58,9.1,In-Progress
INT_0542,DS_103,4.0,66,68,10.2,In-Progress
INT_0543,AIML_202,3.5,100,97,20.0,Completed
INT_0543,MOB_101,4.0,71,76,11.4,In-Progress
INT_0543,WEB_101,3.5,70,69,14.5,In-Progress
INT_0543,DS_103,3.5,60,52,9.0,In-Progress
INT_0543,AIML_102,4.0,81,81,12.5,In-Progress
INT_0543,DS_302,4.0,55,59,12.9,In-Progress
INT_0543,MOB_202,4.5,50,48,13.7,In-Progress
INT_0543,AIML_303,3.5,48,44,9.6,In-Progress
INT_0543,CLD_301,3.0,51,56,18.0,In-Progress
INT_0543,WEB_302,3.0,28,40,6.9,Dropped
INT_0543,DS_301,1.5,45,40,17.6,In-Progress
INT_0543,SEC_101,5.0,73,73,12.9,In-Progress
INT_0543,AIML_201,4.0,100,89,29.7,Completed
INT_0543,WEB_201,4.0,45,47,14.5,In-Progress
INT_0543,AIML_302,5.0,73,71,25.6,In-Progress
INT_0543,AIML_101,5.0,93,94,16.8,Completed
INT_0543,AIML_301,4.0,44,45,17.5,In-Progress
INT_0543,CLD_201,4.0,64,65,15.8,In-Progress
INT_0544,MOB_201,3.5,68,67,23.6,In-Progress
INT_0544,WEB_203,3.0,59,63,10.8,In-Progress
INT_0544,DS_201,1.5,79,83,16.3,In-Progress
INT_0544,SEC_302,3.5,95,98,26.1,Completed
INT_0544,DS_101,3.0,70,67,12.7,In-Progress
INT_0544,AIML_303,4.0,51,52,13.6,In-Progress
INT_0544,AIML_302,2.5,53,47,16.2,In-Progress
INT_0544,CLD_201,2.5,66,67,16.9,In-Progress
INT_0544,DS_302,4.0,71,74,15.0,In-Progress
INT_0544,SEC_101,4.5,96,90,17.0,Completed
INT_0544,CLD_101,3.5,69,68,10.0,In-Progress
INT_0544,CLD_302,3.5,76,77,20.3,In-Progress
INT_0544,CLD_301,4.0,54,49,16.9,In-Progress
INT_0544,SEC_201,4.5,100,96,20.1,Completed
INT_0544,CLD_102,4.5,53,45,8.6,In-Progress
INT_0544,CLD_202,3.0,63,67,20.6,In-Progress
INT_0544,MOB_202,3.5,78,74,21.1,In-Progress
INT_0544,SEC_202,5.0,68,64,23.1,In-Progress
INT_0544,SEC_301,5.0,100,93,22.1,Completed
INT_0544,DS_102,3.0,68,74,12.3,In-Progress
INT_0544,DS_103,4.0,71,71,13.8,In-Progress
INT_0545,MOB_201,2.5,56,61,16.1,In-Progress
INT_0545,DS_202,4.0,67,57,16.9,In-Progress
INT_0545,DS_201,3.0,53,60,10.8,In-Progress
INT_0545,DS_101,3.0,80,80,16.5,In-Progress
INT_0545,AIML_303,4.0,86,75,22.5,Completed
INT_0545,AIML_302,4.0,87,83,30.8,Completed
INT_0545,SEC_101,3.5,66,67,10.7,In-Progress
INT_0545,AIML_101,4.0,82,78,13.9,In-Progress
INT_0545,AIML_202,4.0,82,82,16.0,In-Progress
INT_0545,AIML_102,4.0,67,61,9.5,In-Progress
INT_0545,CLD_301,3.5,60,64,19.0,In-Progress
INT_0545,AIML_201,4.0,89,81,28.4,Completed
INT_0545,MOB_301,4.0,79,81,17.2,In-Progress
INT_0545,AIML_301,4.5,89,89,31.3,Completed
INT_0545,WEB_201,4.0,74,79,25.2,In-Progress
INT_0545,WEB_101,4.0,83,70,12.2,In-Progress
INT_0545,MOB_302,4.0,46,49,8.4,In-Progress
INT_0545,MOB_202,3.0,58,62,17.9,In-Progress
INT_0545,WEB_202,3.0,62,54,20.9,In-Progress
INT_0545,DS_102,3.5,71,65,9.6,In-Progress
INT_0545,DS_103,3.0,40,40,7.7,In-Progress
INT_0546,CLD_202,4.0,54,57,17.5,In-Progress
INT_0546,WEB_301,2.0,28,40,9.1,Dropped
INT_0546,MOB_201,4.5,71,71,18.6,In-Progress
INT_0546,WEB_203,3.0,80,74,17.0,In-Progress
INT_0546,MOB_202,4.5,72,67,17.6,In-Progress
INT_0546,MOB_302,4.0,68,68,13.4,In-Progress
INT_0546,WEB_202,4.0,68,58,20.6,In-Progress
INT_0546,DS_201,3.5,63,61,13.9,In-Progress
INT_0546,SEC_301,2.5,33,40,7.8,Dropped
INT_0546,AIML_201,3.5,86,87,27.9,Completed
INT_0546,DS_101,3.5,52,56,13.1,In-Progress
INT_0546,MOB_101,4.0,86,88,16.4,Completed
INT_0546,MOB_301,4.5,87,84,23.7,Completed
INT_0546,DS_103,3.5,75,77,11.6,In-Progress
INT_0546,WEB_201,4.0,73,77,26.4,In-Progress
INT_0547,CLD_202,5.0,77,75,24.1,In-Progress
INT_0547,CLD_101,4.0,95,98,15.3,Completed
INT_0547,AIML_102,3.0,59,54,9.5,In-Progress
INT_0547,DS_302,2.5,60,61,11.3,In-Progress
INT_0547,AIML_303,3.0,40,40,8.0,In-Progress
INT_0547,CLD_302,4.0,73,71,21.2,In-Progress
INT_0547,CLD_301,3.5,50,49,19.0,In-Progress
INT_0547,WEB_302,2.5,36,40,10.1,Dropped
INT_0547,SEC_202,3.5,76,66,27.2,In-Progress
INT_0547,DS_201,2.5,50,46,11.4,In-Progress
INT_0547,SEC_301,3.0,40,44,9.0,In-Progress
INT_0547,SEC_302,3.5,48,50,13.3,In-Progress
INT_0547,DS_102,4.0,51,48,6.6,In-Progress
INT_0547,CLD_201,4.0,91,90,22.2,Completed
INT_0547,AIML_101,4.0,65,61,12.2,In-Progress
INT_0547,CLD_102,4.0,87,91,15.2,Completed
INT_0548,CLD_202,4.0,87,83,26.2,Completed
INT_0548,CLD_101,3.5,89,87,14.2,Completed
INT_0548,WEB_102,3.5,54,52,15.9,In-Progress
INT_0548,WEB_301,4.0,56,45,20.8,In-Progress
INT_0548,WEB_203,2.0,54,45,11.6,In-Progress
INT_0548,MOB_201,4.0,62,60,19.2,In-Progress
INT_0548,AIML_102,2.5,62,65,11.2,In-Progress
INT_0548,MOB_302,4.5,67,67,13.6,In-Progress
INT_0548,DS_202,4.0,68,64,13.8,In-Progress
INT_0548,DS_302,4.0,78,79,17.0,In-Progress
INT_0548,CLD_302,5.0,90,80,21.2,Completed
INT_0548,CLD_301,5.0,100,100,36.8,Completed
INT_0548,SEC_202,4.0,81,80,24.6,In-Progress
INT_0548,AIML_201,3.0,81,76,26.9,In-Progress
INT_0548,DS_101,4.0,72,67,14.7,In-Progress
INT_0548,CLD_201,5.0,82,84,20.8,In-Progress
INT_0548,CLD_102,5.0,84,80,12.0,In-Progress
INT_0549,DS_202,3.5,75,69,15.2,In-Progress
INT_0549,DS_201,5.0,74,75,17.0,In-Progress
INT_0549,DS_101,4.5,84,76,16.4,In-Progress
INT_0549,AIML_303,3.0,38,40,8.8,Dropped
INT_0549,DS_302,5.0,84,80,19.2,In-Progress
INT_0549,AIML_101,3.5,82,76,17.2,In-Progress
INT_0549,AIML_202,3.5,68,75,9.8,In-Progress
INT_0549,CLD_101,4.5,85,82,13.3,Completed
INT_0549,WEB_102,4.0,76,82,22.2,In-Progress
INT_0549,AIML_102,3.0,54,47,8.9,In-Progress
INT_0549,CLD_302,2.0,47,51,13.1,In-Progress
INT_0549,DS_301,2.5,60,64,18.7,In-Progress
INT_0549,AIML_201,3.0,57,47,15.9,In-Progress
INT_0549,CLD_102,3.5,56,56,8.7,In-Progress
INT_0549,CLD_202,4.0,37,40,9.7,Dropped
INT_0549,WEB_101,2.5,48,44,8.3,In-Progress
INT_0549,MOB_302,4.0,24,40,4.7,Dropped
INT_0549,MOB_202,4.5,70,70,16.4,In-Progress
INT_0549,DS_102,4.0,87,78,15.0,Completed
INT_0549,MOB_101,3.0,45,44,9.2,In-Progress
INT_0549,DS_103,4.0,88,83,16.8,Completed
INT_0550,WEB_203,4.5,55,58,12.2,In-Progress
INT_0550,DS_202,5.0,90,88,17.2,Completed
INT_0550,DS_201,4.5,69,72,16.5,In-Progress
INT_0550,DS_101,4.5,100,91,24.3,Completed
INT_0550,AIML_302,3.5,54,57,16.7,In-Progress
INT_0550,DS_302,4.0,100,91,17.4,Completed
INT_0550,SEC_101,3.0,78,75,13.7,In-Progress
INT_0550,AIML_202,3.0,63,62,10.7,In-Progress
INT_0550,AIML_102,3.5,80,77,11.8,In-Progress
INT_0550,CLD_302,4.0,46,44,13.3,In-Progress
INT_0550,CLD_301,3.5,51,56,16.2,In-Progress
INT_0550,DS_301,4.0,94,96,29.9,Completed
INT_0550,MOB_301,3.5,53,48,12.8,In-Progress
INT_0550,AIML_301,3.5,58,49,22.5,In-Progress
INT_0550,CLD_202,5.0,70,60,17.6,In-Progress
INT_0550,WEB_301,3.0,61,56,23.4,In-Progress
INT_0550,MOB_302,4.0,70,68,15.1,In-Progress
INT_0550,MOB_202,4.0,77,72,20.4,In-Progress
INT_0550,WEB_302,4.0,53,56,12.3,In-Progress
INT_0550,SEC_202,3.0,57,56,14.9,In-Progress
INT_0550,SEC_301,3.5,60,60,15.3,In-Progress
INT_0550,DS_102,4.0,86,86,13.8,Completed
INT_0550,MOB_101,4.0,71,74,14.2,In-Progress
INT_0550,DS_103,4.0,100,95,18.8,Completed
INT_0551,WEB_101,3.0,100,97,15.3,Completed
INT_0551,WEB_301,3.0,71,71,22.6,In-Progress
INT_0551,WEB_102,4.0,84,88,25.7,In-Progress
INT_0551,WEB_203,4.0,80,78,16.6,In-Progress
INT_0551,AIML_102,3.5,68,68,9.9,In-Progress
INT_0551,DS_302,4.0,44,46,8.4,In-Progress
INT_0551,MOB_302,2.5,41,43,8.6,In-Progress
INT_0551,WEB_202,4.5,96,92,26.6,Completed
INT_0551,CLD_301,3.5,20,40,6.6,Dropped
INT_0551,WEB_302,3.0,59,57,15.6,In-Progress
INT_0551,CLD_302,2.5,40,42,10.8,In-Progress
INT_0551,SEC_101,3.5,56,62,11.4,In-Progress
INT_0551,SEC_201,3.5,59,75,12.8,In-Progress
INT_0551,DS_101,4.0,63,56,13.0,In-Progress
INT_0551,AIML_101,3.5,95,96,18.3,Completed
INT_0551,MOB_301,4.0,82,86,22.5,In-Progress
INT_0551,WEB_201,4.5,96,89,34.2,Completed
INT_0552,WEB_301,3.5,62,64,19.1,In-Progress
INT_0552,MOB_201,4.0,82,84,24.1,In-Progress
INT_0552,WEB_203,3.5,56,64,10.5,In-Progress
INT_0552,AIML_102,3.0,73,74,13.5,In-Progress
INT_0552,MOB_302,4.5,93,83,17.1,Completed
INT_0552,MOB_202,3.5,82,89,17.8,In-Progress
INT_0552,DS_202,3.0,49,49,11.0,In-Progress
INT_0552,WEB_302,3.5,61,56,12.3,In-Progress
INT_0552,DS_201,3.0,70,78,16.1,In-Progress
INT_0552,DS_101,4.0,80,83,15.6,In-Progress
INT_0552,MOB_101,5.0,97,91,15.7,Completed
INT_0552,MOB_301,4.0,87,89,18.1,Completed
INT_0553,WEB_101,3.5,51,55,10.2,In-Progress
INT_0553,DS_103,3.5,76,75,13.1,In-Progress
INT_0553,WEB_102,3.0,70,74,16.3,In-Progress
INT_0553,MOB_201,3.0,61,70,16.0,In-Progress
INT_0553,MOB_202,4.5,77,80,17.0,In-Progress
INT_0553,DS_202,3.5,67,73,15.3,In-Progress
INT_0553,WEB_202,3.5,67,64,21.3,In-Progress
INT_0553,SEC_302,4.5,100,99,30.1,Completed
INT_0553,DS_101,3.0,63,69,15.3,In-Progress
INT_0553,SEC_101,3.5,82,81,15.1,In-Progress
INT_0553,SEC_202,4.5,99,97,34.8,Completed
INT_0553,SEC_301,5.0,82,87,20.7,In-Progress
INT_0553,SEC_201,4.0,95,94,25.4,Completed
INT_0553,DS_102,3.5,71,82,9.0,In-Progress
INT_0553,AIML_303,3.0,62,63,17.1,In-Progress
INT_0553,AIML_301,3.5,74,65,28.5,In-Progress
INT_0554,CLD_202,3.5,32,40,8.9,Dropped
INT_0554,AIML_202,4.5,84,77,13.2,In-Progress
INT_0554,CLD_101,3.5,69,63,12.7,In-Progress
INT_0554,MOB_201,4.0,61,59,19.7,In-Progress
INT_0554,AIML_102,4.0,94,91,16.7,Completed
INT_0554,WEB_203,3.5,63,69,11.8,In-Progress
INT_0554,MOB_202,3.0,75,82,22.7,In-Progress
INT_0554,AIML_302,4.0,96,95,31.9,Completed
INT_0554,WEB_302,3.5,52,52,13.7,In-Progress
INT_0554,DS_201,4.5,88,98,19.6,Completed
INT_0554,AIML_201,4.0,79,85,27.2,In-Progress
INT_0554,SEC_302,3.5,67,60,18.6,In-Progress
INT_0554,DS_102,4.5,75,77,13.4,In-Progress
INT_0554,AIML_303,4.5,93,89,18.7,Completed
INT_0554,AIML_101,4.0,100,100,22.5,Completed
INT_0554,MOB_301,4.0,68,73,16.3,In-Progress
INT_0554,AIML_301,4.0,84,89,35.9,In-Progress
INT_0555,CLD_202,3.5,82,81,27.7,In-Progress
INT_0555,AIML_202,3.5,94,88,13.6,Completed
INT_0555,WEB_101,3.5,66,65,9.6,In-Progress
INT_0555,MOB_101,3.5,64,67,10.3,In-Progress
INT_0555,AIML_102,5.0,89,100,15.3,Completed
INT_0555,WEB_203,4.5,34,40,7.5,Dropped
INT_0555,DS_202,2.5,43,40,10.0,In-Progress
INT_0555,AIML_303,4.0,77,82,21.9,In-Progress
INT_0555,CLD_301,3.5,52,52,17.4,In-Progress
INT_0555,SEC_101,3.5,61,62,9.1,In-Progress
INT_0555,AIML_201,3.5,100,100,36.1,Completed
INT_0555,SEC_201,3.5,75,72,18.7,In-Progress
INT_0555,DS_102,4.5,44,40,7.3,In-Progress
INT_0555,AIML_302,4.0,72,76,20.9,In-Progress
INT_0555,AIML_101,4.0,100,98,16.3,Completed
INT_0555,AIML_301,5.0,78,78,25.6,In-Progress
INT_0556,MOB_201,4.5,96,94,26.9,Completed
INT_0556,WEB_203,3.5,84,80,17.9,In-Progress
INT_0556,AIML_101,4.0,51,46,9.4,In-Progress
INT_0556,CLD_101,4.0,63,51,11.1,In-Progress
INT_0556,WEB_102,5.0,52,57,13.6,In-Progress
INT_0556,AIML_102,4.0,53,59,7.8,In-Progress
INT_0556,CLD_302,2.5,31,40,7.8,Dropped
INT_0556,DS_301,2.5,34,44,11.6,Dropped
INT_0556,AIML_201,4.0,100,100,30.9,Completed
INT_0556,SEC_201,3.5,55,55,14.6,In-Progress
INT_0556,MOB_301,3.5,72,74,15.6,In-Progress
INT_0556,CLD_202,3.5,58,50,19.6,In-Progress
INT_0556,WEB_101,3.5,83,77,15.4,In-Progress
INT_0556,WEB_301,3.5,42,40,17.4,In-Progress
INT_0556,MOB_302,4.0,57,54,12.9,In-Progress
INT_0556,MOB_202,3.5,74,63,18.4,In-Progress
INT_0556,WEB_202,4.0,58,56,13.8,In-Progress
INT_0556,SEC_202,3.5,62,58,18.3,In-Progress
INT_0556,SEC_301,3.5,27,40,6.5,Dropped
INT_0556,DS_102,3.0,52,53,6.7,In-Progress
INT_0556,MOB_101,4.5,70,78,10.4,In-Progress
INT_0556,DS_103,4.0,83,88,13.5,In-Progress
INT_0557,CLD_202,4.5,100,100,27.1,Completed
INT_0557,CLD_101,4.0,94,98,16.6,Completed
INT_0557,WEB_301,3.5,35,40,11.1,Dropped
INT_0557,AIML_102,2.5,66,57,8.9,In-Progress
INT_0557,DS_202,4.0,80,71,19.4,In-Progress
INT_0557,CLD_302,3.5,83,84,27.8,In-Progress
INT_0557,CLD_301,3.0,69,72,24.4,In-Progress
INT_0557,WEB_202,3.0,48,51,12.3,In-Progress
INT_0557,AIML_101,3.5,51,41,9.8,In-Progress
INT_0557,DS_201,4.5,64,54,16.4,In-Progress
INT_0557,MOB_301,4.5,50,53,10.4,In-Progress
INT_0557,CLD_201,4.5,100,97,24.1,Completed
INT_0557,MOB_101,3.0,70,70,12.2,In-Progress
INT_0557,CLD_102,4.5,86,81,11.8,Completed
INT_0557,DS_103,3.0,75,72,13.6,In-Progress
INT_0558,AIML_202,4.5,78,82,15.5,In-Progress
INT_0558,MOB_101,4.0,72,76,13.5,In-Progress
INT_0558,SEC_201,3.5,73,78,19.9,In-Progress
INT_0558,AIML_102,4.0,94,89,13.7,Completed
INT_0558,AIML_303,4.0,63,64,17.0,In-Progress
INT_0558,CLD_301,3.5,35,40,11.0,Dropped
INT_0558,SEC_101,4.0,67,69,12.8,In-Progress
INT_0558,SEC_202,3.5,89,94,30.9,Completed
INT_0558,AIML_201,4.5,86,85,30.6,Completed
INT_0558,SEC_302,3.0,22,40,7.1,Dropped
INT_0558,WEB_201,2.5,89,85,31.9,Completed
INT_0558,AIML_302,3.5,55,65,19.5,In-Progress
INT_0558,AIML_101,5.0,92,100,15.5,Completed
INT_0558,MOB_301,4.5,71,58,16.7,In-Progress
INT_0558,AIML_301,4.0,73,61,30.2,In-Progress
INT_0558,CLD_201,3.0,77,77,16.8,In-Progress
INT_0559,AIML_202,4.0,92,90,17.5,Completed
INT_0559,WEB_101,4.5,52,50,8.8,In-Progress
INT_0559,WEB_102,3.0,57,58,16.4,In-Progress
INT_0559,DS_103,3.0,64,55,11.1,In-Progress
INT_0559,AIML_102,3.5,79,80,14.6,In-Progress
INT_0559,DS_202,3.5,84,80,18.5,In-Progress
INT_0559,WEB_201,4.0,53,62,17.3,In-Progress
INT_0559,AIML_303,4.5,98,100,23.3,Completed
INT_0559,CLD_301,5.0,37,41,14.6,Dropped
INT_0559,SEC_101,3.0,65,69,11.1,In-Progress
INT_0559,AIML_201,4.5,98,99,34.4,Completed
INT_0559,SEC_301,4.0,68,64,12.7,In-Progress
INT_0559,DS_101,4.0,81,81,15.5,In-Progress
INT_0559,AIML_302,4.5,77,76,22.0,In-Progress
INT_0559,AIML_101,5.0,72,73,12.3,In-Progress
INT_0559,MOB_301,3.5,61,65,14.2,In-Progress
INT_0559,AIML_301,4.0,85,92,37.2,Completed
INT_0559,CLD_201,3.5,64,75,16.0,In-Progress
INT_0560,CLD_202,4.0,95,91,30.3,Completed
INT_0560,MOB_301,4.5,68,71,19.1,In-Progress
INT_0560,CLD_101,4.0,95,93,18.2,Completed
INT_0560,WEB_301,5.0,59,55,18.8,In-Progress
INT_0560,SEC_201,2.5,69,66,17.7,In-Progress
INT_0560,AIML_202,4.5,66,68,10.5,In-Progress
INT_0560,MOB_302,3.0,47,49,10.6,In-Progress
INT_0560,CLD_302,3.5,70,66,19.5,In-Progress
INT_0560,CLD_301,4.0,81,86,30.1,In-Progress
INT_0560,WEB_302,2.5,67,66,14.8,In-Progress
INT_0560,AIML_101,3.5,67,64,13.6,In-Progress
INT_0560,SEC_302,5.0,61,54,19.1,In-Progress
INT_0560,DS_102,3.0,74,79,11.4,In-Progress
INT_0560,CLD_201,4.0,97,100,22.0,Completed
INT_0560,MOB_101,4.0,64,60,12.8,In-Progress
INT_0560,CLD_102,5.0,92,89,12.2,Completed
INT_0560,DS_103,4.0,71,81,13.7,In-Progress
INT_0561,MOB_201,3.5,75,74,22.6,In-Progress
INT_0561,WEB_203,3.5,76,79,16.3,In-Progress
INT_0561,SEC_302,3.5,60,46,15.8,In-Progress
INT_0561,DS_101,2.0,63,63,15.5,In-Progress
INT_0561,AIML_303,5.0,77,80,21.1,In-Progress
INT_0561,AIML_302,4.5,79,80,24.2,In-Progress
INT_0561,DS_302,2.5,67,67,14.3,In-Progress
INT_0561,AIML_101,5.0,69,67,11.8,In-Progress
INT_0561,AIML_202,4.5,89,83,17.0,Completed
INT_0561,WEB_102,3.0,89,93,24.6,Completed
INT_0561,AIML_102,5.0,82,76,12.8,In-Progress
INT_0561,AIML_201,4.5,97,94,26.8,Completed
INT_0561,SEC_201,4.5,42,40,10.9,In-Progress
INT_0561,MOB_301,3.0,50,59,11.4,In-Progress
INT_0561,CLD_102,3.5,68,65,11.6,In-Progress
INT_0561,AIML_301,4.0,85,77,31.2,Completed
INT_0561,MOB_302,3.5,56,59,13.7,In-Progress
INT_0561,WEB_302,3.0,73,84,15.7,In-Progress
INT_0561,DS_102,4.0,66,60,10.9,In-Progress
INT_0561,MOB_101,3.0,64,65,11.8,In-Progress
INT_0561,DS_103,4.0,50,58,10.4,In-Progress
INT_0562,DS_202,4.0,57,61,13.5,In-Progress
INT_0562,DS_201,3.5,73,73,20.3,In-Progress
INT_0562,SEC_302,3.0,42,40,12.6,In-Progress
INT_0562,AIML_302,3.5,67,60,21.2,In-Progress
INT_0562,AIML_303,4.0,66,63,16.4,In-Progress
INT_0562,CLD_201,3.5,78,74,17.0,In-Progress
INT_0562,SEC_101,4.0,67,69,9.8,In-Progress
INT_0562,AIML_101,3.5,96,89,15.9,Completed
INT_0562,AIML_202,4.0,83,81,14.5,In-Progress
INT_0562,CLD_101,3.5,49,57,7.3,In-Progress
INT_0562,AIML_102,5.0,100,100,14.7,Completed
INT_0562,DS_301,3.0,29,40,9.8,Dropped
INT_0562,AIML_201,4.5,90,91,26.8,Completed
INT_0562,SEC_201,3.0,41,42,8.3,In-Progress
INT_0562,CLD_102,2.5,69,68,12.2,In-Progress
INT_0562,AIML_301,3.5,66,71,27.0,In-Progress
INT_0562,WEB_101,4.0,81,83,11.7,In-Progress
INT_0562,MOB_202,3.0,70,78,16.9,In-Progress
INT_0562,SEC_202,3.5,80,77,23.8,In-Progress
INT_0562,SEC_301,3.0,33,40,6.6,Dropped
INT_0562,DS_102,3.5,57,70,8.7,In-Progress
INT_0563,MOB_201,4.0,76,77,19.5,In-Progress
INT_0563,DS_202,5.0,63,59,15.3,In-Progress
INT_0563,SEC_302,3.0,43,46,13.5,In-Progress
INT_0563,DS_101,3.0,79,89,16.4,In-Progress
INT_0563,SEC_101,4.0,73,76,11.9,In-Progress
INT_0563,AIML_101,4.0,62,63,12.6,In-Progress
INT_0563,AIML_202,4.5,66,63,10.9,In-Progress
INT_0563,CLD_101,4.5,69,69,12.4,In-Progress
INT_0563,AIML_102,3.5,71,65,11.9,In-Progress
INT_0563,AIML_201,3.5,68,73,19.6,In-Progress
INT_0563,SEC_201,5.0,89,88,20.0,Completed
INT_0563,CLD_102,4.5,65,64,8.3,In-Progress
INT_0563,WEB_201,3.5,82,86,26.1,In-Progress
INT_0563,WEB_301,2.5,28,40,10.7,Dropped
INT_0563,WEB_202,5.0,71,68,17.8,In-Progress
INT_0563,SEC_202,5.0,69,64,24.7,In-Progress
INT_0563,SEC_301,4.0,53,56,12.6,In-Progress
INT_0563,DS_102,4.0,74,75,10.8,In-Progress
INT_0563,MOB_101,4.0,73,77,13.2,In-Progress
INT_0564,WEB_203,4.0,62,73,13.2,In-Progress
INT_0564,DS_202,3.5,57,62,14.0,In-Progress
INT_0564,DS_201,4.0,57,66,14.0,In-Progress
INT_0564,SEC_302,3.5,64,58,21.4,In-Progress
INT_0564,DS_302,3.0,77,83,14.8,In-Progress
INT_0564,SEC_101,3.0,87,80,16.4,Completed
INT_0564,AIML_101,4.5,47,49,8.6,In-Progress
INT_0564,CLD_101,3.0,90,95,14.2,Completed
INT_0564,CLD_302,2.5,36,45,11.4,Dropped
INT_0564,CLD_301,3.0,38,40,14.7,Dropped
INT_0564,AIML_201,3.0,64,56,16.5,In-Progress
INT_0564,SEC_201,4.0,80,84,22.5,In-Progress
INT_0564,MOB_301,4.0,72,66,17.3,In-Progress
INT_0564,AIML_301,2.0,48,46,15.9,In-Progress
INT_0564,CLD_102,4.0,82,82,13.2,In-Progress
INT_0564,WEB_302,3.5,37,40,8.9,Dropped
INT_0564,SEC_202,5.0,89,95,27.3,Completed
INT_0564,SEC_301,3.0,46,52,8.6,In-Progress
INT_0564,MOB_101,3.5,64,61,12.3,In-Progress
INT_0564,DS_103,2.5,51,45,8.7,In-Progress
INT_0565,MOB_201,3.0,63,59,21.2,In-Progress
INT_0565,WEB_203,3.5,54,51,13.9,In-Progress
INT_0565,DS_202,4.0,91,89,20.8,Completed
INT_0565,DS_201,3.5,71,75,15.2,In-Progress
INT_0565,DS_101,4.0,43,40,9.9,In-Progress
INT_0565,AIML_302,3.5,55,57,16.5,In-Progress
INT_0565,AIML_303,4.0,35,40,7.3,Dropped
INT_0565,DS_302,4.5,80,86,14.5,In-Progress
INT_0565,SEC_101,3.5,62,63,9.6,In-Progress
INT_0565,AIML_101,4.5,100,100,17.9,Completed
INT_0565,AIML_202,4.5,94,91,18.4,Completed
INT_0565,WEB_102,4.0,46,43,10.7,In-Progress
INT_0565,AIML_102,4.0,100,99,18.1,Completed
INT_0565,AIML_201,4.0,100,99,34.4,Completed
INT_0565,MOB_301,5.0,57,52,12.7,In-Progress
INT_0565,AIML_301,3.5,54,46,19.1,In-Progress
INT_0565,WEB_201,3.0,49,47,14.3,In-Progress
INT_0565,WEB_101,2.0,70,71,11.2,In-Progress
INT_0565,MOB_202,4.0,57,59,16.1,In-Progress
INT_0565,WEB_202,4.5,73,67,19.5,In-Progress
INT_0565,DS_102,3.0,55,60,8.7,In-Progress
INT_0566,WEB_203,4.0,56,51,11.9,In-Progress
INT_0566,SEC_302,3.5,60,55,17.6,In-Progress
INT_0566,DS_101,4.5,62,57,15.4,In-Progress
INT_0566,CLD_201,4.0,93,95,20.1,Completed
INT_0566,DS_302,4.0,54,56,10.9,In-Progress
INT_0566,SEC_101,4.0,67,66,13.7,In-Progress
INT_0566,AIML_202,3.0,72,69,10.4,In-Progress
INT_0566,CLD_101,4.0,92,87,14.6,Completed
INT_0566,AIML_102,3.5,40,40,5.9,In-Progress
INT_0566,CLD_302,5.0,80,79,21.0,In-Progress
INT_0566,CLD_301,4.0,100,97,40.7,Completed
INT_0566,DS_301,4.0,49,53,19.8,In-Progress
INT_0566,AIML_201,4.0,69,68,24.9,In-Progress
INT_0566,MOB_301,5.0,70,64,17.9,In-Progress
INT_0566,CLD_102,5.0,83,83,14.4,In-Progress
INT_0566,AIML_301,3.5,80,79,31.4,In-Progress
INT_0566,WEB_201,5.0,79,78,27.8,In-Progress
INT_0566,CLD_202,5.0,80,84,26.8,In-Progress
INT_0566,MOB_202,3.5,69,71,20.3,In-Progress
INT_0566,WEB_202,3.5,66,54,19.1,In-Progress
INT_0566,WEB_302,4.0,72,79,16.1,In-Progress
INT_0566,MOB_101,3.0,67,70,12.0,In-Progress
INT_0566,DS_103,4.0,57,57,9.9,In-Progress
INT_0567,WEB_203,4.0,51,50,10.0,In-Progress
INT_0567,DS_201,3.0,58,54,11.6,In-Progress
INT_0567,SEC_302,2.0,53,58,12.8,In-Progress
INT_0567,AIML_303,4.0,72,62,20.1,In-Progress
INT_0567,AIML_302,3.5,34,40,12.9,Dropped
INT_0567,SEC_101,4.0,48,47,9.3,In-Progress
INT_0567,AIML_101,4.0,77,84,16.5,In-Progress
INT_0567,AIML_202,5.0,97,98,17.4,Completed
INT_0567,AIML_102,5.0,100,100,15.6,Completed
INT_0567,CLD_302,2.5,40,40,11.3,In-Progress
INT_0567,AIML_201,3.0,79,80,23.9,In-Progress
INT_0567,SEC_201,3.5,82,93,20.4,In-Progress
INT_0567,AIML_301,4.0,82,84,28.6,In-Progress
INT_0567,WEB_201,2.5,47,56,12.9,In-Progress
INT_0567,CLD_202,3.0,76,74,27.6,In-Progress
INT_0567,WEB_101,4.0,59,58,8.8,In-Progress
INT_0567,MOB_302,2.5,25,40,5.2,Dropped
INT_0567,WEB_202,3.0,51,53,16.8,In-Progress
INT_0567,MOB_101,5.0,68,68,11.4,In-Progress
INT_0568,MOB_201,3.5,80,83,25.9,In-Progress
INT_0568,WEB_203,4.5,78,67,18.4,In-Progress
INT_0568,DS_101,3.5,71,71,14.8,In-Progress
INT_0568,DS_302,4.0,71,75,13.5,In-Progress
INT_0568,CLD_101,3.0,55,57,8.1,In-Progress
INT_0568,WEB_102,3.0,89,85,20.4,Completed
INT_0568,CLD_302,3.0,46,40,14.7,In-Progress
INT_0568,CLD_301,3.5,42,44,15.6,In-Progress
INT_0568,SEC_201,3.0,38,40,10.4,Dropped
INT_0568,MOB_301,2.5,60,60,13.7,In-Progress
INT_0568,CLD_102,3.5,52,56,7.4,In-Progress
INT_0568,AIML_301,3.0,21,40,8.6,Dropped
INT_0568,WEB_201,3.5,85,84,23.2,Completed
INT_0568,WEB_101,5.0,91,84,18.2,Completed
INT_0568,WEB_301,4.5,58,52,20.9,In-Progress
INT_0568,MOB_302,2.5,39,40,8.7,Dropped
INT_0568,WEB_202,3.5,90,91,27.3,Completed
INT_0568,WEB_302,3.0,62,67,15.5,In-Progress
INT_0568,MOB_101,4.0,89,81,15.5,Completed
INT_0569,WEB_203,4.0,57,45,12.8,In-Progress
INT_0569,DS_201,4.0,59,51,14.9,In-Progress
INT_0569,SEC_302,5.0,80,85,25.8,In-Progress
INT_0569,AIML_302,3.5,48,47,17.2,In-Progress
INT_0569,AIML_303,4.5,46,47,10.6,In-Progress
INT_0569,DS_302,3.0,87,83,18.0,Completed
INT_0569,SEC_101,5.0,94,99,17.2,Completed
INT_0569,AIML_101,3.5,62,55,13.3,In-Progress
INT_0569,AIML_202,5.0,71,73,11.7,In-Progress
INT_0569,WEB_102,3.5,64,65,15.8,In-Progress
INT_0569,AIML_201,3.0,75,76,26.2,In-Progress
INT_0569,SEC_201,5.0,84,83,20.9,In-Progress
INT_0569,CLD_102,3.5,51,56,6.5,In-Progress
INT_0569,AIML_301,4.0,64,71,25.1,In-Progress
INT_0569,WEB_201,3.0,44,48,13.9,In-Progress
INT_0569,CLD_202,4.0,51,55,17.6,In-Progress
INT_0569,WEB_101,4.5,81,73,13.9,In-Progress
INT_0569,WEB_301,3.5,46,40,14.5,In-Progress
INT_0569,WEB_302,3.5,66,66,18.1,In-Progress
INT_0569,SEC_202,4.5,80,80,21.6,In-Progress
INT_0569,SEC_301,4.5,100,99,24.9,Completed
INT_0569,MOB_101,4.0,78,78,15.5,In-Progress
INT_0570,CLD_202,4.0,75,77,20.3,In-Progress
INT_0570,WEB_101,4.5,78,80,15.6,In-Progress
INT_0570,WEB_301,2.5,60,67,19.7,In-Progress
INT_0570,WEB_102,4.0,100,100,30.7,Completed
INT_0570,WEB_203,2.5,93,84,20.9,Completed
INT_0570,MOB_202,3.0,72,66,15.9,In-Progress
INT_0570,DS_302,3.0,78,72,14.6,In-Progress
INT_0570,DS_202,2.5,91,97,16.9,Completed
INT_0570,WEB_202,4.5,100,97,30.2,Completed
INT_0570,CLD_302,2.5,20,40,5.5,Dropped
INT_0570,WEB_302,2.5,79,81,18.4,In-Progress
INT_0570,DS_301,2.0,41,40,13.7,In-Progress
INT_0570,SEC_101,3.0,73,67,15.1,In-Progress
INT_0570,AIML_201,3.5,65,65,21.5,In-Progress
INT_0570,AIML_302,3.0,39,40,11.1,Dropped
INT_0570,AIML_101,3.5,69,62,12.4,In-Progress
INT_0570,AIML_301,2.0,58,58,23.3,In-Progress
INT_0570,WEB_201,5.0,100,100,27.8,Completed
INT_0571,WEB_101,4.5,85,83,14.2,Completed
INT_0571,WEB_301,4.5,53,49,21.5,In-Progress
INT_0571,WEB_102,5.0,73,72,20.6,In-Progress
INT_0571,WEB_203,4.0,83,81,16.4,In-Progress
INT_0571,AIML_102,3.0,60,54,10.5,In-Progress
INT_0571,DS_202,4.0,75,76,14.0,In-Progress
INT_0571,DS_302,4.0,60,57,10.2,In-Progress
INT_0571,MOB_302,3.0,36,40,9.0,Dropped
INT_0571,WEB_202,4.0,100,97,24.1,Completed
INT_0571,WEB_302,4.0,55,57,15.4,In-Progress
INT_0571,DS_301,2.5,38,40,12.5,Dropped
INT_0571,SEC_101,3.5,62,63,10.8,In-Progress
INT_0571,AIML_201,4.0,61,68,21.1,In-Progress
INT_0571,SEC_201,4.0,79,79,20.1,In-Progress
INT_0571,DS_101,3.0,70,72,14.7,In-Progress
INT_0571,CLD_201,2.5,64,60,14.0,In-Progress
INT_0571,CLD_102,4.0,45,42,5.8,In-Progress
INT_0571,WEB_201,4.5,100,100,38.5,Completed
INT_0572,WEB_101,3.5,88,92,15.1,Completed
INT_0572,WEB_301,5.0,98,100,30.6,Completed
INT_0572,WEB_102,4.5,89,85,25.0,Completed
INT_0572,CLD_101,2.0,68,69,12.4,In-Progress
INT_0572,WEB_203,4.5,98,100,21.1,Completed
INT_0572,WEB_202,4.5,74,74,24.6,In-Progress
INT_0572,WEB_302,4.0,82,81,18.2,In-Progress
INT_0572,CLD_201,3.0,54,59,12.8,In-Progress
INT_0572,SEC_202,3.0,56,53,14.8,In-Progress
INT_0572,AIML_201,4.5,60,55,15.8,In-Progress
INT_0572,SEC_301,3.5,62,61,11.9,In-Progress
INT_0572,AIML_302,4.0,58,58,18.6,In-Progress
INT_0572,AIML_101,4.0,66,71,11.3,In-Progress
INT_0572,MOB_301,3.0,47,45,11.3,In-Progress
INT_0572,AIML_301,4.0,64,64,21.7,In-Progress
INT_0572,WEB_201,5.0,100,100,27.5,Completed
INT_0573,WEB_203,4.0,89,87,22.9,Completed
INT_0573,DS_202,3.5,61,59,15.7,In-Progress
INT_0573,AIML_303,4.0,41,42,8.1,In-Progress
INT_0573,DS_302,2.5,80,69,15.9,In-Progress
INT_0573,AIML_101,4.5,59,70,10.3,In-Progress
INT_0573,AIML_202,3.5,60,64,10.5,In-Progress
INT_0573,CLD_101,4.0,61,60,11.7,In-Progress
INT_0573,WEB_102,4.5,89,89,20.5,Completed
INT_0573,DS_301,3.5,44,43,13.1,In-Progress
INT_0573,AIML_201,3.5,73,73,23.5,In-Progress
INT_0573,MOB_301,3.5,59,57,13.3,In-Progress
INT_0573,WEB_201,4.5,90,81,26.9,Completed
INT_0573,WEB_101,4.5,100,100,15.0,Completed
INT_0573,WEB_301,3.0,72,79,26.5,In-Progress
INT_0573,MOB_202,3.5,57,40,14.1,In-Progress
INT_0573,WEB_202,3.5,89,88,24.5,Completed
INT_0573,WEB_302,4.5,49,43,11.8,In-Progress
INT_0573,SEC_301,2.0,57,66,14.3,In-Progress
INT_0573,DS_102,2.5,83,85,12.6,In-Progress
INT_0574,CLD_202,4.5,87,86,23.1,Completed
INT_0574,AIML_202,4.0,74,75,11.4,In-Progress
INT_0574,CLD_101,4.0,71,65,13.0,In-Progress
INT_0574,WEB_102,4.5,80,75,24.1,In-Progress
INT_0574,WEB_101,3.5,65,64,9.9,In-Progress
INT_0574,WEB_301,4.5,79,76,23.0,In-Progress
INT_0574,AIML_302,4.5,62,68,23.0,In-Progress
INT_0574,CLD_302,4.5,100,100,28.8,Completed
INT_0574,CLD_301,5.0,100,100,36.1,Completed
INT_0574,DS_101,5.0,57,55,14.2,In-Progress
INT_0574,SEC_202,3.0,67,67,17.2,In-Progress
INT_0574,SEC_301,3.0,78,75,16.2,In-Progress
INT_0574,SEC_302,3.5,71,77,18.6,In-Progress
INT_0574,DS_102,3.5,79,83,12.6,In-Progress
INT_0574,CLD_201,3.5,100,100,23.6,Completed
INT_0574,SEC_201,3.5,59,60,13.4,In-Progress
INT_0574,CLD_102,5.0,84,87,12.5,In-Progress
INT_0574,DS_103,4.0,60,58,12.2,In-Progress
INT_0575,AIML_202,5.0,92,93,18.5,Completed
INT_0575,CLD_101,4.0,82,73,12.1,In-Progress
INT_0575,MOB_201,3.5,61,62,18.2,In-Progress
INT_0575,AIML_102,4.0,71,75,13.8,In-Progress
INT_0575,DS_302,3.5,66,68,15.3,In-Progress
INT_0575,AIML_303,4.5,60,62,12.8,In-Progress
INT_0575,DS_101,3.5,80,82,18.2,In-Progress
INT_0575,AIML_201,4.5,81,77,27.1,In-Progress
INT_0575,SEC_301,4.0,60,59,12.8,In-Progress
INT_0575,SEC_201,4.0,68,74,13.5,In-Progress
INT_0575,DS_102,4.5,73,71,12.0,In-Progress
INT_0575,AIML_302,4.0,89,90,33.6,Completed
INT_0575,AIML_101,3.5,74,78,12.9,In-Progress
INT_0575,MOB_301,3.5,49,53,12.0,In-Progress
INT_0575,AIML_301,4.5,78,80,32.4,In-Progress
INT_0576,WEB_101,4.0,100,94,18.2,Completed
INT_0576,WEB_301,5.0,100,100,40.4,Completed
INT_0576,WEB_102,4.5,98,95,29.3,Completed
INT_0576,AIML_202,3.0,91,91,15.2,Completed
INT_0576,WEB_203,5.0,94,96,18.5,Completed
INT_0576,WEB_202,4.5,93,93,27.7,Completed
INT_0576,SEC_302,4.5,71,69,18.5,In-Progress
INT_0576,WEB_302,4.5,84,88,22.8,In-Progress
INT_0576,SEC_201,3.0,57,53,11.6,In-Progress
INT_0576,MOB_101,4.5,55,57,9.2,In-Progress
INT_0576,DS_103,4.5,86,87,14.9,Completed
INT_0576,WEB_201,5.0,100,100,29.6,Completed
INT_0577,MOB_201,3.5,90,88,30.8,Completed
INT_0577,DS_202,4.0,81,77,16.0,In-Progress
INT_0577,DS_201,3.0,71,65,17.4,In-Progress
INT_0577,SEC_302,3.0,46,49,11.0,In-Progress
INT_0577,DS_101,4.5,64,61,13.2,In-Progress
INT_0577,AIML_302,3.0,24,40,8.4,Dropped
INT_0577,CLD_201,3.0,71,77,14.9,In-Progress
INT_0577,SEC_101,3.5,74,68,11.0,In-Progress
INT_0577,AIML_202,3.5,70,74,11.1,In-Progress
INT_0577,CLD_101,4.0,64,62,12.8,In-Progress
INT_0577,AIML_201,5.0,71,74,18.3,In-Progress
INT_0577,SEC_201,4.5,88,92,22.4,Completed
INT_0577,MOB_301,4.5,100,99,24.4,Completed
INT_0577,AIML_301,3.5,46,48,18.7,In-Progress
INT_0577,WEB_201,3.5,55,61,18.7,In-Progress
INT_0577,WEB_101,4.0,85,88,17.0,Completed
INT_0577,MOB_202,5.0,87,93,26.6,Completed
INT_0577,MOB_302,3.5,59,67,13.4,In-Progress
INT_0577,WEB_202,4.0,65,64,19.6,In-Progress
INT_0577,WEB_302,3.0,36,42,9.8,Dropped
INT_0577,SEC_301,3.0,27,40,5.1,Dropped
INT_0577,DS_102,3.5,52,45,8.8,In-Progress
INT_0577,MOB_101,5.0,86,93,15.3,Completed
INT_0578,DS_202,4.0,87,89,18.2,Completed
INT_0578,DS_201,4.0,100,90,22.1,Completed
INT_0578,SEC_302,4.0,68,68,17.4,In-Progress
INT_0578,DS_101,4.0,90,90,19.0,Completed
INT_0578,AIML_303,4.5,59,63,13.7,In-Progress
INT_0578,CLD_201,3.5,54,53,10.5,In-Progress
INT_0578,DS_302,4.5,83,79,14.4,In-Progress
INT_0578,SEC_101,4.5,81,83,15.3,In-Progress
INT_0578,AIML_101,4.5,92,98,21.1,Completed
INT_0578,AIML_102,3.5,65,69,10.4,In-Progress
INT_0578,DS_301,4.5,68,57,24.9,In-Progress
INT_0578,CLD_102,3.5,89,82,14.0,Completed
INT_0578,MOB_301,4.0,76,76,21.0,In-Progress
INT_0578,AIML_301,3.5,64,62,23.3,In-Progress
INT_0578,CLD_202,3.5,48,55,17.1,In-Progress
INT_0578,WEB_101,4.5,90,87,17.2,Completed
INT_0578,WEB_301,3.5,68,77,23.2,In-Progress
INT_0578,MOB_202,4.5,68,72,20.6,In-Progress
INT_0578,MOB_302,4.5,63,63,14.5,In-Progress
INT_0578,WEB_202,3.0,67,76,20.6,In-Progress
INT_0578,SEC_202,3.0,68,63,21.7,In-Progress
INT_0578,DS_102,4.0,93,90,15.9,Completed
INT_0578,DS_103,4.5,94,90,14.8,Completed
INT_0579,MOB_201,3.0,70,69,20.0,In-Progress
INT_0579,DS_102,4.0,100,97,12.7,Completed
INT_0579,DS_202,5.0,86,99,19.5,Completed
INT_0579,DS_302,4.5,83,83,17.1,In-Progress
INT_0579,MOB_302,2.0,53,54,12.4,In-Progress
INT_0579,MOB_202,4.0,80,75,17.7,In-Progress
INT_0579,AIML_303,3.0,39,40,9.0,Dropped
INT_0579,AIML_101,4.0,86,92,16.6,Completed
INT_0579,DS_301,3.5,65,62,26.1,In-Progress
INT_0579,DS_201,3.5,96,95,23.1,Completed
INT_0579,SEC_301,4.0,33,40,6.4,Dropped
INT_0579,DS_101,5.0,92,96,17.4,Completed
INT_0579,CLD_201,4.5,60,65,12.8,In-Progress
INT_0579,MOB_101,3.5,48,49,8.5,In-Progress
INT_0579,DS_103,4.0,81,79,12.3,In-Progress
INT_0580,AIML_202,3.5,67,59,10.8,In-Progress
INT_0580,WEB_101,5.0,68,58,12.8,In-Progress
INT_0580,MOB_201,3.0,68,63,17.2,In-Progress
INT_0580,AIML_102,4.0,100,100,18.0,Completed
INT_0580,WEB_203,3.5,73,75,13.5,In-Progress
INT_0580,MOB_202,4.0,57,66,15.1,In-Progress
INT_0580,MOB_302,3.0,30,40,6.4,Dropped
INT_0580,AIML_302,3.5,54,56,20.3,In-Progress
INT_0580,CLD_301,3.0,22,40,7.7,Dropped
INT_0580,SEC_101,3.5,79,69,11.4,In-Progress
INT_0580,CLD_102,3.5,80,89,12.4,In-Progress
INT_0580,AIML_201,5.0,91,93,29.9,Completed
INT_0580,SEC_302,1.5,35,41,11.8,Dropped
INT_0580,AIML_303,3.5,52,50,14.5,In-Progress
INT_0580,AIML_101,3.5,97,100,18.2,Completed
INT_0580,MOB_301,3.5,72,72,16.6,In-Progress
INT_0580,AIML_301,3.0,71,71,28.2,In-Progress
INT_0580,CLD_201,2.5,75,69,13.7,In-Progress
INT_0581,MOB_201,4.0,54,59,16.9,In-Progress
INT_0581,WEB_203,4.0,76,82,19.3,In-Progress
INT_0581,DS_201,3.0,83,87,22.8,In-Progress
INT_0581,AIML_302,3.0,76,80,22.7,In-Progress
INT_0581,CLD_201,3.5,72,65,17.0,In-Progress
INT_0581,AIML_303,3.5,62,53,15.3,In-Progress
INT_0581,SEC_101,3.5,59,54,11.2,In-Progress
INT_0581,AIML_101,4.5,100,100,22.7,Completed
INT_0581,AIML_202,4.0,49,60,10.2,In-Progress
INT_0581,CLD_101,4.5,71,64,11.5,In-Progress
INT_0581,AIML_102,4.5,83,93,13.2,In-Progress
INT_0581,AIML_201,4.0,100,95,30.8,Completed
INT_0581,MOB_301,4.0,88,84,21.1,Completed
INT_0581,CLD_102,2.5,64,54,10.0,In-Progress
INT_0581,AIML_301,3.0,45,43,14.7,In-Progress
INT_0581,WEB_201,3.5,51,56,15.5,In-Progress
INT_0581,CLD_202,4.0,79,84,26.2,In-Progress
INT_0581,WEB_101,3.5,75,76,11.1,In-Progress
INT_0581,WEB_301,2.0,49,47,17.4,In-Progress
INT_0581,WEB_202,2.5,59,54,18.9,In-Progress
INT_0581,WEB_302,2.5,40,41,8.2,In-Progress
INT_0581,MOB_101,4.0,69,69,12.2,In-Progress
INT_0582,CLD_202,5.0,100,100,33.3,Completed
INT_0582,AIML_202,4.5,71,66,14.3,In-Progress
INT_0582,CLD_101,5.0,100,100,16.6,Completed
INT_0582,WEB_102,4.0,85,86,25.8,Completed
INT_0582,MOB_201,3.5,52,54,18.6,In-Progress
INT_0582,DS_202,5.0,40,42,7.3,In-Progress
INT_0582,MOB_202,3.5,60,65,15.8,In-Progress
INT_0582,CLD_302,4.5,88,83,23.1,Completed
INT_0582,CLD_301,4.5,97,96,35.0,Completed
INT_0582,DS_301,3.5,68,68,27.6,In-Progress
INT_0582,SEC_201,4.0,87,84,20.8,Completed
INT_0582,CLD_201,4.0,81,80,18.8,In-Progress
INT_0582,MOB_101,3.5,74,65,12.8,In-Progress
INT_0582,CLD_102,4.0,100,89,14.2,Completed
INT_0582,AIML_301,4.0,51,52,22.5,In-Progress
INT_0583,MOB_201,3.5,71,75,22.7,In-Progress
INT_0583,WEB_203,3.5,71,67,13.7,In-Progress
INT_0583,SEC_302,3.0,25,40,6.2,Dropped
INT_0583,CLD_201,4.0,64,63,12.7,In-Progress
INT_0583,DS_302,3.0,55,60,12.5,In-Progress
INT_0583,CLD_101,4.5,54,56,10.4,In-Progress
INT_0583,WEB_102,4.5,74,69,18.2,In-Progress
INT_0583,AIML_102,3.5,79,75,12.2,In-Progress
INT_0583,CLD_302,3.5,39,41,12.5,Dropped
INT_0583,DS_301,2.5,39,40,13.1,Dropped
INT_0583,CLD_102,3.5,66,65,11.0,In-Progress
INT_0583,WEB_201,4.0,93,88,28.1,Completed
INT_0583,CLD_202,3.0,89,87,24.6,Completed
INT_0583,WEB_101,4.0,88,81,18.0,Completed
INT_0583,WEB_301,4.0,70,70,22.3,In-Progress
INT_0583,MOB_302,3.0,42,44,10.8,In-Progress
INT_0583,WEB_202,5.0,97,98,28.4,Completed
INT_0583,WEB_302,3.5,80,79,21.3,In-Progress
INT_0583,SEC_301,3.0,20,40,4.0,Dropped
INT_0583,DS_102,3.5,70,68,10.1,In-Progress
INT_0583,MOB_101,4.5,67,64,13.7,In-Progress
INT_0584,MOB_201,4.0,79,81,27.2,In-Progress
INT_0584,WEB_203,4.0,70,68,16.5,In-Progress
INT_0584,DS_201,2.5,56,55,11.8,In-Progress
INT_0584,DS_101,2.5,80,71,19.0,In-Progress
INT_0584,AIML_303,2.5,62,59,12.3,In-Progress
INT_0584,AIML_302,3.0,37,40,11.4,Dropped
INT_0584,DS_302,4.0,52,48,11.2,In-Progress
INT_0584,AIML_101,3.0,56,56,10.5,In-Progress
INT_0584,AIML_202,4.0,44,44,8.1,In-Progress
INT_0584,CLD_101,3.0,67,66,10.5,In-Progress
INT_0584,CLD_302,3.5,49,46,13.4,In-Progress
INT_0584,DS_301,3.0,41,47,13.1,In-Progress
INT_0584,SEC_201,4.5,52,60,14.5,In-Progress
INT_0584,MOB_301,4.0,81,80,17.1,In-Progress
INT_0584,AIML_301,2.5,31,40,11.2,Dropped
INT_0584,WEB_201,2.5,74,74,22.9,In-Progress
INT_0584,CLD_202,3.5,56,57,17.4,In-Progress
INT_0584,WEB_301,3.0,20,40,7.1,Dropped
INT_0584,MOB_202,4.5,93,89,21.4,Completed
INT_0584,MOB_302,4.0,52,45,12.6,In-Progress
INT_0584,WEB_202,4.5,65,68,19.8,In-Progress
INT_0584,WEB_302,3.0,36,40,9.7,Dropped
INT_0584,MOB_101,4.5,99,98,19.0,Completed
INT_0585,MOB_201,4.5,89,95,31.0,Completed
INT_0585,MOB_202,4.5,84,86,21.6,In-Progress
INT_0585,MOB_302,5.0,100,100,22.7,Completed
INT_0585,DS_302,3.0,87,90,17.9,Completed
INT_0585,DS_202,4.0,54,56,13.6,In-Progress
INT_0585,WEB_202,3.0,70,73,17.2,In-Progress
INT_0585,AIML_302,3.5,70,61,25.8,In-Progress
INT_0585,CLD_302,3.5,73,80,23.9,In-Progress
INT_0585,SEC_202,3.5,71,69,21.3,In-Progress
INT_0585,DS_301,4.0,78,71,27.8,In-Progress
INT_0585,CLD_102,4.0,72,64,12.6,In-Progress
INT_0585,SEC_101,4.0,61,53,11.2,In-Progress
INT_0585,SEC_301,4.0,73,82,17.9,In-Progress
INT_0585,DS_101,4.0,64,64,16.4,In-Progress
INT_0585,AIML_303,4.0,82,77,17.1,In-Progress
INT_0585,MOB_101,4.0,87,92,15.6,Completed
INT_0585,MOB_301,4.5,91,90,19.7,Completed
INT_0585,DS_103,4.5,70,74,10.5,In-Progress
INT_0586,WEB_101,5.0,91,90,17.8,Completed
INT_0586,WEB_301,3.0,69,71,22.6,In-Progress
INT_0586,WEB_102,5.0,90,91,25.7,Completed
INT_0586,AIML_202,3.0,70,60,13.2,In-Progress
INT_0586,WEB_203,3.5,100,100,21.5,Completed
INT_0586,MOB_201,3.5,61,61,21.8,In-Progress
INT_0586,AIML_102,2.5,81,80,11.0,In-Progress
INT_0586,MOB_202,3.5,68,67,15.7,In-Progress
INT_0586,WEB_202,3.5,92,93,23.5,Completed
INT_0586,CLD_302,3.5,44,46,14.6,In-Progress
INT_0586,WEB_302,3.5,78,82,16.1,In-Progress
INT_0586,CLD_201,4.0,76,78,13.9,In-Progress
INT_0586,DS_301,2.0,25,40,9.3,Dropped
INT_0586,SEC_301,3.0,37,43,9.2,Dropped
INT_0586,AIML_302,3.5,27,40,10.0,Dropped
INT_0586,DS_103,2.5,49,49,10.2,In-Progress
INT_0586,WEB_201,4.0,98,99,36.4,Completed
INT_0587,CLD_202,3.5,46,44,15.7,In-Progress
INT_0587,WEB_101,3.5,92,89,17.0,Completed
INT_0587,WEB_301,3.5,59,58,23.7,In-Progress
INT_0587,WEB_102,4.0,90,85,19.9,Completed
INT_0587,WEB_203,4.0,100,100,21.6,Completed
INT_0587,WEB_202,3.0,92,88,22.2,Completed
INT_0587,CLD_302,3.5,39,40,10.9,Dropped
INT_0587,WEB_302,3.5,69,82,19.6,In-Progress
INT_0587,SEC_302,1.5,42,40,11.3,In-Progress
INT_0587,DS_102,2.5,65,62,8.4,In-Progress
INT_0587,CLD_102,3.0,76,70,12.3,In-Progress
INT_0587,WEB_201,4.5,87,88,30.1,Completed
INT_0588,CLD_202,4.5,86,91,28.8,Completed
INT_0588,AIML_202,4.5,73,69,11.9,In-Progress
INT_0588,CLD_101,4.5,63,60,9.4,In-Progress
INT_0588,WEB_301,2.5,29,40,10.3,Dropped
INT_0588,WEB_203,3.5,54,63,13.5,In-Progress
INT_0588,MOB_202,3.0,68,74,19.5,In-Progress
INT_0588,MOB_302,2.5,37,40,9.6,Dropped
INT_0588,AIML_303,2.5,39,40,10.1,Dropped
INT_0588,CLD_302,3.5,74,85,25.0,In-Progress
INT_0588,CLD_301,4.0,66,64,19.1,In-Progress
INT_0588,DS_301,3.0,53,52,20.9,In-Progress
INT_0588,CLD_201,3.5,93,100,23.5,Completed
INT_0588,CLD_102,3.5,92,97,14.1,Completed
INT_0589,WEB_101,3.0,80,78,15.7,In-Progress
INT_0589,AIML_202,3.5,70,59,11.1,In-Progress
INT_0589,WEB_102,3.5,42,47,9.9,In-Progress
INT_0589,MOB_201,3.0,90,85,29.1,Completed
INT_0589,WEB_203,3.0,81,77,14.8,In-Progress
INT_0589,MOB_202,4.0,95,92,20.5,Completed
INT_0589,MOB_302,2.5,54,50,11.1,In-Progress
INT_0589,DS_302,4.0,50,54,10.0,In-Progress
INT_0589,WEB_202,4.0,90,81,28.3,Completed
INT_0589,WEB_302,2.0,50,55,11.5,In-Progress
INT_0589,DS_301,2.5,60,62,24.0,In-Progress
INT_0589,DS_102,4.5,76,79,12.4,In-Progress
INT_0589,AIML_303,3.0,29,40,7.6,Dropped
INT_0589,MOB_101,4.0,82,81,15.9,In-Progress
INT_0589,MOB_301,4.5,96,100,22.8,Completed
INT_0589,DS_103,4.0,46,47,9.3,In-Progress
INT_0590,CLD_202,3.5,81,74,26.6,In-Progress
INT_0590,CLD_101,4.5,75,75,11.1,In-Progress
INT_0590,MOB_202,4.0,58,60,16.8,In-Progress
INT_0590,DS_202,2.5,63,66,11.9,In-Progress
INT_0590,CLD_302,3.0,53,56,13.6,In-Progress
INT_0590,CLD_301,4.0,66,66,26.5,In-Progress
INT_0590,SEC_101,3.0,60,58,10.3,In-Progress
INT_0590,DS_301,2.5,35,40,12.9,Dropped
INT_0590,SEC_301,2.5,50,54,11.9,In-Progress
INT_0590,SEC_201,3.0,71,75,14.8,In-Progress
INT_0590,MOB_301,2.5,53,55,10.7,In-Progress
INT_0590,CLD_201,4.0,100,100,24.3,Completed
INT_0590,CLD_102,4.5,91,89,13.0,Completed
INT_0591,DS_201,3.5,71,67,16.7,In-Progress
INT_0591,SEC_302,3.0,77,75,19.8,In-Progress
INT_0591,AIML_302,2.5,21,40,6.5,Dropped
INT_0591,AIML_303,2.5,29,40,7.0,Dropped
INT_0591,SEC_101,4.0,100,95,18.2,Completed
INT_0591,AIML_202,3.5,58,57,9.9,In-Progress
INT_0591,WEB_102,4.0,67,65,15.3,In-Progress
INT_0591,CLD_301,2.5,28,40,8.5,Dropped
INT_0591,AIML_201,3.5,47,46,15.5,In-Progress
INT_0591,SEC_201,5.0,75,78,17.9,In-Progress
INT_0591,CLD_102,2.5,72,60,10.6,In-Progress
INT_0591,AIML_301,3.0,56,55,18.5,In-Progress
INT_0591,WEB_201,3.5,50,47,15.9,In-Progress
INT_0591,WEB_301,3.0,36,40,14.0,Dropped
INT_0591,MOB_302,4.5,26,40,6.4,Dropped
INT_0591,WEB_202,5.0,54,53,16.8,In-Progress
INT_0591,WEB_302,3.5,47,44,10.7,In-Progress
INT_0591,SEC_202,5.0,88,82,31.1,Completed
INT_0591,SEC_301,3.0,76,75,18.1,In-Progress
INT_0591,DS_103,4.0,75,73,15.4,In-Progress
INT_0592,WEB_203,3.5,86,87,20.4,Completed
INT_0592,DS_201,4.5,55,56,12.8,In-Progress
INT_0592,SEC_302,5.0,100,100,32.8,Completed
INT_0592,DS_101,3.5,62,69,14.6,In-Progress
INT_0592,DS_302,2.5,50,47,9.5,In-Progress
INT_0592,SEC_101,5.0,72,77,12.9,In-Progress
INT_0592,CLD_101,2.5,71,64,10.7,In-Progress
INT_0592,WEB_102,4.5,63,71,15.3,In-Progress
INT_0592,AIML_102,4.0,57,49,9.5,In-Progress
INT_0592,CLD_301,4.0,70,68,22.5,In-Progress
INT_0592,SEC_201,5.0,70,67,17.7,In-Progress
INT_0592,MOB_301,3.5,81,83,21.8,In-Progress
INT_0592,AIML_301,3.5,57,56,25.5,In-Progress
INT_0592,WEB_201,3.0,74,84,22.0,In-Progress
INT_0592,MOB_202,4.0,61,58,13.5,In-Progress
INT_0592,SEC_202,4.0,82,82,24.5,In-Progress
INT_0592,SEC_301,5.0,88,88,22.1,Completed
INT_0592,DS_102,2.0,84,84,12.2,In-Progress
INT_0592,DS_103,3.5,65,67,12.2,In-Progress
INT_0593,WEB_101,4.0,85,84,13.4,Completed
INT_0593,WEB_301,3.0,66,74,25.3,In-Progress
INT_0593,WEB_102,3.5,94,100,22.4,Completed
INT_0593,MOB_201,4.0,52,44,16.6,In-Progress
INT_0593,WEB_203,4.5,83,89,21.1,In-Progress
INT_0593,WEB_202,3.5,94,97,23.9,Completed
INT_0593,CLD_302,3.5,56,58,14.9,In-Progress
INT_0593,WEB_302,3.5,49,53,11.2,In-Progress
INT_0593,SEC_101,2.0,75,82,13.7,In-Progress
INT_0593,DS_201,4.0,33,40,8.7,Dropped
INT_0593,MOB_301,4.5,79,82,17.2,In-Progress
INT_0593,WEB_201,4.5,100,100,30.5,Completed
INT_0594,DS_202,3.0,48,40,11.9,In-Progress
INT_0594,DS_201,3.5,57,62,15.6,In-Progress
INT_0594,DS_101,3.5,75,77,15.4,In-Progress
INT_0594,AIML_303,3.0,57,57,13.8,In-Progress
INT_0594,AIML_302,4.5,53,53,19.2,In-Progress
INT_0594,DS_302,3.5,69,65,13.4,In-Progress
INT_0594,AIML_101,3.0,97,96,21.8,Completed
INT_0594,AIML_202,4.0,92,92,18.3,Completed
INT_0594,AIML_102,4.5,100,100,18.6,Completed
INT_0594,CLD_302,2.0,24,40,6.5,Dropped
INT_0594,DS_301,3.0,44,40,15.6,In-Progress
INT_0594,AIML_201,4.0,86,88,22.3,Completed
INT_0594,CLD_102,4.0,58,66,7.3,In-Progress
INT_0594,AIML_301,4.5,44,42,15.9,In-Progress
INT_0594,CLD_202,4.0,68,70,17.5,In-Progress
INT_0594,WEB_301,2.5,26,40,10.5,Dropped
INT_0594,MOB_202,4.0,50,49,12.8,In-Progress
INT_0594,WEB_302,2.0,31,40,7.8,Dropped
INT_0594,SEC_301,3.5,32,40,7.9,Dropped
INT_0594,DS_102,4.0,59,56,9.9,In-Progress
INT_0594,MOB_101,3.5,63,67,9.8,In-Progress
INT_0594,DS_103,3.5,49,44,8.2,In-Progress
INT_0595,AIML_202,3.0,84,87,14.0,In-Progress
INT_0595,CLD_101,4.5,85,82,15.1,Completed
INT_0595,WEB_301,3.5,66,58,21.8,In-Progress
INT_0595,MOB_201,4.5,67,66,19.2,In-Progress
INT_0595,MOB_202,3.5,81,83,20.6,In-Progress
INT_0595,MOB_302,4.0,82,89,19.5,In-Progress
INT_0595,DS_302,4.0,53,61,11.5,In-Progress
INT_0595,CLD_302,3.0,88,92,22.5,Completed
INT_0595,AIML_101,3.0,92,82,17.0,Completed
INT_0595,DS_301,2.5,78,72,28.0,In-Progress
INT_0595,DS_201,4.5,67,67,18.3,In-Progress
INT_0595,SEC_201,3.0,67,79,14.2,In-Progress
INT_0595,DS_102,3.5,57,53,9.4,In-Progress
INT_0595,CLD_201,4.0,39,42,9.1,Dropped
INT_0595,MOB_101,4.5,73,63,12.4,In-Progress
INT_0595,MOB_301,5.0,99,100,25.2,Completed
INT_0595,DS_103,2.5,75,72,13.3,In-Progress
INT_0595,WEB_201,4.0,69,69,26.8,In-Progress
INT_0596,AIML_202,4.0,100,90,19.7,Completed
INT_0596,CLD_101,4.0,74,77,11.3,In-Progress
INT_0596,WEB_102,4.0,37,40,8.3,Dropped
INT_0596,MOB_201,3.0,50,52,14.5,In-Progress
INT_0596,AIML_102,4.5,76,74,13.5,In-Progress
INT_0596,MOB_101,3.5,68,70,12.1,In-Progress
INT_0596,MOB_202,4.0,59,57,14.5,In-Progress
INT_0596,DS_302,3.0,48,42,10.4,In-Progress
INT_0596,AIML_303,3.5,61,60,12.6,In-Progress
INT_0596,WEB_202,4.5,80,81,21.1,In-Progress
INT_0596,DS_202,4.0,76,74,14.3,In-Progress
INT_0596,DS_301,2.0,42,40,17.0,In-Progress
INT_0596,AIML_201,4.5,73,69,25.2,In-Progress
INT_0596,SEC_302,2.0,72,68,22.6,In-Progress
INT_0596,AIML_302,4.0,58,54,20.7,In-Progress
INT_0596,AIML_101,5.0,94,87,20.0,Completed
INT_0596,AIML_301,3.5,48,48,21.0,In-Progress
INT_0597,MOB_201,4.0,81,79,28.3,In-Progress
INT_0597,DS_201,3.5,47,44,11.3,In-Progress
INT_0597,AIML_303,3.5,66,68,18.0,In-Progress
INT_0597,CLD_201,4.0,80,76,19.4,In-Progress
INT_0597,AIML_302,3.5,77,66,28.9,In-Progress
INT_0597,SEC_101,4.0,55,49,9.9,In-Progress
INT_0597,AIML_101,3.5,48,41,8.1,In-Progress
INT_0597,AIML_202,4.0,62,56,10.7,In-Progress
INT_0597,CLD_101,5.0,97,96,18.7,Completed
INT_0597,WEB_102,4.0,47,53,10.6,In-Progress
INT_0597,AIML_102,4.0,52,58,7.4,In-Progress
INT_0597,CLD_302,4.0,100,96,33.7,Completed
INT_0597,CLD_301,4.5,82,86,31.4,In-Progress
INT_0597,AIML_201,4.0,54,53,19.5,In-Progress
INT_0597,CLD_102,4.0,92,87,12.0,Completed
INT_0597,CLD_202,3.5,100,94,27.5,Completed
INT_0597,WEB_101,3.0,71,64,14.6,In-Progress
INT_0597,MOB_302,2.5,76,74,19.0,In-Progress
INT_0597,MOB_202,3.5,66,60,18.0,In-Progress
INT_0597,WEB_202,3.5,48,41,12.8,In-Progress
INT_0597,WEB_302,4.5,72,75,14.4,In-Progress
INT_0597,MOB_101,3.0,70,75,13.9,In-Progress
INT_0597,DS_103,4.5,55,54,9.7,In-Progress
INT_0598,CLD_101,4.5,66,64,12.5,In-Progress
INT_0598,WEB_301,3.0,31,40,12.2,Dropped
INT_0598,WEB_203,5.0,52,53,13.2,In-Progress
INT_0598,DS_302,3.5,60,65,10.3,In-Progress
INT_0598,MOB_202,3.0,89,87,22.9,Completed
INT_0598,DS_202,3.5,79,86,19.1,In-Progress
INT_0598,WEB_202,2.5,60,62,14.3,In-Progress
INT_0598,CLD_301,3.0,20,40,6.0,Dropped
INT_0598,SEC_101,5.0,79,76,14.3,In-Progress
INT_0598,SEC_202,4.0,81,75,23.2,In-Progress
INT_0598,DS_301,2.0,20,40,7.6,Dropped
INT_0598,SEC_301,3.5,56,59,14.2,In-Progress
INT_0598,SEC_302,3.5,64,69,15.8,In-Progress
INT_0598,DS_102,4.5,65,67,9.9,In-Progress
INT_0598,SEC_201,3.5,84,84,20.8,In-Progress
INT_0598,CLD_102,3.5,77,79,12.4,In-Progress
INT_0598,DS_103,4.0,56,58,10.7,In-Progress
INT_0599,DS_202,3.5,54,52,11.8,In-Progress
INT_0599,DS_201,3.0,71,76,15.0,In-Progress
INT_0599,AIML_303,3.5,60,60,11.9,In-Progress
INT_0599,AIML_302,3.5,61,60,21.0,In-Progress
INT_0599,DS_302,3.5,55,49,10.3,In-Progress
INT_0599,SEC_101,3.0,75,76,13.0,In-Progress
INT_0599,AIML_101,3.0,91,86,16.0,Completed
INT_0599,AIML_202,3.5,85,83,16.5,Completed
INT_0599,WEB_102,4.0,69,69,19.2,In-Progress
INT_0599,AIML_102,3.5,88,90,16.5,Completed
INT_0599,CLD_302,3.5,33,40,8.6,Dropped
INT_0599,CLD_301,3.0,59,60,17.6,In-Progress
INT_0599,DS_301,2.0,42,40,12.8,In-Progress
INT_0599,AIML_201,4.5,87,81,30.5,Completed
INT_0599,AIML_301,4.0,71,63,26.0,In-Progress
INT_0599,WEB_301,2.5,56,59,21.5,In-Progress
INT_0599,MOB_302,2.0,61,62,13.0,In-Progress
INT_0599,MOB_202,4.0,81,81,24.0,In-Progress
INT_0599,WEB_202,3.5,65,67,19.8,In-Progress
INT_0599,SEC_202,3.5,70,67,17.6,In-Progress
INT_0600,MOB_201,3.5,56,66,19.4,In-Progress
INT_0600,WEB_203,3.5,78,78,16.3,In-Progress
INT_0600,DS_201,3.0,58,47,15.8,In-Progress
INT_0600,SEC_302,3.0,28,40,7.3,Dropped
INT_0600,AIML_302,2.5,34,40,12.7,Dropped
INT_0600,AIML_303,3.0,50,54,13.4,In-Progress
INT_0600,SEC_101,3.5,72,74,13.2,In-Progress
INT_0600,AIML_101,4.0,73,79,16.0,In-Progress
INT_0600,CLD_101,3.5,58,58,8.4,In-Progress
INT_0600,WEB_102,4.0,95,92,22.9,Completed
INT_0600,AIML_102,2.0,81,83,12.2,In-Progress
INT_0600,CLD_302,3.5,54,43,17.5,In-Progress
INT_0600,AIML_201,4.0,44,40,14.2,In-Progress
INT_0600,CLD_102,3.5,74,72,10.2,In-Progress
INT_0600,AIML_301,4.0,40,40,13.3,In-Progress
INT_0600,WEB_201,2.5,87,93,29.8,Completed
INT_0600,WEB_101,3.5,74,67,13.7,In-Progress
INT_0600,WEB_301,4.5,70,75,24.2,In-Progress
INT_0600,MOB_202,3.0,69,70,16.6,In-Progress
INT_0600,WEB_202,4.0,71,71,22.1,In-Progress
INT_0600,WEB_302,3.0,59,48,14.7,In-Progress
INT_0600,SEC_202,3.5,60,71,20.0,In-Progress
INT_0600,SEC_301,3.0,32,40,7.8,Dropped
INT_0600,MOB_101,4.5,74,69,14.6,In-Progress
